/*
 * Copyright (c) 1998 NeXT Software, Inc.
 *
 * SYM53c8Scripts.c - NCR SDMS / CAMcore image from SYM53c8_reloc.
 *
 * HISTORY
 *
 * Oct 1998	Created.
 *
 * Byte-exact dump of __DATA,__data (file offset 43356, length 40528).
 * The unnamed IDA hits (file offset 62956, length 10532) live inside
 * this blob; they are not C functions. The embedded option ROM
 * (55 AA) starts at blob offset 2688 (VA 43648, file 46044),
 * size 0x3A*512 = 29696. RAMcorePtr labels that image.
 */

/* __DATA,__data file offset 43356 length 40528 */
unsigned char SYM53c8Scripts[40528] = {
	0x00, 0x00, 0x00, 0x01, 0x18, 0x00, 0x00, 0x00, 0x00, 0x00, 0x00, 0x00, 0x00, 0x00, 0x00, 0x00,
	0x00, 0x00, 0x00, 0x00, 0x24, 0x23, 0x23, 0x00, 0x00, 0x00, 0x00, 0x00, 0x00, 0x00, 0x00, 0x00,
	0x00, 0x00, 0x00, 0x00, 0x00, 0x00, 0x00, 0x00, 0x00, 0x00, 0x00, 0x00, 0x00, 0x00, 0x00, 0x00,
	0x00, 0x00, 0x00, 0x00, 0x00, 0x00, 0x00, 0x00, 0x00, 0x00, 0x00, 0x00, 0x00, 0x00, 0x00, 0x00,
	0x00, 0x00, 0x00, 0x00, 0x00, 0x00, 0x00, 0x00, 0x00, 0x00, 0x00, 0x00, 0x00, 0x00, 0x00, 0x00,
	0x00, 0x00, 0x00, 0x00, 0x00, 0x00, 0x00, 0x00, 0x00, 0x00, 0x00, 0x00, 0x00, 0x00, 0x00, 0x00,
	0x00, 0x00, 0x00, 0x00, 0x00, 0x00, 0x00, 0x00, 0x00, 0x00, 0x00, 0x00, 0x00, 0x00, 0x00, 0x00,
	0x00, 0x00, 0x00, 0x00, 0x00, 0x00, 0x00, 0x00, 0x00, 0x00, 0x00, 0x00, 0x00, 0x00, 0x00, 0x00,
	0x00, 0x00, 0x00, 0x00, 0x00, 0x00, 0x00, 0x00, 0x00, 0x00, 0x00, 0x00, 0x00, 0x00, 0x00, 0x00,
	0x00, 0x00, 0x00, 0x00, 0x00, 0x00, 0x00, 0x00, 0x00, 0x00, 0x00, 0x00, 0x00, 0x00, 0x00, 0x00,
	0x00, 0x00, 0x00, 0x00, 0x00, 0x00, 0x00, 0x00, 0x00, 0x00, 0x00, 0x00, 0x00, 0x00, 0x00, 0x00,
	0x00, 0x00, 0x00, 0x00, 0x00, 0x00, 0x00, 0x00, 0x00, 0x00, 0x00, 0x00, 0x00, 0x00, 0x00, 0x00,
	0x00, 0x00, 0x00, 0x00, 0x00, 0x00, 0x00, 0x00, 0x00, 0x00, 0x00, 0x00, 0x00, 0x00, 0x00, 0x00,
	0x00, 0x00, 0x00, 0x00, 0x00, 0x00, 0x00, 0x00, 0x00, 0x00, 0x00, 0x00, 0x00, 0x00, 0x00, 0x00,
	0x00, 0x00, 0x00, 0x00, 0x00, 0x00, 0x00, 0x00, 0x00, 0x00, 0x00, 0x00, 0x00, 0x00, 0x00, 0x00,
	0x00, 0x00, 0x00, 0x00, 0x00, 0x00, 0x00, 0x00, 0x00, 0x00, 0x00, 0x00, 0x00, 0x00, 0x00, 0x00,
	0x00, 0x00, 0x00, 0x00, 0x00, 0x00, 0x00, 0x00, 0x00, 0x00, 0x00, 0x00, 0x00, 0x00, 0x00, 0x00,
	0x00, 0x00, 0x00, 0x00, 0x00, 0x00, 0x00, 0x00, 0x00, 0x00, 0x00, 0x00, 0x00, 0x00, 0x00, 0x00,
	0x00, 0x00, 0x00, 0x00, 0x00, 0x00, 0x00, 0x00, 0x00, 0x00, 0x00, 0x00, 0x00, 0x00, 0x00, 0x00,
	0x00, 0x00, 0x00, 0x00, 0x00, 0x00, 0x00, 0x00, 0x00, 0x00, 0x00, 0x00, 0x00, 0x00, 0x00, 0x00,
	0x00, 0x00, 0x00, 0x00, 0x00, 0x00, 0x00, 0x00, 0x00, 0x00, 0x00, 0x00, 0x00, 0x00, 0x00, 0x00,
	0x00, 0x00, 0x00, 0x00, 0x00, 0x00, 0x00, 0x00, 0x00, 0x00, 0x00, 0x00, 0x00, 0x00, 0x00, 0x00,
	0x00, 0x00, 0x00, 0x00, 0x00, 0x00, 0x00, 0x00, 0x00, 0x00, 0x00, 0x00, 0x00, 0x00, 0x00, 0x00,
	0x00, 0x00, 0x00, 0x00, 0x00, 0x00, 0x00, 0x00, 0x00, 0x00, 0x00, 0x00, 0x00, 0x00, 0x00, 0x00,
	0x00, 0x00, 0x00, 0x00, 0x00, 0x00, 0x00, 0x00, 0x00, 0x00, 0x00, 0x00, 0x00, 0x00, 0x00, 0x00,
	0x00, 0x00, 0x00, 0x00, 0x00, 0x00, 0x00, 0x00, 0x00, 0x00, 0x00, 0x00, 0x00, 0x00, 0x00, 0x00,
	0x00, 0x00, 0x00, 0x00, 0x00, 0x00, 0x00, 0x00, 0x00, 0x00, 0x00, 0x00, 0x00, 0x00, 0x00, 0x00,
	0x00, 0x00, 0x00, 0x00, 0x00, 0x00, 0x00, 0x00, 0x00, 0x00, 0x00, 0x00, 0x00, 0x00, 0x00, 0x00,
	0x00, 0x00, 0x00, 0x00, 0x00, 0x00, 0x00, 0x00, 0x00, 0x00, 0x00, 0x00, 0x00, 0x00, 0x00, 0x00,
	0x00, 0x00, 0x00, 0x00, 0x00, 0x00, 0x00, 0x00, 0x00, 0x00, 0x00, 0x00, 0x00, 0x00, 0x00, 0x00,
	0x00, 0x00, 0x00, 0x00, 0x00, 0x00, 0x00, 0x00, 0x00, 0x00, 0x00, 0x00, 0x00, 0x00, 0x00, 0x00,
	0x00, 0x00, 0x00, 0x00, 0x00, 0x00, 0x00, 0x00, 0x00, 0x00, 0x00, 0x00, 0x00, 0x00, 0x00, 0x00,
	0x00, 0x00, 0x00, 0x00, 0x00, 0x00, 0x00, 0x00, 0x00, 0x00, 0x00, 0x00, 0x00, 0x00, 0x00, 0x00,
	0x00, 0x00, 0x00, 0x00, 0x00, 0x00, 0x00, 0x00, 0x00, 0x00, 0x00, 0x00, 0x00, 0x00, 0x00, 0x00,
	0x00, 0x00, 0x00, 0x00, 0x00, 0x00, 0x00, 0x00, 0x00, 0x00, 0x00, 0x00, 0x00, 0x00, 0x00, 0x00,
	0x00, 0x00, 0x00, 0x00, 0x00, 0x00, 0x00, 0x00, 0x00, 0x00, 0x00, 0x00, 0x00, 0x00, 0x00, 0x00,
	0x00, 0x00, 0x00, 0x00, 0x00, 0x00, 0x00, 0x00, 0x00, 0x00, 0x00, 0x00, 0x00, 0x00, 0x00, 0x00,
	0x00, 0x00, 0x00, 0x00, 0x00, 0x00, 0x00, 0x00, 0x00, 0x00, 0x00, 0x00, 0x00, 0x00, 0x00, 0x00,
	0x00, 0x00, 0x00, 0x00, 0x00, 0x00, 0x00, 0x00, 0x00, 0x00, 0x00, 0x00, 0x00, 0x00, 0x00, 0x00,
	0x00, 0x00, 0x00, 0x00, 0x00, 0x00, 0x00, 0x00, 0x00, 0x00, 0x00, 0x00, 0x00, 0x00, 0x00, 0x00,
	0x00, 0x00, 0x00, 0x00, 0x00, 0x00, 0x00, 0x00, 0x00, 0x00, 0x00, 0x00, 0x00, 0x00, 0x00, 0x00,
	0x00, 0x00, 0x00, 0x00, 0x00, 0x00, 0x00, 0x00, 0x00, 0x00, 0x00, 0x00, 0x00, 0x00, 0x00, 0x00,
	0x00, 0x00, 0x00, 0x00, 0x00, 0x00, 0x00, 0x00, 0x00, 0x00, 0x00, 0x00, 0x00, 0x00, 0x00, 0x00,
	0x00, 0x00, 0x00, 0x00, 0x00, 0x00, 0x00, 0x00, 0x00, 0x00, 0x00, 0x00, 0x00, 0x00, 0x00, 0x00,
	0x00, 0x00, 0x00, 0x00, 0x00, 0x00, 0x00, 0x00, 0x00, 0x00, 0x00, 0x00, 0x00, 0x00, 0x00, 0x00,
	0x00, 0x00, 0x00, 0x00, 0x00, 0x00, 0x00, 0x00, 0x00, 0x00, 0x00, 0x00, 0x00, 0x00, 0x00, 0x00,
	0x00, 0x00, 0x00, 0x00, 0x00, 0x00, 0x00, 0x00, 0x00, 0x00, 0x00, 0x00, 0x00, 0x00, 0x00, 0x00,
	0x00, 0x00, 0x00, 0x00, 0x00, 0x00, 0x00, 0x00, 0x00, 0x00, 0x00, 0x00, 0x00, 0x00, 0x00, 0x00,
	0x00, 0x00, 0x00, 0x00, 0x00, 0x00, 0x00, 0x00, 0x00, 0x00, 0x00, 0x00, 0x00, 0x00, 0x00, 0x00,
	0x00, 0x00, 0x00, 0x00, 0x00, 0x00, 0x00, 0x00, 0x00, 0x00, 0x00, 0x00, 0x00, 0x00, 0x00, 0x00,
	0x00, 0x00, 0x00, 0x00, 0x00, 0x00, 0x00, 0x00, 0x00, 0x00, 0x00, 0x00, 0x00, 0x00, 0x00, 0x00,
	0x00, 0x00, 0x00, 0x00, 0x00, 0x00, 0x00, 0x00, 0x00, 0x00, 0x00, 0x00, 0x00, 0x00, 0x00, 0x00,
	0x00, 0x00, 0x00, 0x00, 0x00, 0x00, 0x00, 0x00, 0x00, 0x00, 0x00, 0x00, 0x00, 0x00, 0x00, 0x00,
	0x00, 0x00, 0x00, 0x00, 0x00, 0x00, 0x00, 0x00, 0x00, 0x00, 0x00, 0x00, 0x00, 0x00, 0x00, 0x00,
	0x00, 0x00, 0x00, 0x00, 0x00, 0x00, 0x00, 0x00, 0x00, 0x00, 0x00, 0x00, 0x00, 0x00, 0x00, 0x00,
	0x00, 0x00, 0x00, 0x00, 0x00, 0x00, 0x00, 0x00, 0x00, 0x00, 0x00, 0x00, 0x00, 0x00, 0x00, 0x00,
	0x00, 0x00, 0x00, 0x00, 0x00, 0x00, 0x00, 0x00, 0x00, 0x00, 0x00, 0x00, 0x00, 0x00, 0x00, 0x00,
	0x00, 0x00, 0x00, 0x00, 0x00, 0x00, 0x00, 0x00, 0x00, 0x00, 0x00, 0x00, 0x00, 0x00, 0x00, 0x00,
	0x00, 0x00, 0x00, 0x00, 0x00, 0x00, 0x00, 0x00, 0x00, 0x00, 0x00, 0x00, 0x00, 0x00, 0x00, 0x00,
	0x00, 0x00, 0x00, 0x00, 0x00, 0x00, 0x00, 0x00, 0x00, 0x00, 0x00, 0x00, 0x00, 0x00, 0x00, 0x00,
	0x00, 0x00, 0x00, 0x00, 0x00, 0x00, 0x00, 0x00, 0x00, 0x00, 0x00, 0x00, 0x00, 0x00, 0x00, 0x00,
	0x00, 0x00, 0x00, 0x00, 0x00, 0x00, 0x00, 0x00, 0x00, 0x00, 0x00, 0x00, 0x00, 0x00, 0x00, 0x00,
	0x00, 0x00, 0x00, 0x00, 0x00, 0x00, 0x00, 0x00, 0x00, 0x00, 0x00, 0x00, 0x00, 0x00, 0x00, 0x00,
	0x00, 0x00, 0x00, 0x00, 0x00, 0x00, 0x00, 0x00, 0x00, 0x00, 0x00, 0x00, 0x00, 0x00, 0x00, 0x00,
	0x00, 0x00, 0x00, 0x00, 0x00, 0x00, 0x00, 0x00, 0x00, 0x00, 0x00, 0x00, 0x00, 0x00, 0x00, 0x00,
	0x00, 0x00, 0x00, 0x00, 0x00, 0x00, 0x00, 0x00, 0x00, 0x00, 0x00, 0x00, 0x00, 0x00, 0x00, 0x00,
	0x00, 0x00, 0x00, 0x00, 0x00, 0x00, 0x00, 0x00, 0x00, 0x00, 0x00, 0x00, 0x00, 0x00, 0x00, 0x00,
	0x00, 0x00, 0x00, 0x00, 0x00, 0x00, 0x00, 0x00, 0x00, 0x00, 0x00, 0x00, 0x00, 0x00, 0x00, 0x00,
	0x00, 0x00, 0x00, 0x00, 0x00, 0x00, 0x00, 0x00, 0x00, 0x00, 0x00, 0x00, 0x00, 0x00, 0x00, 0x00,
	0x00, 0x00, 0x00, 0x00, 0x00, 0x00, 0x00, 0x00, 0x00, 0x00, 0x00, 0x00, 0x00, 0x00, 0x00, 0x00,
	0x00, 0x00, 0x00, 0x00, 0x00, 0x00, 0x00, 0x00, 0x00, 0x00, 0x00, 0x00, 0x00, 0x00, 0x00, 0x00,
	0x00, 0x00, 0x00, 0x00, 0x00, 0x00, 0x00, 0x00, 0x00, 0x00, 0x00, 0x00, 0x00, 0x00, 0x00, 0x00,
	0x00, 0x00, 0x00, 0x00, 0x00, 0x00, 0x00, 0x00, 0x00, 0x00, 0x00, 0x00, 0x00, 0x00, 0x00, 0x00,
	0x00, 0x00, 0x00, 0x00, 0x00, 0x00, 0x00, 0x00, 0x00, 0x00, 0x00, 0x00, 0x00, 0x00, 0x00, 0x00,
	0x00, 0x00, 0x00, 0x00, 0x00, 0x00, 0x00, 0x00, 0x00, 0x00, 0x00, 0x00, 0x00, 0x00, 0x00, 0x00,
	0x00, 0x00, 0x00, 0x00, 0x00, 0x00, 0x00, 0x00, 0x00, 0x00, 0x00, 0x00, 0x00, 0x00, 0x00, 0x00,
	0x00, 0x00, 0x00, 0x00, 0x00, 0x00, 0x00, 0x00, 0x00, 0x00, 0x00, 0x00, 0x00, 0x00, 0x00, 0x00,
	0x00, 0x00, 0x00, 0x00, 0x00, 0x00, 0x00, 0x00, 0x00, 0x00, 0x00, 0x00, 0x00, 0x00, 0x00, 0x00,
	0x00, 0x00, 0x00, 0x00, 0x00, 0x00, 0x00, 0x00, 0x00, 0x00, 0x00, 0x00, 0x00, 0x00, 0x00, 0x00,
	0x00, 0x00, 0x00, 0x00, 0x00, 0x00, 0x00, 0x00, 0x00, 0x00, 0x00, 0x00, 0x00, 0x00, 0x00, 0x00,
	0x00, 0x00, 0x00, 0x00, 0x00, 0x00, 0x00, 0x00, 0x00, 0x00, 0x00, 0x00, 0x00, 0x00, 0x00, 0x00,
	0x00, 0x00, 0x00, 0x00, 0x00, 0x00, 0x00, 0x00, 0x00, 0x00, 0x00, 0x00, 0x00, 0x00, 0x00, 0x00,
	0x00, 0x00, 0x00, 0x00, 0x00, 0x00, 0x00, 0x00, 0x00, 0x00, 0x00, 0x00, 0x00, 0x00, 0x00, 0x00,
	0x00, 0x00, 0x00, 0x00, 0x00, 0x00, 0x00, 0x00, 0x00, 0x00, 0x00, 0x00, 0x00, 0x00, 0x00, 0x00,
	0x00, 0x00, 0x00, 0x00, 0x00, 0x00, 0x00, 0x00, 0x00, 0x00, 0x00, 0x00, 0x00, 0x00, 0x00, 0x00,
	0x00, 0x00, 0x00, 0x00, 0x00, 0x00, 0x00, 0x00, 0x00, 0x00, 0x00, 0x00, 0x00, 0x00, 0x00, 0x00,
	0x00, 0x00, 0x00, 0x00, 0x00, 0x00, 0x00, 0x00, 0x00, 0x00, 0x00, 0x00, 0x00, 0x00, 0x00, 0x00,
	0x00, 0x00, 0x00, 0x00, 0x00, 0x00, 0x00, 0x00, 0x00, 0x00, 0x00, 0x00, 0x00, 0x00, 0x00, 0x00,
	0x00, 0x00, 0x00, 0x00, 0x00, 0x00, 0x00, 0x00, 0x00, 0x00, 0x00, 0x00, 0x00, 0x00, 0x00, 0x00,
	0x00, 0x00, 0x00, 0x00, 0x00, 0x00, 0x00, 0x00, 0x00, 0x00, 0x00, 0x00, 0x00, 0x00, 0x00, 0x00,
	0x00, 0x00, 0x00, 0x00, 0x00, 0x00, 0x00, 0x00, 0x00, 0x00, 0x00, 0x00, 0x00, 0x00, 0x00, 0x00,
	0x00, 0x00, 0x00, 0x00, 0x00, 0x00, 0x00, 0x00, 0x00, 0x00, 0x00, 0x00, 0x00, 0x00, 0x00, 0x00,
	0x00, 0x00, 0x00, 0x00, 0x00, 0x00, 0x00, 0x00, 0x00, 0x00, 0x00, 0x00, 0x00, 0x00, 0x00, 0x00,
	0x00, 0x00, 0x00, 0x00, 0x00, 0x00, 0x00, 0x00, 0x00, 0x00, 0x00, 0x00, 0x00, 0x00, 0x00, 0x00,
	0x00, 0x00, 0x00, 0x00, 0x00, 0x00, 0x00, 0x00, 0x00, 0x00, 0x00, 0x00, 0x00, 0x00, 0x00, 0x00,
	0x00, 0x00, 0x00, 0x00, 0x00, 0x00, 0x00, 0x00, 0x00, 0x00, 0x00, 0x00, 0x00, 0x00, 0x00, 0x00,
	0x00, 0x00, 0x00, 0x00, 0x00, 0x00, 0x00, 0x00, 0x00, 0x00, 0x00, 0x00, 0x00, 0x00, 0x00, 0x00,
	0x00, 0x00, 0x00, 0x00, 0x00, 0x00, 0x00, 0x00, 0x00, 0x00, 0x00, 0x00, 0x00, 0x00, 0x00, 0x00,
	0x00, 0x00, 0x00, 0x00, 0x00, 0x00, 0x00, 0x00, 0x00, 0x00, 0x00, 0x00, 0x00, 0x00, 0x00, 0x00,
	0x00, 0x00, 0x00, 0x00, 0x00, 0x00, 0x00, 0x00, 0x00, 0x00, 0x00, 0x00, 0x00, 0x00, 0x00, 0x00,
	0x00, 0x00, 0x00, 0x00, 0x00, 0x00, 0x00, 0x00, 0x00, 0x00, 0x00, 0x00, 0x00, 0x00, 0x00, 0x00,
	0x00, 0x00, 0x00, 0x00, 0x00, 0x00, 0x00, 0x00, 0x00, 0x00, 0x00, 0x00, 0x00, 0x00, 0x00, 0x00,
	0x00, 0x00, 0x00, 0x00, 0x00, 0x00, 0x00, 0x00, 0x00, 0x00, 0x00, 0x00, 0x00, 0x00, 0x00, 0x00,
	0x00, 0x00, 0x00, 0x00, 0x00, 0x00, 0x00, 0x00, 0x00, 0x00, 0x00, 0x00, 0x00, 0x00, 0x00, 0x00,
	0x00, 0x00, 0x00, 0x00, 0x00, 0x00, 0x00, 0x00, 0x00, 0x00, 0x00, 0x00, 0x00, 0x00, 0x00, 0x00,
	0x00, 0x00, 0x00, 0x00, 0x00, 0x00, 0x00, 0x00, 0x00, 0x00, 0x00, 0x00, 0x00, 0x00, 0x00, 0x00,
	0x00, 0x00, 0x00, 0x00, 0x00, 0x00, 0x00, 0x00, 0x00, 0x00, 0x00, 0x00, 0x00, 0x00, 0x00, 0x00,
	0x00, 0x00, 0x00, 0x00, 0x00, 0x00, 0x00, 0x00, 0x00, 0x00, 0x00, 0x00, 0x00, 0x00, 0x00, 0x00,
	0x00, 0x00, 0x00, 0x00, 0x00, 0x00, 0x00, 0x00, 0x00, 0x00, 0x00, 0x00, 0x00, 0x00, 0x00, 0x00,
	0x00, 0x00, 0x00, 0x00, 0x00, 0x00, 0x00, 0x00, 0x00, 0x00, 0x00, 0x00, 0x00, 0x00, 0x00, 0x00,
	0x00, 0x00, 0x00, 0x00, 0x00, 0x00, 0x00, 0x00, 0x00, 0x00, 0x00, 0x00, 0x00, 0x00, 0x00, 0x00,
	0x00, 0x00, 0x00, 0x00, 0x00, 0x00, 0x00, 0x00, 0x00, 0x00, 0x00, 0x00, 0x00, 0x00, 0x00, 0x00,
	0x00, 0x00, 0x00, 0x00, 0x00, 0x00, 0x00, 0x00, 0x00, 0x00, 0x00, 0x00, 0x00, 0x00, 0x00, 0x00,
	0x00, 0x00, 0x00, 0x00, 0x00, 0x00, 0x00, 0x00, 0x00, 0x00, 0x00, 0x00, 0x00, 0x00, 0x00, 0x00,
	0x00, 0x00, 0x00, 0x00, 0x00, 0x00, 0x00, 0x00, 0x00, 0x00, 0x00, 0x00, 0x00, 0x00, 0x00, 0x00,
	0x00, 0x00, 0x00, 0x00, 0x00, 0x00, 0x00, 0x00, 0x00, 0x00, 0x00, 0x00, 0x00, 0x00, 0x00, 0x00,
	0x00, 0x00, 0x00, 0x00, 0x00, 0x00, 0x00, 0x00, 0x00, 0x00, 0x00, 0x00, 0x00, 0x00, 0x00, 0x00,
	0x00, 0x00, 0x00, 0x00, 0x00, 0x00, 0x00, 0x00, 0x00, 0x00, 0x00, 0x00, 0x00, 0x00, 0x00, 0x00,
	0x00, 0x00, 0x00, 0x00, 0x00, 0x00, 0x00, 0x00, 0x00, 0x00, 0x00, 0x00, 0x00, 0x00, 0x00, 0x00,
	0x00, 0x00, 0x00, 0x00, 0x00, 0x00, 0x00, 0x00, 0x00, 0x00, 0x00, 0x00, 0x00, 0x00, 0x00, 0x00,
	0x00, 0x00, 0x00, 0x00, 0x00, 0x00, 0x00, 0x00, 0x00, 0x00, 0x00, 0x00, 0x00, 0x00, 0x00, 0x00,
	0x00, 0x00, 0x00, 0x00, 0x00, 0x00, 0x00, 0x00, 0x00, 0x00, 0x00, 0x00, 0x00, 0x00, 0x00, 0x00,
	0x00, 0x00, 0x00, 0x00, 0x00, 0x00, 0x00, 0x00, 0x00, 0x00, 0x00, 0x00, 0x00, 0x00, 0x00, 0x00,
	0x00, 0x00, 0x00, 0x00, 0x00, 0x00, 0x00, 0x00, 0x00, 0x00, 0x00, 0x00, 0x00, 0x00, 0x00, 0x00,
	0x00, 0x00, 0x00, 0x00, 0x00, 0x00, 0x00, 0x00, 0x00, 0x00, 0x00, 0x00, 0x00, 0x00, 0x00, 0x00,
	0x00, 0x00, 0x00, 0x00, 0x00, 0x00, 0x00, 0x00, 0x00, 0x00, 0x00, 0x00, 0x00, 0x00, 0x00, 0x00,
	0x00, 0x00, 0x00, 0x00, 0x00, 0x00, 0x00, 0x00, 0x00, 0x00, 0x00, 0x00, 0x00, 0x00, 0x00, 0x00,
	0x00, 0x00, 0x00, 0x00, 0x00, 0x00, 0x00, 0x00, 0x00, 0x00, 0x00, 0x00, 0x00, 0x00, 0x00, 0x00,
	0x00, 0x00, 0x00, 0x00, 0x00, 0x00, 0x00, 0x00, 0x00, 0x00, 0x00, 0x00, 0x00, 0x00, 0x00, 0x00,
	0x00, 0x00, 0x00, 0x00, 0x00, 0x00, 0x00, 0x00, 0x00, 0x00, 0x00, 0x00, 0x00, 0x00, 0x00, 0x00,
	0x00, 0x00, 0x00, 0x00, 0x00, 0x00, 0x00, 0x00, 0x00, 0x00, 0x00, 0x00, 0x00, 0x00, 0x00, 0x00,
	0x00, 0x00, 0x00, 0x00, 0x00, 0x00, 0x00, 0x00, 0x00, 0x00, 0x00, 0x00, 0x00, 0x00, 0x00, 0x00,
	0x00, 0x00, 0x00, 0x00, 0x00, 0x00, 0x00, 0x00, 0x00, 0x00, 0x00, 0x00, 0x00, 0x00, 0x00, 0x00,
	0x00, 0x00, 0x00, 0x00, 0x00, 0x00, 0x00, 0x00, 0x00, 0x00, 0x00, 0x00, 0x00, 0x00, 0x00, 0x00,
	0x00, 0x00, 0x00, 0x00, 0x00, 0x00, 0x00, 0x00, 0x00, 0x00, 0x00, 0x00, 0x00, 0x00, 0x00, 0x00,
	0x00, 0x00, 0x00, 0x00, 0x00, 0x00, 0x00, 0x00, 0x00, 0x00, 0x00, 0x00, 0x00, 0x00, 0x00, 0x00,
	0x00, 0x00, 0x00, 0x00, 0x00, 0x00, 0x00, 0x00, 0x00, 0x00, 0x00, 0x00, 0x00, 0x00, 0x00, 0x00,
	0x00, 0x00, 0x00, 0x00, 0x00, 0x00, 0x00, 0x00, 0x00, 0x00, 0x00, 0x00, 0x00, 0x00, 0x00, 0x00,
	0x00, 0x00, 0x00, 0x00, 0x00, 0x00, 0x00, 0x00, 0x00, 0x00, 0x00, 0x00, 0x00, 0x00, 0x00, 0x00,
	0x00, 0x00, 0x00, 0x00, 0x00, 0x00, 0x00, 0x00, 0x00, 0x00, 0x00, 0x00, 0x00, 0x00, 0x00, 0x00,
	0x00, 0x00, 0x00, 0x00, 0x00, 0x00, 0x00, 0x00, 0x00, 0x00, 0x00, 0x00, 0x00, 0x00, 0x00, 0x00,
	0x00, 0x00, 0x00, 0x00, 0x63, 0x46, 0x52, 0x75, 0x6e, 0x3a, 0x20, 0x50, 0x61, 0x72, 0x69, 0x74,
	0x79, 0x20, 0x45, 0x72, 0x72, 0x6f, 0x72, 0x00, 0x00, 0x00, 0x00, 0x00, 0x00, 0x00, 0x00, 0x00,
	0x00, 0x00, 0x43, 0x46, 0x52, 0x75, 0x6e, 0x3a, 0x20, 0x50, 0x68, 0x61, 0x73, 0x65, 0x20, 0x4d,
	0x69, 0x73, 0x6d, 0x61, 0x74, 0x63, 0x68, 0x00, 0x00, 0x00, 0x00, 0x00, 0x00, 0x00, 0x00, 0x00,
	0x63, 0x46, 0x52, 0x75, 0x6e, 0x3a, 0x20, 0x49, 0x6e, 0x76, 0x61, 0x6c, 0x69, 0x64, 0x20, 0x69,
	0x63, 0x6f, 0x64, 0x65, 0x20, 0x28, 0x23, 0x32, 0x29, 0x00, 0x00, 0x00, 0x00, 0x00, 0x63, 0x46,
	0x52, 0x75, 0x6e, 0x3a, 0x20, 0x49, 0x6e, 0x76, 0x61, 0x6c, 0x69, 0x64, 0x20, 0x69, 0x63, 0x6f,
	0x64, 0x65, 0x20, 0x28, 0x23, 0x33, 0x29, 0x00, 0x00, 0x00, 0x00, 0x00, 0x63, 0x46, 0x53, 0x65,
	0x74, 0x53, 0x79, 0x6e, 0x63, 0x00, 0x00, 0x00, 0x00, 0x00, 0x00, 0x00, 0x00, 0x00, 0x00, 0x00,
	0x00, 0x00, 0x00, 0x00, 0x00, 0x00, 0x00, 0x00, 0x00, 0x00, 0x63, 0x46, 0x47, 0x65, 0x74, 0x4d,
	0x73, 0x67, 0x42, 0x79, 0x74, 0x65, 0x00, 0x00, 0x00, 0x00, 0x00, 0x00, 0x00, 0x00, 0x00, 0x00,
	0x00, 0x00, 0x00, 0x00, 0x00, 0x00, 0x00, 0x00, 0x63, 0x46, 0x4d, 0x73, 0x67, 0x52, 0x65, 0x73,
	0x70, 0x6f, 0x6e, 0x73, 0x65, 0x00, 0x00, 0x00, 0x00, 0x00, 0x00, 0x00, 0x00, 0x00, 0x00, 0x00,
	0x00, 0x00, 0x00, 0x00, 0x00, 0x00, 0x63, 0x46, 0x53, 0x65, 0x6e, 0x64, 0x4d, 0x73, 0x67, 0x20,
	0x28, 0x23, 0x37, 0x29, 0x00, 0x00, 0x00, 0x00, 0x00, 0x00, 0x00, 0x00, 0x00, 0x00, 0x00, 0x00,
	0x00, 0x00, 0x00, 0x00, 0x63, 0x46, 0x53, 0x65, 0x6e, 0x64, 0x4d, 0x73, 0x67, 0x20, 0x28, 0x23,
	0x38, 0x29, 0x00, 0x00, 0x00, 0x00, 0x00, 0x00, 0x00, 0x00, 0x00, 0x00, 0x00, 0x00, 0x00, 0x00,
	0x00, 0x00, 0x63, 0x46, 0x53, 0x65, 0x6e, 0x64, 0x4d, 0x73, 0x67, 0x20, 0x28, 0x23, 0x39, 0x29,
	0x00, 0x00, 0x00, 0x00, 0x00, 0x00, 0x00, 0x00, 0x00, 0x00, 0x00, 0x00, 0x00, 0x00, 0x00, 0x00,
	0x63, 0x46, 0x53, 0x65, 0x6e, 0x64, 0x4d, 0x73, 0x67, 0x20, 0x28, 0x23, 0x31, 0x30, 0x29, 0x00,
	0x00, 0x00, 0x00, 0x00, 0x00, 0x00, 0x00, 0x00, 0x00, 0x00, 0x00, 0x00, 0x00, 0x00, 0x63, 0x46,
	0x52, 0x75, 0x6e, 0x3a, 0x20, 0x53, 0x43, 0x53, 0x49, 0x20, 0x47, 0x72, 0x6f, 0x73, 0x73, 0x20,
	0x45, 0x72, 0x72, 0x6f, 0x72, 0x00, 0x00, 0x00, 0x00, 0x00, 0x00, 0x00, 0x63, 0x46, 0x52, 0x75,
	0x6e, 0x3a, 0x20, 0x55, 0x6e, 0x65, 0x78, 0x70, 0x65, 0x63, 0x74, 0x65, 0x64, 0x20, 0x44, 0x69,
	0x73, 0x63, 0x6f, 0x6e, 0x6e, 0x65, 0x63, 0x74, 0x00, 0x00, 0x55, 0x6e, 0x6b, 0x6e, 0x6f, 0x77,
	0x6e, 0x20, 0x70, 0x34, 0x00, 0x00, 0x00, 0x00, 0x00, 0x00, 0x00, 0x00, 0x00, 0x00, 0x00, 0x00,
	0x00, 0x00, 0x00, 0x00, 0x00, 0x00, 0x00, 0x00, 0x00, 0x00, 0x0c, 0x00, 0x00, 0x00, 0x00, 0x00,
	0x55, 0xaa, 0x3a, 0xe9, 0x69, 0x02, 0x00, 0x00, 0x00, 0x00, 0x00, 0x00, 0x50, 0x43, 0x00, 0x30,
	0x00, 0x09, 0x07, 0x00, 0x00, 0x01, 0x00, 0x00, 0xc5, 0x3f, 0x0d, 0x0d, 0x43, 0x6f, 0x70, 0x79,
	0x72, 0x69, 0x67, 0x68, 0x74, 0x20, 0x31, 0x39, 0x39, 0x33, 0x20, 0x4e, 0x43, 0x52, 0x20, 0x43,
	0x6f, 0x72, 0x70, 0x6f, 0x72, 0x61, 0x74, 0x69, 0x6f, 0x6e, 0x2e, 0x20, 0x20, 0x20, 0x20, 0x20,
	0x20, 0x20, 0x20, 0x20, 0x20, 0x20, 0x20, 0x20, 0x20, 0x20, 0x20, 0x20, 0x20, 0x00, 0x00, 0x00,
	0x00, 0x00, 0xd4, 0x00, 0x00, 0x42, 0x41, 0x4c, 0x4c, 0x41, 0x52, 0x44, 0x5f, 0x53, 0x59, 0x4e,
	0x45, 0x52, 0x47, 0x59, 0x5f, 0x52, 0x4f, 0x4d, 0x5f, 0x53, 0x49, 0x4d, 0x00, 0x00, 0x01, 0x16,
	0x01, 0x03, 0x00, 0x00, 0x00, 0x00, 0x00, 0x00, 0x00, 0x00, 0x00, 0x00, 0x00, 0x00, 0x0c, 0x68,
	0x01, 0x4e, 0x43, 0x52, 0x35, 0x33, 0x37, 0x31, 0x30, 0xe0, 0x3f, 0xc9, 0x22, 0x00, 0x00, 0x55,
	0x00, 0x00, 0x00, 0x00, 0x80, 0x00, 0x00, 0xce, 0x01, 0x00, 0x00, 0x44, 0x02, 0x00, 0x00, 0x00,
	0x00, 0x00, 0x00, 0x00, 0x00, 0x00, 0x00, 0x00, 0x10, 0x00, 0x00, 0x00, 0x00, 0x00, 0x00, 0x32,
	0x28, 0x01, 0x00, 0x00, 0x00, 0x00, 0x00, 0x00, 0x00, 0x00, 0x00, 0x00, 0x00, 0x00, 0x00, 0x00,
	0x00, 0x00, 0x00, 0x00, 0x00, 0x00, 0x00, 0x00, 0x00, 0x00, 0x00, 0x00, 0x00, 0x00, 0x00, 0x00,
	0x00, 0x00, 0x00, 0x00, 0x00, 0x00, 0x00, 0x00, 0x00, 0x00, 0x00, 0x00, 0x00, 0x00, 0x00, 0x00,
	0x00, 0x00, 0x00, 0x00, 0x00, 0x00, 0x00, 0x00, 0x00, 0x00, 0x00, 0x00, 0x00, 0x00, 0x00, 0x00,
	0x00, 0x00, 0x00, 0x00, 0x00, 0x00, 0x00, 0x00, 0x00, 0x00, 0x00, 0x00, 0x00, 0x00, 0x00, 0x00,
	0x00, 0x00, 0x00, 0x00, 0x00, 0x00, 0x00, 0x00, 0x00, 0x00, 0x00, 0x00, 0x00, 0x00, 0x00, 0x00,
	0x00, 0x00, 0x0a, 0x0d, 0x00, 0x00, 0x4e, 0x43, 0x52, 0x20, 0x53, 0x44, 0x4d, 0x53, 0x20, 0x28,
	0x54, 0x4d, 0x29, 0x20, 0x56, 0x33, 0x2e, 0x30, 0x20, 0x50, 0x43, 0x49, 0x20, 0x53, 0x43, 0x53,
	0x49, 0x20, 0x42, 0x49, 0x4f, 0x53, 0x2c, 0x20, 0x50, 0x43, 0x49, 0x20, 0x52, 0x65, 0x76, 0x2e,
	0x20, 0x32, 0x2e, 0x30, 0x00, 0x00, 0x00, 0x00, 0x00, 0x00, 0x00, 0x00, 0x00, 0x00, 0x00, 0x00,
	0x00, 0x00, 0x00, 0x00, 0x00, 0x00, 0x00, 0x00, 0x00, 0x00, 0x00, 0x00, 0x00, 0x00, 0x00, 0x00,
	0x00, 0x00, 0x00, 0x00, 0x00, 0x00, 0x00, 0x00, 0x4e, 0x43, 0x52, 0x50, 0x43, 0x49, 0x2d, 0x33,
	0x2e, 0x30, 0x37, 0x2e, 0x30, 0x30, 0x20, 0x20, 0x00, 0x00, 0x00, 0x00, 0x00, 0x00, 0x00, 0x00,
	0x00, 0x00, 0x00, 0x00, 0x00, 0x00, 0x00, 0x00, 0x00, 0x00, 0x00, 0x00, 0x00, 0x00, 0x00, 0x00,
	0x00, 0x00, 0x00, 0x00, 0x00, 0x00, 0x00, 0x00, 0x00, 0x00, 0x00, 0x00, 0x00, 0x00, 0x00, 0x00,
	0x00, 0x00, 0x00, 0x00, 0x00, 0x00, 0x00, 0x00, 0x00, 0x00, 0x00, 0x00, 0x00, 0x00, 0x00, 0x00,
	0x00, 0x00, 0x00, 0x00, 0x00, 0x00, 0x00, 0x00, 0x00, 0x00, 0x58, 0x51, 0x52, 0x56, 0x57, 0x1e,
	0x06, 0x53, 0xff, 0xe0, 0x58, 0x5b, 0x07, 0x1f, 0x5f, 0x5e, 0x5a, 0x59, 0xff, 0xe0, 0x55, 0x8b,
	0xec, 0x83, 0xec, 0x04, 0xe8, 0xe3, 0xff, 0x8e, 0x5e, 0x08, 0xc4, 0x5e, 0x06, 0x26, 0x80, 0x7f,
	0x1b, 0x00, 0x75, 0x0a, 0xc4, 0x5e, 0x0a, 0x26, 0x80, 0x7f, 0x02, 0x02, 0x75, 0x23, 0x66, 0x52,
	0x66, 0x50, 0x06, 0x53, 0xff, 0x76, 0x08, 0xff, 0x76, 0x06, 0xe8, 0x3c, 0x26, 0x89, 0x46, 0xfe,
	0x89, 0x56, 0xfc, 0x83, 0xc4, 0x08, 0x66, 0x58, 0x66, 0x5a, 0xe8, 0xb7, 0xff, 0x5a, 0x58, 0x5d,
	0xcb, 0x26, 0x80, 0x7f, 0x02, 0x05, 0x75, 0x13, 0xb8, 0xe2, 0x38, 0x66, 0x52, 0x66, 0x50, 0x06,
	0x53, 0xff, 0x76, 0x08, 0xff, 0x76, 0x06, 0xff, 0xd0, 0xeb, 0xd2, 0x26, 0x80, 0x7f, 0x02, 0x22,
	0x75, 0x05, 0xb8, 0x97, 0x25, 0xeb, 0xe4, 0x26, 0xc6, 0x47, 0x03, 0x06, 0xe8, 0x85, 0xff, 0x83,
	0xc4, 0x04, 0x5d, 0xcb, 0x55, 0x8b, 0xec, 0x83, 0xec, 0x04, 0xe8, 0x6d, 0xff, 0x8e, 0x5e, 0x08,
	0x66, 0x52, 0x66, 0x50, 0x1e, 0xff, 0x76, 0x06, 0xe8, 0x08, 0x26, 0x83, 0xc4, 0x04, 0x89, 0x46,
	0xfe, 0x89, 0x56, 0xfc, 0x66, 0x58, 0x66, 0x5a, 0xe8, 0x59, 0xff, 0x5a, 0x58, 0x5d, 0xcb, 0x50,
	0xe8, 0x47, 0xff, 0x33, 0xc0, 0x48, 0x75, 0xfd, 0x8e, 0xd8, 0xa0, 0x17, 0x04, 0x24, 0x03, 0x74,
	0x03, 0xe9, 0x78, 0x01, 0xb8, 0x12, 0x01, 0x0e, 0x50, 0xe8, 0x20, 0x36, 0x83, 0xc4, 0x02, 0xb8,
	0x16, 0x01, 0x50, 0xe8, 0x16, 0x36, 0x83, 0xc4, 0x02, 0xb8, 0x1a, 0x00, 0x50, 0xe8, 0x0c, 0x36,
	0x83, 0xc4, 0x02, 0xb8, 0x68, 0x01, 0x50, 0xe8, 0x02, 0x36, 0x83, 0xc4, 0x04, 0x33, 0xc0, 0x8e,
	0xd8, 0xa1, 0x13, 0x04, 0x2d, 0x03, 0x00, 0xb1, 0x06, 0xd3, 0xe0, 0x8e, 0xd8, 0x8e, 0xc0, 0x33,
	0xff, 0xb9, 0x00, 0x0c, 0x33, 0xc0, 0xfc, 0xf3, 0xaa, 0x8c, 0x1e, 0xfe, 0x0b, 0x8c, 0x1e, 0x61,
	0x00, 0x8c, 0x0e, 0x3c, 0x00, 0x8c, 0x16, 0x18, 0x00, 0x89, 0x26, 0x16, 0x00, 0x8e, 0x16, 0xfe,
	0x0b, 0xbc, 0xfe, 0x0b, 0x2e, 0x83, 0x3e, 0x74, 0x00, 0x00, 0x74, 0x25, 0x2e, 0x8b, 0x16, 0x75,
	0x00, 0xb1, 0x0c, 0xd3, 0xe2, 0x2e, 0xa1, 0x73, 0x00, 0xb1, 0x04, 0xd1, 0xe8, 0xd1, 0xe8, 0xd1,
	0xe8, 0xd1, 0xe8, 0x03, 0xc2, 0x50, 0x2e, 0xa1, 0x73, 0x00, 0x25, 0x0f, 0x00, 0x50, 0xeb, 0x07,
	0x90, 0x0e, 0x2e, 0xff, 0x36, 0x77, 0x00, 0x8c, 0xd8, 0x8b, 0xd0, 0xb1, 0x0c, 0xd3, 0xea, 0xb1,
	0x04, 0xd3, 0xe0, 0x52, 0x50, 0x8c, 0xc8, 0x8b, 0xd0, 0xb1, 0x0c, 0xd3, 0xea, 0xb1, 0x04, 0xd3,
	0xe0, 0x52, 0x50, 0x0e, 0x33, 0xc0, 0x50, 0xe8, 0x7b, 0x2b, 0x83, 0xc4, 0x10, 0x9c, 0xfa, 0x1e,
	0x8e, 0x1e, 0x40, 0x00, 0x1e, 0x33, 0xc0, 0x50, 0xe8, 0x4d, 0x1b, 0x83, 0xc4, 0x04, 0x0b, 0xc0,
	0x74, 0x0f, 0x1f, 0x9d, 0x8e, 0x16, 0x18, 0x00, 0x8b, 0x26, 0x16, 0x00, 0xe8, 0x65, 0xfe, 0x58,
	0xcb, 0xa0, 0x04, 0x00, 0x32, 0xe4, 0x1f, 0x0a, 0xc0, 0x74, 0x07, 0x50, 0xe8, 0x90, 0x02, 0x83,
	0xc4, 0x02, 0x9d, 0x8c, 0xd8, 0x8b, 0xd0, 0xb1, 0x0c, 0xd3, 0xea, 0xb1, 0x04, 0xd3, 0xe0, 0x52,
	0x50, 0xe8, 0x98, 0x2b, 0x83, 0xc4, 0x04, 0x0b, 0xc0, 0x74, 0x69, 0x33, 0xdb, 0x8e, 0xc3, 0x26,
	0x83, 0x2e, 0x13, 0x04, 0x03, 0x50, 0x26, 0xa1, 0x13, 0x04, 0x25, 0x03, 0x00, 0x58, 0x75, 0x06,
	0x26, 0x83, 0x2e, 0x13, 0x04, 0x01, 0x26, 0x80, 0x3e, 0x75, 0x04, 0x00, 0x75, 0x14, 0x26, 0x8b,
	0x1e, 0x4c, 0x00, 0x26, 0x89, 0x1e, 0x00, 0x01, 0x26, 0x8b, 0x1e, 0x4e, 0x00, 0x26, 0x89, 0x1e,
	0x02, 0x01, 0x26, 0x02, 0x06, 0x75, 0x04, 0x26, 0xa2, 0x75, 0x04, 0x26, 0xa1, 0x4c, 0x00, 0xa3,
	0x1a, 0x00, 0x26, 0xa1, 0x4e, 0x00, 0xa3, 0x1c, 0x00, 0xb0, 0x9a, 0xa2, 0x10, 0x00, 0xc7, 0x06,
	0x11, 0x00, 0x01, 0x04, 0x8c, 0x0e, 0x13, 0x00, 0x26, 0xc7, 0x06, 0x4c, 0x00, 0x10, 0x00, 0x26,
	0x8c, 0x1e, 0x4e, 0x00, 0x8e, 0x16, 0x18, 0x00, 0x8b, 0x26, 0x16, 0x00, 0xe8, 0xc5, 0xfd, 0x58,
	0xcb, 0x55, 0x8b, 0xec, 0x80, 0xfc, 0xc1, 0x74, 0x22, 0x80, 0xfa, 0x00, 0x74, 0x05, 0x80, 0xfa,
	0x01, 0x75, 0x18, 0x50, 0x06, 0x33, 0xc0, 0x8e, 0xc0, 0x26, 0xa1, 0x00, 0x01, 0x89, 0x46, 0x02,
	0x26, 0xa1, 0x02, 0x01, 0x89, 0x46, 0x04, 0x07, 0x58, 0x5d, 0xcb, 0x50, 0xe8, 0x8b, 0xfd, 0x8e,
	0x5e, 0x04, 0x8b, 0x46, 0xfe, 0x80, 0xfc, 0xc1, 0x75, 0x14, 0x3b, 0x0e, 0x3c, 0x00, 0x75, 0x33,
	0x89, 0x1e, 0x42, 0x00, 0x8c, 0x06, 0x44, 0x00, 0xa2, 0x46, 0x00, 0xe9, 0xaf, 0x00, 0x80, 0xfc,
	0xc2, 0x75, 0x23, 0x3b, 0x0e, 0x3c, 0x00, 0x75, 0x1a, 0xa1, 0x1e, 0x00, 0x89, 0x46, 0xfe, 0xc7,
	0x46, 0xf0, 0x6c, 0x6c, 0xa1, 0x3c, 0x00, 0x89, 0x46, 0xfc, 0xa1, 0x61, 0x00, 0x89, 0x46, 0xfa,
	0xe9, 0x8a, 0x00, 0xe9, 0x90, 0x00, 0x80, 0xfc, 0x00, 0x75, 0x18, 0x80, 0xfa, 0x80, 0x75, 0x11,
	0x50, 0x8b, 0x46, 0x0a, 0x25, 0xfe, 0xff, 0x0d, 0x00, 0x02, 0x89, 0x46, 0x0a, 0x58, 0xeb, 0x6d,
	0x90, 0x8a, 0xd0, 0x80, 0xfa, 0x80, 0x72, 0xdb, 0xbe, 0x49, 0x00, 0x80, 0xea, 0x80, 0x32, 0xf6,
	0x83, 0xfa, 0x17, 0x7f, 0xce, 0x03, 0xf2, 0x80, 0x3c, 0xff, 0x74, 0x5a, 0x66, 0x52, 0x66, 0x50,
	0x8c, 0xd0, 0x8c, 0x16, 0x18, 0x00, 0x89, 0x26, 0x16, 0x00, 0x8e, 0x16, 0xfe, 0x0b, 0xbc, 0xfe,
	0x0b, 0x1e, 0x07, 0xbf, 0x20, 0x00, 0x8e, 0xd8, 0x8b, 0xf5, 0x83, 0xee, 0x10, 0xb9, 0x1c, 0x00,
	0x51, 0x1e, 0x56, 0x57, 0xfc, 0xf3, 0xa4, 0x06, 0x1f, 0xfb, 0xe8, 0x07, 0x30, 0x5e, 0x5f, 0x07,
	0x59, 0xf3, 0xa4, 0x8e, 0x16, 0x18, 0x00, 0x8b, 0x26, 0x16, 0x00, 0x0b, 0xc0, 0x74, 0x07, 0x66,
	0x58, 0x66, 0x5a, 0xeb, 0x08, 0x90, 0x66, 0x58, 0x66, 0x5a, 0xeb, 0x0a, 0x90, 0xe8, 0xc4, 0xfc,
	0x58, 0x5d, 0x83, 0xc4, 0x04, 0xcf, 0xb8, 0x59, 0xec, 0xbb, 0x00, 0xf0, 0x80, 0x3e, 0x15, 0x00,
	0x00, 0x75, 0x07, 0xa1, 0x1a, 0x00, 0x8b, 0x1e, 0x1c, 0x00, 0x80, 0x7e, 0xff, 0x08, 0x74, 0x0c,
	0x89, 0x46, 0x02, 0x89, 0x5e, 0x04, 0xe8, 0x9b, 0xfc, 0x58, 0x5d, 0xcb, 0x83, 0xc4, 0x04, 0x8f,
	0x46, 0x04, 0x5e, 0x5e, 0x5a, 0x83, 0xc4, 0x04, 0xff, 0x76, 0x0a, 0x0e, 0xb9, 0x45, 0x05, 0x51,
	0x53, 0x50, 0xb4, 0x08, 0xcb, 0x9c, 0x8f, 0x46, 0x0a, 0x50, 0x1e, 0xb8, 0x00, 0x00, 0x8e, 0xd8,
	0x8a, 0x16, 0x75, 0x04, 0x1f, 0x58, 0x5d, 0x83, 0xc4, 0x02, 0x1f, 0xcf, 0xb8, 0x05, 0x81, 0xeb,
	0x04, 0x90, 0xb8, 0x06, 0x81, 0x1e, 0x07, 0x57, 0xbf, 0x63, 0x00, 0xba, 0x00, 0x00, 0xcd, 0x4b,
	0x72, 0x02, 0x33, 0xc0, 0x5f, 0xc3, 0x1e, 0x07, 0x8c, 0xc0, 0x57, 0xbf, 0x63, 0x00, 0x8b, 0xdf,
	0x26, 0xc7, 0x07, 0x00, 0x0c, 0x26, 0xc7, 0x47, 0x02, 0x00, 0x00, 0x26, 0xc7, 0x47, 0x04, 0x00,
	0x00, 0x26, 0xc7, 0x47, 0x06, 0x00, 0x00, 0x26, 0x89, 0x47, 0x08, 0x26, 0xc7, 0x47, 0x0a, 0x00,
	0x00, 0xb8, 0x03, 0x81, 0xba, 0x00, 0x00, 0xcd, 0x4b, 0x72, 0x02, 0x33, 0xc0, 0x5f, 0xc3, 0xb8,
	0x07, 0x81, 0x55, 0x8b, 0xec, 0x57, 0x9c, 0xfb, 0x1e, 0x07, 0xbf, 0x63, 0x00, 0x8b, 0x56, 0x04,
	0x50, 0x58, 0x50, 0xcd, 0x4b, 0x72, 0xfa, 0x58, 0x9d, 0x5f, 0x5d, 0xc3, 0xb8, 0x08, 0x81, 0x55,
	0x8b, 0xec, 0x57, 0x1e, 0x07, 0xbf, 0x63, 0x00, 0x8b, 0x56, 0x04, 0xcd, 0x4b, 0x5f, 0x5d, 0xc3,
	0xb8, 0x0b, 0x81, 0x33, 0xd2, 0x8e, 0x06, 0x40, 0x00, 0x26, 0x8a, 0x1e, 0x05, 0x00, 0x32, 0xff,
	0xcd, 0x4b, 0xc3, 0xb8, 0x0c, 0x81, 0xeb, 0xeb, 0x8c, 0xd8, 0x5b, 0x1f, 0x1e, 0xff, 0xe3, 0x55,
	0x8b, 0xec, 0x51, 0x9c, 0xfa, 0xb0, 0x20, 0xe6, 0x20, 0x8a, 0x4e, 0x04, 0xb4, 0x01, 0x80, 0xf9,
	0x08, 0x7d, 0x0f, 0xd2, 0xe4, 0xe4, 0x21, 0xeb, 0x00, 0xeb, 0x00, 0x0a, 0xc4, 0xe6, 0x21, 0xeb,
	0x14, 0x90, 0xb0, 0x20, 0xe6, 0xa0, 0x80, 0xe1, 0x07, 0xd2, 0xe4, 0xe4, 0xa1, 0xeb, 0x00, 0xeb,
	0x00, 0x0a, 0xc4, 0xe6, 0xa1, 0x9d, 0x59, 0x5d, 0xc3, 0x55, 0x8b, 0xec, 0x56, 0x8b, 0x76, 0x04,
	0x8b, 0x54, 0x20, 0x83, 0xc2, 0x40, 0xb0, 0x8f, 0xee, 0x8b, 0x54, 0x20, 0x83, 0xc2, 0x41, 0xb0,
	0x06, 0xee, 0x8b, 0x54, 0x20, 0x83, 0xc2, 0x39, 0xb0, 0x15, 0xee, 0x5e, 0x5d, 0xc3, 0xc8, 0x0e,
	0x00, 0x00, 0x56, 0x57, 0x8b, 0x7e, 0x04, 0x8c, 0x5e, 0xf6, 0x89, 0x7e, 0xf4, 0x80, 0xbd, 0x98,
	0x02, 0x00, 0x74, 0x03, 0xe9, 0xf2, 0x02, 0x66, 0x8b, 0x45, 0x1c, 0x66, 0xc1, 0xe8, 0x10, 0x50,
	0xe8, 0xd8, 0x31, 0x59, 0x89, 0x46, 0xf2, 0x8b, 0x46, 0xf6, 0x8b, 0x56, 0xf4, 0x81, 0xc2, 0xbc,
	0x02, 0xc4, 0x5e, 0xf4, 0x26, 0x89, 0x87, 0xb0, 0x02, 0x26, 0x89, 0x97, 0xae, 0x02, 0x66, 0x26,
	0x8b, 0x47, 0x08, 0x66, 0x26, 0x03, 0x87, 0xae, 0x02, 0x66, 0x2b, 0x46, 0xf4, 0x66, 0x26, 0x89,
	0x87, 0xaa, 0x02, 0x66, 0x26, 0x8b, 0x87, 0xaa, 0x02, 0x66, 0x83, 0xe0, 0x03, 0x66, 0xba, 0x04,
	0x00, 0x00, 0x00, 0x66, 0x2b, 0xd0, 0x66, 0x83, 0xe2, 0x03, 0x66, 0x89, 0x56, 0xfc, 0x66, 0x8b,
	0x46, 0xfc, 0x66, 0x26, 0x01, 0x87, 0xaa, 0x02, 0x66, 0x26, 0x03, 0x87, 0xae, 0x02, 0x66, 0x0f,
	0xa4, 0xc2, 0x10, 0x26, 0x89, 0x97, 0xb0, 0x02, 0x26, 0x89, 0x87, 0xae, 0x02, 0x26, 0x8b, 0x87,
	0xb0, 0x02, 0x26, 0x8b, 0x97, 0xae, 0x02, 0x81, 0xc2, 0x98, 0x04, 0x26, 0x89, 0x87, 0xa4, 0x02,
	0x26, 0x89, 0x97, 0xa2, 0x02, 0x66, 0x26, 0x8b, 0x87, 0xae, 0x02, 0x66, 0x89, 0x46, 0xf8, 0x33,
	0xc9, 0x8b, 0xd9, 0xc1, 0xe3, 0x02, 0x66, 0x8b, 0x87, 0xb4, 0x39, 0x8b, 0xd1, 0xc1, 0xe2, 0x02,
	0xc4, 0x5e, 0xf8, 0x03, 0xda, 0x66, 0x26, 0x89, 0x07, 0x41, 0x81, 0xf9, 0x26, 0x01, 0x7c, 0xe1,
	0x33, 0xc9, 0xc4, 0x5e, 0xf4, 0x66, 0x26, 0x8b, 0x87, 0xaa, 0x02, 0x8b, 0xd9, 0xc1, 0xe3, 0x02,
	0x8b, 0x9f, 0x10, 0x3f, 0xc1, 0xe3, 0x02, 0x66, 0x03, 0x87, 0xb4, 0x39, 0x8b, 0xd9, 0xc1, 0xe3,
	0x02, 0x8b, 0x97, 0x10, 0x3f, 0xc1, 0xe2, 0x02, 0xc4, 0x5e, 0xf8, 0x03, 0xda, 0x66, 0x26, 0x89,
	0x07, 0x41, 0x83, 0xf9, 0x29, 0x7c, 0xcb, 0x33, 0xc9, 0xc4, 0x5e, 0xf4, 0x66, 0x26, 0x8b, 0x87,
	0xaa, 0x02, 0x8b, 0xd9, 0xc1, 0xe3, 0x02, 0x8b, 0x9f, 0x60, 0x3e, 0xc1, 0xe3, 0x02, 0x66, 0x03,
	0x87, 0xb4, 0x39, 0x66, 0x05, 0x98, 0x04, 0x00, 0x00, 0x8b, 0xd9, 0xc1, 0xe3, 0x02, 0x8b, 0x97,
	0x60, 0x3e, 0xc1, 0xe2, 0x02, 0xc4, 0x5e, 0xf8, 0x03, 0xda, 0x66, 0x26, 0x89, 0x07, 0x41, 0x83,
	0xf9, 0x2c, 0x7c, 0xc5, 0xa1, 0x4c, 0x3e, 0xc1, 0xe0, 0x02, 0x8b, 0x56, 0xfa, 0x8b, 0x5e, 0xf8,
	0x03, 0xd8, 0xc4, 0x76, 0xf4, 0x26, 0x89, 0x94, 0xc2, 0x07, 0x26, 0x89, 0x9c, 0xc0, 0x07, 0xa1,
	0x50, 0x3e, 0xc1, 0xe0, 0x02, 0x8b, 0x5e, 0xf8, 0x03, 0xd8, 0x26, 0x89, 0x94, 0xc6, 0x07, 0x26,
	0x89, 0x9c, 0xc4, 0x07, 0xa1, 0x54, 0x3e, 0xc1, 0xe0, 0x02, 0x8b, 0x5e, 0xf8, 0x03, 0xd8, 0x26,
	0x89, 0x94, 0xca, 0x07, 0x26, 0x89, 0x9c, 0xc8, 0x07, 0xa1, 0x58, 0x3e, 0xc1, 0xe0, 0x02, 0x8b,
	0x5e, 0xf8, 0x03, 0xd8, 0x83, 0xc3, 0x02, 0x26, 0x89, 0x94, 0xce, 0x07, 0x26, 0x89, 0x9c, 0xcc,
	0x07, 0xa1, 0x5c, 0x3e, 0xc1, 0xe0, 0x02, 0x8b, 0x5e, 0xf8, 0x03, 0xd8, 0x83, 0xc3, 0x02, 0x26,
	0x89, 0x94, 0xd2, 0x07, 0x26, 0x89, 0x9c, 0xd0, 0x07, 0xff, 0x76, 0xf2, 0xe8, 0x3c, 0x30, 0x59,
	0x66, 0x8b, 0x45, 0x24, 0x66, 0x83, 0xc0, 0x2c, 0x66, 0x89, 0x85, 0xbc, 0x07, 0xc7, 0x85, 0xba,
	0x02, 0x00, 0x00, 0x66, 0x8b, 0x85, 0xaa, 0x02, 0x66, 0x89, 0x46, 0xfc, 0x66, 0x05, 0x48, 0x01,
	0x00, 0x00, 0x66, 0x89, 0x85, 0xd4, 0x07, 0x66, 0x8b, 0x46, 0xfc, 0x66, 0x83, 0xc0, 0x58, 0x66,
	0x89, 0x85, 0xd8, 0x07, 0x66, 0x8b, 0x46, 0xfc, 0x66, 0x83, 0xc0, 0x70, 0x66, 0x89, 0x85, 0xdc,
	0x07, 0x66, 0x8b, 0x46, 0xfc, 0x66, 0x05, 0x88, 0x00, 0x00, 0x00, 0x66, 0x89, 0x85, 0xe0, 0x07,
	0x66, 0x8b, 0x46, 0xfc, 0x66, 0x05, 0xd0, 0x00, 0x00, 0x00, 0x66, 0x89, 0x85, 0xe4, 0x07, 0x66,
	0x8b, 0x46, 0xfc, 0x66, 0x05, 0x10, 0x01, 0x00, 0x00, 0x66, 0x89, 0x85, 0xe8, 0x07, 0x66, 0x8b,
	0x46, 0xfc, 0x66, 0x05, 0x08, 0x01, 0x00, 0x00, 0x66, 0x89, 0x85, 0xec, 0x07, 0x66, 0x8b, 0x46,
	0xfc, 0x66, 0x83, 0xc0, 0x60, 0x66, 0x89, 0x85, 0xf0, 0x07, 0x66, 0x8b, 0x46, 0xfc, 0x66, 0x05,
	0x20, 0x01, 0x00, 0x00, 0x66, 0x89, 0x85, 0xf4, 0x07, 0x66, 0x8b, 0x46, 0xfc, 0x66, 0x83, 0xc0,
	0x08, 0x66, 0x89, 0x85, 0xf8, 0x07, 0x66, 0x8b, 0x46, 0xfc, 0x66, 0x05, 0x60, 0x01, 0x00, 0x00,
	0x66, 0x89, 0x85, 0xfc, 0x07, 0x66, 0x8b, 0x46, 0xfc, 0x66, 0x05, 0x80, 0x01, 0x00, 0x00, 0x66,
	0x89, 0x85, 0x00, 0x08, 0x66, 0x8b, 0x46, 0xfc, 0x66, 0x05, 0xa0, 0x01, 0x00, 0x00, 0x66, 0x89,
	0x85, 0x04, 0x08, 0x66, 0x8b, 0x46, 0xfc, 0x66, 0x05, 0x08, 0x02, 0x00, 0x00, 0x66, 0x89, 0x85,
	0x08, 0x08, 0x66, 0x8b, 0x46, 0xfc, 0x66, 0x05, 0x88, 0x02, 0x00, 0x00, 0x66, 0x89, 0x85, 0x0c,
	0x08, 0x66, 0x8b, 0x46, 0xfc, 0x66, 0x05, 0xa8, 0x02, 0x00, 0x00, 0x66, 0x89, 0x85, 0x10, 0x08,
	0x66, 0x8b, 0x46, 0xfc, 0x66, 0x05, 0x28, 0x03, 0x00, 0x00, 0x66, 0x89, 0x85, 0x14, 0x08, 0xc4,
	0x5e, 0xf8, 0x66, 0x26, 0x8b, 0x87, 0x8c, 0x02, 0x66, 0x89, 0x85, 0x18, 0x08, 0x57, 0xe8, 0x07,
	0x18, 0x59, 0xf6, 0x45, 0x31, 0x08, 0x75, 0x07, 0x57, 0xe8, 0x74, 0x0d, 0x59, 0xeb, 0x04, 0x57,
	0xe8, 0x02, 0x14, 0x57, 0x6a, 0x00, 0xe8, 0xac, 0x0d, 0x57, 0x6a, 0x00, 0xe8, 0xa6, 0x0d, 0x57,
	0xe8, 0xd6, 0xfc, 0x59, 0xc6, 0x85, 0x98, 0x02, 0x01, 0x8a, 0x95, 0x54, 0x01, 0x80, 0xfa, 0x02,
	0x75, 0x09, 0x57, 0x6a, 0x00, 0xe8, 0xce, 0x02, 0xe9, 0x9d, 0x00, 0x80, 0xfa, 0x13, 0x75, 0x07,
	0x57, 0xe8, 0x70, 0x18, 0xe9, 0x89, 0x00, 0x80, 0xfa, 0x03, 0x75, 0x06, 0x57, 0xe8, 0x3b, 0x09,
	0xeb, 0x40, 0x80, 0xfa, 0x0d, 0x75, 0x06, 0x57, 0xe8, 0xdc, 0x01, 0xeb, 0x35, 0x80, 0xfa, 0x11,
	0x75, 0x06, 0x57, 0xe8, 0xa2, 0x17, 0xeb, 0x68, 0x80, 0xfa, 0x12, 0x75, 0x06, 0x57, 0xe8, 0x04,
	0x18, 0xeb, 0x5d, 0x80, 0xfa, 0x07, 0x75, 0x06, 0x57, 0xe8, 0xc8, 0x0a, 0xeb, 0x14, 0x80, 0xfa,
	0x08, 0x75, 0x06, 0x57, 0xe8, 0x0c, 0x0b, 0xeb, 0x09, 0x80, 0xfa, 0x09, 0x75, 0x06, 0x57, 0xe8,
	0x5e, 0x0b, 0xeb, 0x44, 0x80, 0xfa, 0x04, 0x75, 0x06, 0x57, 0xe8, 0xca, 0x09, 0xeb, 0x31, 0x80,
	0xfa, 0x05, 0x75, 0x06, 0x57, 0xe8, 0x14, 0x0a, 0xeb, 0x26, 0x80, 0xfa, 0x0a, 0x75, 0x06, 0x57,
	0xe8, 0xcd, 0x0c, 0xeb, 0x1b, 0xf7, 0x45, 0x18, 0x80, 0x00, 0x74, 0x17, 0x80, 0xfa, 0x0e, 0x75,
	0x06, 0x57, 0xe8, 0x1e, 0x17, 0xeb, 0x09, 0x80, 0xfa, 0x0f, 0x75, 0x0c, 0x57, 0xe8, 0xf6, 0x16,
	0x59, 0xeb, 0x05, 0xc6, 0x85, 0x55, 0x01, 0x10, 0x5f, 0x5e, 0xc9, 0xc3, 0xc8, 0x14, 0x00, 0x00,
	0x56, 0x57, 0x8b, 0x7e, 0x08, 0xc4, 0x5e, 0x04, 0x26, 0x8a, 0x47, 0x7a, 0x88, 0x46, 0xfd, 0xb4,
	0x00, 0x0b, 0xc0, 0x75, 0x03, 0xe9, 0x39, 0x01, 0xfe, 0x4e, 0xfd, 0xc4, 0x5e, 0x04, 0x66, 0x26,
	0x8b, 0x47, 0x70, 0x66, 0x89, 0x46, 0xec, 0x80, 0x7e, 0xfd, 0x10, 0x76, 0x04, 0xc6, 0x46, 0xfd,
	0x10, 0x66, 0xc7, 0x85, 0xb2, 0x02, 0x00, 0x00, 0x00, 0x00, 0x66, 0x8b, 0x85, 0xae, 0x02, 0x66,
	0x89, 0x46, 0xf8, 0x8b, 0x46, 0xfa, 0x8b, 0x56, 0xf8, 0x81, 0xc2, 0x88, 0x02, 0x89, 0x46, 0xf6,
	0x89, 0x56, 0xf4, 0x8a, 0x46, 0xfd, 0xb4, 0x00, 0xc1, 0xe0, 0x02, 0xd1, 0xe0, 0x29, 0x46, 0xf4,
	0x8b, 0x46, 0xfa, 0x8b, 0x56, 0xf8, 0x81, 0xc2, 0x28, 0x03, 0x89, 0x46, 0xf2, 0x89, 0x56, 0xf0,
	0x8a, 0x46, 0xfd, 0xb4, 0x00, 0xc1, 0xe0, 0x02, 0xd1, 0xe0, 0x29, 0x46, 0xf0, 0xc6, 0x46, 0xfe,
	0x00, 0xe9, 0x8b, 0x00, 0x8a, 0x46, 0xfe, 0xb4, 0x00, 0xc1, 0xe0, 0x02, 0xc4, 0x9d, 0xa2, 0x02,
	0x03, 0xd8, 0x06, 0xc4, 0x76, 0xec, 0x66, 0x26, 0x8b, 0x44, 0x08, 0x07, 0x66, 0x26, 0x89, 0x47,
	0x20, 0xc4, 0x5e, 0xec, 0x66, 0x26, 0x8b, 0x07, 0x66, 0x01, 0x85, 0xb2, 0x02, 0x26, 0x8b, 0x0f,
	0x66, 0xc1, 0xe8, 0x10, 0x88, 0x46, 0xff, 0xc4, 0x5e, 0xf4, 0x26, 0x89, 0x0f, 0x26, 0x88, 0x47,
	0x02, 0x8a, 0x46, 0xfe, 0xb4, 0x00, 0xc1, 0xe0, 0x02, 0x66, 0x0f, 0xbf, 0xc0, 0x66, 0x8b, 0x95,
	0x18, 0x08, 0x66, 0x03, 0xd0, 0x66, 0x26, 0x89, 0x57, 0x04, 0xc4, 0x5e, 0xf0, 0x26, 0x89, 0x0f,
	0x8a, 0x46, 0xff, 0x26, 0x88, 0x47, 0x02, 0x8a, 0x46, 0xfe, 0xb4, 0x00, 0xc1, 0xe0, 0x02, 0x66,
	0x0f, 0xbf, 0xc0, 0x66, 0x8b, 0x95, 0x18, 0x08, 0x66, 0x03, 0xd0, 0x66, 0x26, 0x89, 0x57, 0x04,
	0xfe, 0x46, 0xfe, 0x83, 0x46, 0xf4, 0x08, 0x83, 0x46, 0xf0, 0x08, 0x83, 0x46, 0xec, 0x0c, 0x8a,
	0x46, 0xfe, 0x3a, 0x46, 0xfd, 0x77, 0x03, 0xe9, 0x6a, 0xff, 0x8a, 0x46, 0xfd, 0xb4, 0x00, 0xc1,
	0xe0, 0x03, 0x66, 0x0f, 0xbf, 0xc0, 0x66, 0x8b, 0x95, 0x0c, 0x08, 0x66, 0x2b, 0xd0, 0xc4, 0x5e,
	0xf8, 0x66, 0x26, 0x89, 0x97, 0x04, 0x02, 0x8a, 0x46, 0xfd, 0xb4, 0x00, 0xc1, 0xe0, 0x03, 0x66,
	0x0f, 0xbf, 0xc0, 0x66, 0x8b, 0x95, 0x14, 0x08, 0x66, 0x2b, 0xd0, 0x66, 0x26, 0x89, 0x97, 0xa4,
	0x02, 0x5f, 0x5e, 0xc9, 0xc2, 0x06, 0x00, 0xc8, 0x04, 0x00, 0x00, 0x56, 0x8b, 0x76, 0x04, 0xc4,
	0x9c, 0x40, 0x01, 0x26, 0x8a, 0x47, 0x2d, 0xc4, 0x9c, 0xc0, 0x07, 0x26, 0x88, 0x07, 0x66, 0x8b,
	0x84, 0xa2, 0x02, 0x66, 0x89, 0x46, 0xfc, 0xc4, 0x9c, 0x40, 0x01, 0x26, 0xc4, 0x9f, 0x88, 0x00,
	0x66, 0x26, 0x8b, 0x07, 0xc4, 0x5e, 0xfc, 0x66, 0x26, 0x89, 0x07, 0xc4, 0x9c, 0x40, 0x01, 0x26,
	0xc4, 0x9f, 0x88, 0x00, 0x66, 0x26, 0x8b, 0x47, 0x04, 0xc4, 0x5e, 0xfc, 0x66, 0x26, 0x89, 0x47,
	0x04, 0xc4, 0x9c, 0x40, 0x01, 0x26, 0xc4, 0x9f, 0x88, 0x00, 0x66, 0x26, 0x8b, 0x47, 0x08, 0xc4,
	0x5e, 0xfc, 0x66, 0x26, 0x89, 0x47, 0x08, 0x56, 0x66, 0xff, 0xb4, 0x40, 0x01, 0xe8, 0x3c, 0xfe,
	0x83, 0xbc, 0xba, 0x02, 0x00, 0x74, 0x06, 0x56, 0x6a, 0x00, 0xe8, 0x59, 0x00, 0x80, 0xbc, 0x99,
	0x02, 0x00, 0x75, 0x1c, 0xc6, 0x84, 0x99, 0x02, 0x01, 0x66, 0xff, 0xb4, 0x04, 0x08, 0x8b, 0x44,
	0x20, 0x05, 0x2c, 0x00, 0x50, 0xe8, 0x60, 0x2c, 0x83, 0xc4, 0x06, 0xc6, 0x84, 0x55, 0x01, 0x00,
	0x5e, 0xc9, 0xc2, 0x02, 0x00, 0x55, 0x8b, 0xec, 0x56, 0x8b, 0x76, 0x04, 0x80, 0xbc, 0x48, 0x01,
	0xff, 0x75, 0x1e, 0x80, 0xbc, 0x49, 0x01, 0x80, 0x73, 0x17, 0x8a, 0x84, 0x49, 0x01, 0x88, 0x84,
	0x48, 0x01, 0x66, 0x8b, 0x84, 0x44, 0x01, 0x66, 0x89, 0x84, 0x40, 0x01, 0xc6, 0x84, 0x49, 0x01,
	0x80, 0x5e, 0x5d, 0xc2, 0x02, 0x00, 0xc8, 0x12, 0x00, 0x00, 0x56, 0x57, 0x8b, 0x7e, 0x06, 0x8b,
	0x76, 0x04, 0x66, 0x8b, 0x45, 0x1c, 0x66, 0x89, 0x46, 0xfc, 0xc6, 0x85, 0x55, 0x01, 0x00, 0x83,
	0xbd, 0xba, 0x02, 0x00, 0x75, 0x0b, 0x57, 0x6a, 0x00, 0xe8, 0x99, 0x0a, 0x89, 0x46, 0xf6, 0xeb,
	0x0d, 0x8b, 0x85, 0xba, 0x02, 0x89, 0x46, 0xf6, 0xc7, 0x85, 0xba, 0x02, 0x00, 0x00, 0x83, 0x7e,
	0xf6, 0x00, 0x75, 0x03, 0xe9, 0x45, 0x04, 0xf6, 0x46, 0xf7, 0x80, 0x75, 0x03, 0xe9, 0x03, 0x01,
	0xf6, 0x46, 0xf6, 0x20, 0x74, 0x11, 0xc6, 0x85, 0x48, 0x01, 0xff, 0x57, 0xe8, 0xb6, 0x10, 0xc6,
	0x85, 0x55, 0x01, 0x01, 0xe9, 0x1e, 0x06, 0xf6, 0x46, 0xf6, 0x02, 0x74, 0x2a, 0x57, 0xe8, 0x64,
	0xff, 0x66, 0x8b, 0x85, 0x40, 0x01, 0x66, 0x89, 0x85, 0x5e, 0x01, 0x8a, 0x85, 0x48, 0x01, 0xb4,
	0x00, 0xba, 0x00, 0x80, 0x0b, 0xd0, 0x89, 0x95, 0x56, 0x01, 0xc6, 0x85, 0x55, 0x01, 0x02, 0xc6,
	0x85, 0x48, 0x01, 0xff, 0xe9, 0xf5, 0x03, 0xf6, 0x46, 0xf6, 0x08, 0x74, 0x03, 0xe9, 0x96, 0x00,
	0xf6, 0x46, 0xf6, 0x10, 0x74, 0x03, 0xe9, 0x8d, 0x00, 0xf6, 0x46, 0xf6, 0x40, 0x74, 0x03, 0xe9,
	0x84, 0x00, 0xf6, 0x46, 0xf7, 0x20, 0x75, 0x7e, 0xf6, 0x46, 0xf6, 0x01, 0x75, 0x03, 0xe9, 0xcb,
	0x03, 0x57, 0xe8, 0x10, 0xff, 0x66, 0x8b, 0x85, 0x40, 0x01, 0x66, 0x89, 0x46, 0xee, 0xc4, 0x5e,
	0xee, 0x26, 0xc6, 0x87, 0x95, 0x00, 0x00, 0x66, 0x83, 0xbd, 0x1c, 0x08, 0x00, 0x74, 0x12, 0x66,
	0xc7, 0x85, 0xb6, 0x02, 0x00, 0x00, 0x00, 0x00, 0x66, 0xc7, 0x85, 0x1c, 0x08, 0x00, 0x00, 0x00,
	0x00, 0x8b, 0x45, 0x20, 0x05, 0x24, 0x00, 0x50, 0xe8, 0x4e, 0x2b, 0x52, 0x50, 0x66, 0x58, 0x59,
	0x66, 0x89, 0x46, 0xf8, 0x83, 0x7e, 0xf6, 0x08, 0x74, 0x34, 0x66, 0x81, 0x66, 0xf8, 0x00, 0x00,
	0x00, 0xff, 0x66, 0x81, 0x7e, 0xf8, 0x00, 0x00, 0x00, 0x20, 0x74, 0x0a, 0x66, 0x81, 0x7e, 0xf8,
	0x00, 0x00, 0x00, 0x21, 0x75, 0x07, 0x66, 0x83, 0x7e, 0xee, 0x00, 0x75, 0x11, 0xc6, 0x85, 0x48,
	0x01, 0xff, 0x57, 0xe8, 0xdf, 0x0f, 0xc6, 0x85, 0x55, 0x01, 0x03, 0xe9, 0x47, 0x05, 0x66, 0x8b,
	0x85, 0xb2, 0x02, 0x66, 0x2b, 0x85, 0xb6, 0x02, 0xc4, 0x5e, 0xee, 0x66, 0x26, 0x29, 0x47, 0x38,
	0xe9, 0x81, 0x01, 0xc6, 0x85, 0x55, 0x01, 0x03, 0x83, 0x7e, 0xf6, 0x08, 0x75, 0x0c, 0x66, 0xc7,
	0x85, 0xb6, 0x02, 0x00, 0x00, 0x00, 0x00, 0xe9, 0x57, 0xff, 0x83, 0x7e, 0xf6, 0x06, 0x74, 0x03,
	0xe9, 0x13, 0x01, 0x66, 0xff, 0x8d, 0xa6, 0x02, 0x8b, 0x45, 0x20, 0x05, 0x2c, 0x00, 0x50, 0xe8,
	0xc7, 0x2a, 0x59, 0x80, 0xbd, 0x49, 0x01, 0x80, 0x73, 0x05, 0xc6, 0x85, 0x49, 0x01, 0x81, 0xc6,
	0x85, 0x55, 0x01, 0x04, 0x8b, 0x55, 0x20, 0x83, 0xc2, 0x0a, 0xec, 0x8a, 0xd0, 0x80, 0xe2, 0x0f,
	0x8a, 0xc2, 0xb4, 0x00, 0x89, 0x85, 0x56, 0x01, 0x66, 0xc7, 0x85, 0x1c, 0x08, 0x00, 0x00, 0x00,
	0x00, 0xc4, 0x9d, 0xa2, 0x02, 0x26, 0x8a, 0x47, 0x14, 0xb4, 0x00, 0x89, 0x85, 0x58, 0x01, 0x8a,
	0x8d, 0x58, 0x01, 0x80, 0xe1, 0x07, 0x80, 0xfa, 0x08, 0x73, 0x17, 0x8a, 0xc2, 0xb4, 0x00, 0xc1,
	0xe0, 0x03, 0x8b, 0xdf, 0x03, 0xd8, 0x8a, 0xc1, 0xb4, 0x00, 0x03, 0xd8, 0x8a, 0x97, 0x72, 0x01,
	0xeb, 0x2b, 0x8a, 0xc2, 0xb4, 0x00, 0xc1, 0xe0, 0x03, 0xc4, 0x9d, 0x20, 0x08, 0x03, 0xd8, 0x8a,
	0xc1, 0xb4, 0x00, 0x03, 0xd8, 0x26, 0x8a, 0x47, 0x08, 0xb4, 0x00, 0x6b, 0xc0, 0x0a, 0x8b, 0x9d,
	0x20, 0x08, 0x26, 0xc4, 0x9f, 0x08, 0x01, 0x03, 0xd8, 0x26, 0x8a, 0x57, 0x09, 0x80, 0xfa, 0xff,
	0x74, 0x6b, 0xc6, 0x85, 0x99, 0x02, 0x01, 0x66, 0xff, 0xb5, 0xec, 0x07, 0x8b, 0x45, 0x20, 0x05,
	0x2c, 0x00, 0x50, 0xe8, 0x02, 0x2a, 0x83, 0xc4, 0x06, 0x57, 0x6a, 0x01, 0xe8, 0x96, 0x08, 0x0b,
	0xc0, 0x75, 0x4a, 0xc4, 0x9d, 0xa2, 0x02, 0x26, 0x8a, 0x57, 0x14, 0x8a, 0xc2, 0x3c, 0x20, 0x74,
	0x0a, 0x80, 0xfa, 0x21, 0x74, 0x05, 0x80, 0xfa, 0x22, 0x75, 0x32, 0xc6, 0x85, 0x99, 0x02, 0x01,
	0x66, 0xff, 0xb5, 0xec, 0x07, 0x8b, 0x45, 0x20, 0x05, 0x2c, 0x00, 0x50, 0xe8, 0xc9, 0x29, 0x83,
	0xc4, 0x06, 0x57, 0x6a, 0x01, 0xe8, 0x5d, 0x08, 0x0b, 0xc0, 0x75, 0x11, 0xc4, 0x9d, 0xa2, 0x02,
	0x26, 0x8a, 0x47, 0x14, 0xb4, 0x00, 0x89, 0x85, 0x5a, 0x01, 0xe9, 0x08, 0x04, 0xc7, 0x85, 0x5a,
	0x01, 0x00, 0x00, 0xe9, 0xff, 0x03, 0x57, 0xe8, 0x4b, 0xfd, 0x66, 0x8b, 0x85, 0x40, 0x01, 0x66,
	0x89, 0x46, 0xee, 0x66, 0x83, 0xbd, 0x1c, 0x08, 0x00, 0x74, 0x41, 0x66, 0xc7, 0x85, 0x1c, 0x08,
	0x00, 0x00, 0x00, 0x00, 0x80, 0xbd, 0x48, 0x01, 0xff, 0x74, 0x31, 0x66, 0x83, 0x7e, 0xee, 0x00,
	0x74, 0x2a, 0x66, 0x8b, 0x85, 0xb2, 0x02, 0xc4, 0x5e, 0xee, 0x66, 0x26, 0x29, 0x47, 0x38, 0x26,
	0xc6, 0x87, 0x95, 0x00, 0x00, 0x66, 0x26, 0x83, 0x7f, 0x38, 0x00, 0x74, 0x0f, 0x8b, 0x46, 0xf6,
	0x89, 0x85, 0xba, 0x02, 0xc6, 0x85, 0x55, 0x01, 0x0e, 0xe9, 0xa9, 0x03, 0x83, 0x7e, 0xf6, 0x0b,
	0x75, 0x66, 0x0b, 0xf6, 0x74, 0x0e, 0xc7, 0x85, 0xba, 0x02, 0x0b, 0x00, 0xc6, 0x85, 0x55, 0x01,
	0x08, 0xe9, 0x91, 0x03, 0xc4, 0x5e, 0xee, 0x26, 0x80, 0xbf, 0x95, 0x00, 0x00, 0x74, 0x0b, 0x66,
	0x26, 0x8b, 0x87, 0x96, 0x00, 0x66, 0x26, 0x89, 0x47, 0x38, 0xc4, 0x9d, 0xa2, 0x02, 0x26, 0x8a,
	0x47, 0x1c, 0xc4, 0x5e, 0xee, 0x26, 0x88, 0x47, 0x34, 0x66, 0x8b, 0x85, 0x40, 0x01, 0x66, 0x89,
	0x85, 0x5e, 0x01, 0xc4, 0x9d, 0xa2, 0x02, 0x26, 0x8a, 0x47, 0x14, 0xb4, 0x00, 0x89, 0x85, 0x56,
	0x01, 0xc6, 0x85, 0x55, 0x01, 0x02, 0xc6, 0x85, 0x48, 0x01, 0xff, 0x83, 0xbd, 0x56, 0x01, 0x00,
	0x75, 0x03, 0xe9, 0x3d, 0x01, 0xe9, 0x3d, 0x03, 0x83, 0x7e, 0xf6, 0x0e, 0x74, 0x06, 0x83, 0x7e,
	0xf6, 0x10, 0x75, 0x4a, 0x66, 0xff, 0x85, 0xa6, 0x02, 0x83, 0x7e, 0xf6, 0x10, 0x75, 0x16, 0xc4,
	0x5e, 0xee, 0x66, 0x26, 0x8b, 0x47, 0x38, 0x66, 0x26, 0x89, 0x87, 0x80, 0x00, 0x26, 0xc6, 0x87,
	0x95, 0x00, 0x00, 0xeb, 0x14, 0xc4, 0x5e, 0xee, 0x66, 0x26, 0x8b, 0x47, 0x38, 0x66, 0x26, 0x89,
	0x87, 0x96, 0x00, 0x26, 0xc6, 0x87, 0x95, 0x00, 0x01, 0x0b, 0xf6, 0x74, 0x09, 0xc7, 0x85, 0xba,
	0x02, 0x0e, 0x00, 0xe9, 0xb4, 0x00, 0xc6, 0x85, 0x48, 0x01, 0xff, 0xe9, 0xdf, 0x00, 0x83, 0x7e,
	0xf6, 0x09, 0x75, 0x0e, 0xc7, 0x85, 0x58, 0x01, 0x00, 0x00, 0xc6, 0x85, 0x55, 0x01, 0x06, 0xe9,
	0xd0, 0x00, 0x83, 0x7e, 0xf6, 0x0a, 0x74, 0x06, 0x83, 0x7e, 0xf6, 0x11, 0x75, 0x57, 0x83, 0x7e,
	0xf6, 0x11, 0x75, 0x14, 0xc4, 0x5e, 0xee, 0x66, 0x26, 0x8b, 0x47, 0x38, 0x66, 0x26, 0x89, 0x87,
	0x80, 0x00, 0x26, 0xc6, 0x87, 0x95, 0x00, 0x00, 0xc7, 0x85, 0x56, 0x01, 0x01, 0x00, 0xc7, 0x85,
	0x5a, 0x01, 0x00, 0x00, 0xc4, 0x9d, 0xa2, 0x02, 0x26, 0x8a, 0x47, 0x14, 0x88, 0x85, 0x62, 0x01,
	0x0b, 0xf6, 0x74, 0x1a, 0x83, 0x7e, 0xf6, 0x11, 0x75, 0x0d, 0xc6, 0x85, 0x55, 0x01, 0x08, 0xc7,
	0x85, 0xba, 0x02, 0x0a, 0x00, 0xeb, 0x7b, 0xc6, 0x85, 0x55, 0x01, 0x07, 0xeb, 0x74, 0xc6, 0x85,
	0x55, 0x01, 0x05, 0xeb, 0x6d, 0x83, 0x7e, 0xf6, 0x0c, 0x75, 0x38, 0xc4, 0x5e, 0xee, 0x66, 0x26,
	0x8b, 0x47, 0x38, 0x66, 0x26, 0x89, 0x87, 0x80, 0x00, 0x26, 0xc6, 0x87, 0x95, 0x00, 0x00, 0xc6,
	0x85, 0x99, 0x02, 0x01, 0x66, 0xff, 0xb5, 0x04, 0x08, 0x8b, 0x45, 0x20, 0x05, 0x2c, 0x00, 0x50,
	0xe8, 0xe5, 0x27, 0x83, 0xc4, 0x06, 0x0b, 0xf6, 0x74, 0x33, 0xc6, 0x85, 0x55, 0x01, 0x08, 0xeb,
	0x31, 0xeb, 0x2a, 0x83, 0x7e, 0xf6, 0x0d, 0x74, 0x0d, 0x83, 0x7e, 0xf6, 0x12, 0x75, 0x23, 0xf7,
	0x45, 0x18, 0x80, 0x00, 0x74, 0x1c, 0xc6, 0x85, 0x99, 0x02, 0x01, 0x66, 0xff, 0xb5, 0xd4, 0x07,
	0x8b, 0x45, 0x20, 0x05, 0x2c, 0x00, 0x50, 0xe8, 0xae, 0x27, 0x83, 0xc4, 0x06, 0xc6, 0x85, 0x55,
	0x01, 0x00, 0x80, 0xbd, 0x55, 0x01, 0x03, 0x75, 0x03, 0xe9, 0xf9, 0x01, 0x80, 0xbd, 0x48, 0x01,
	0xff, 0x74, 0x03, 0xe9, 0xef, 0x01, 0x80, 0xbd, 0x99, 0x02, 0x01, 0x75, 0x03, 0xe9, 0xbf, 0x01,
	0x80, 0xbd, 0x49, 0x01, 0x80, 0x72, 0x03, 0xe9, 0xb5, 0x01, 0xf7, 0x45, 0x18, 0x80, 0x00, 0x74,
	0x04, 0xb2, 0x10, 0xeb, 0x02, 0xb2, 0x08, 0x8a, 0x85, 0x49, 0x01, 0x3a, 0x45, 0x03, 0x74, 0x06,
	0x38, 0x95, 0x49, 0x01, 0x72, 0x2a, 0x57, 0xe8, 0x0b, 0xfb, 0x66, 0x8b, 0x85, 0x40, 0x01, 0x66,
	0x89, 0x85, 0x5e, 0x01, 0x8a, 0x85, 0x48, 0x01, 0xb4, 0x00, 0xba, 0x00, 0x80, 0x0b, 0xd0, 0x89,
	0x95, 0x56, 0x01, 0xc6, 0x85, 0x55, 0x01, 0x02, 0xc6, 0x85, 0x48, 0x01, 0xff, 0xe9, 0x6f, 0x01,
	0x80, 0xbd, 0x99, 0x02, 0x02, 0x75, 0x24, 0x8b, 0x55, 0x20, 0x83, 0xc2, 0x14, 0xec, 0xa8, 0x08,
	0x74, 0x08, 0xc6, 0x85, 0x49, 0x01, 0x81, 0xe9, 0x7b, 0x01, 0x8b, 0x55, 0x20, 0x83, 0xc2, 0x14,
	0xb0, 0x20, 0xee, 0xc6, 0x85, 0x99, 0x02, 0x02, 0xe9, 0x6a, 0x01, 0x66, 0x6a, 0x00, 0x8b, 0x45,
	0x20, 0x05, 0x1c, 0x00, 0x50, 0xe8, 0x00, 0x27, 0x83, 0xc4, 0x06, 0x66, 0xc7, 0x85, 0x1c, 0x08,
	0x00, 0x00, 0x00, 0x00, 0xc4, 0x9d, 0xd0, 0x07, 0x8a, 0x85, 0x49, 0x01, 0x26, 0x88, 0x07, 0xc4,
	0x9d, 0xcc, 0x07, 0x26, 0x88, 0x07, 0x66, 0x8b, 0x85, 0x44, 0x01, 0x66, 0x89, 0x46, 0xee, 0x66,
	0x83, 0x7e, 0xee, 0x00, 0x75, 0x03, 0xe9, 0xec, 0x00, 0xc4, 0x5e, 0xee, 0x26, 0x8a, 0x47, 0x2d,
	0xc4, 0x9d, 0xc0, 0x07, 0x26, 0x88, 0x07, 0xc4, 0x5e, 0xee, 0x26, 0xc6, 0x87, 0x95, 0x00, 0x00,
	0x57, 0xff, 0x76, 0xf0, 0x53, 0xe8, 0x64, 0xf8, 0xc4, 0x9d, 0xc4, 0x07, 0x8a, 0x85, 0x4d, 0x01,
	0x26, 0x88, 0x07, 0x66, 0x8b, 0x85, 0xa2, 0x02, 0x66, 0x89, 0x46, 0xf2, 0xc4, 0x5e, 0xee, 0x26,
	0xc4, 0x9f, 0x88, 0x00, 0x66, 0x26, 0x8b, 0x07, 0xc4, 0x5e, 0xf2, 0x66, 0x26, 0x89, 0x07, 0xc4,
	0x5e, 0xee, 0x26, 0xc4, 0x9f, 0x88, 0x00, 0x66, 0x26, 0x8b, 0x47, 0x04, 0xc4, 0x5e, 0xf2, 0x66,
	0x26, 0x89, 0x47, 0x04, 0xc4, 0x5e, 0xee, 0x26, 0xc4, 0x9f, 0x88, 0x00, 0x66, 0x26, 0x8b, 0x47,
	0x08, 0xc4, 0x5e, 0xf2, 0x66, 0x26, 0x89, 0x47, 0x08, 0x66, 0x8b, 0x85, 0x4a, 0x01, 0xc4, 0x9d,
	0xa2, 0x02, 0x66, 0x26, 0x89, 0x47, 0x0c, 0xf6, 0x45, 0x31, 0x02, 0x74, 0x05, 0x26, 0x80, 0x67,
	0x0c, 0xbf, 0x8b, 0x8d, 0x50, 0x01, 0xf7, 0x45, 0x18, 0x80, 0x00, 0x74, 0x0b, 0x8a, 0x85, 0x53,
	0x01, 0xb4, 0x00, 0xc1, 0xe0, 0x08, 0x0b, 0xc8, 0xc4, 0x5e, 0xee, 0x26, 0xf7, 0x47, 0x52, 0x00,
	0x02, 0x74, 0x12, 0x8b, 0x55, 0x20, 0x83, 0xc2, 0x49, 0xb0, 0x00, 0xee, 0x8b, 0x55, 0x20, 0x83,
	0xc2, 0x49, 0xb0, 0x0f, 0xee, 0x8b, 0x55, 0x20, 0x83, 0xc2, 0x05, 0x8a, 0xc1, 0xee, 0xc4, 0x5e,
	0xfc, 0x26, 0x80, 0xbf, 0xb1, 0x00, 0x00, 0x74, 0x1c, 0x8b, 0x55, 0x20, 0x83, 0xc2, 0x03, 0xec,
	0x24, 0x07, 0x8b, 0xd1, 0xc1, 0xea, 0x08, 0x80, 0xe2, 0xf8, 0x0a, 0xd0, 0x52, 0x8b, 0x55, 0x20,
	0x83, 0xc2, 0x03, 0x58, 0xee, 0xc6, 0x85, 0x99, 0x02, 0x01, 0x80, 0xbd, 0x4f, 0x01, 0x00, 0x74,
	0x07, 0x66, 0xff, 0xb5, 0xfc, 0x07, 0xeb, 0x20, 0x66, 0xff, 0xb5, 0x00, 0x08, 0xeb, 0x19, 0x80,
	0xbd, 0x99, 0x02, 0x00, 0x75, 0x1f, 0x66, 0x83, 0xbd, 0xa6, 0x02, 0x00, 0x74, 0x17, 0xc6, 0x85,
	0x99, 0x02, 0x02, 0x66, 0xff, 0xb5, 0xf8, 0x07, 0x8b, 0x45, 0x20, 0x05, 0x2c, 0x00, 0x50, 0xe8,
	0xa6, 0x25, 0x83, 0xc4, 0x06, 0x5f, 0x5e, 0xc9, 0xc2, 0x04, 0x00, 0xc8, 0x0c, 0x00, 0x00, 0x56,
	0x8b, 0x76, 0x04, 0x66, 0x8b, 0x44, 0x1c, 0x66, 0x89, 0x46, 0xfc, 0xc6, 0x84, 0x55, 0x01, 0x00,
	0x66, 0x8b, 0x84, 0x40, 0x01, 0x66, 0x89, 0x46, 0xf8, 0xc4, 0x5e, 0xf8, 0x26, 0x8a, 0x47, 0x2d,
	0xc4, 0x9c, 0xc0, 0x07, 0x26, 0x88, 0x07, 0x56, 0x66, 0xff, 0x76, 0xf8, 0xe8, 0x1d, 0xf7, 0x66,
	0x8b, 0x84, 0xa2, 0x02, 0x66, 0x89, 0x46, 0xf4, 0xc4, 0x5e, 0xf8, 0x26, 0xc4, 0x9f, 0x88, 0x00,
	0x66, 0x26, 0x8b, 0x07, 0xc4, 0x5e, 0xf4, 0x66, 0x26, 0x89, 0x07, 0xc4, 0x5e, 0xf8, 0x26, 0xc4,
	0x9f, 0x88, 0x00, 0x66, 0x26, 0x8b, 0x47, 0x04, 0xc4, 0x5e, 0xf4, 0x66, 0x26, 0x89, 0x47, 0x04,
	0xc4, 0x5e, 0xf8, 0x26, 0xc4, 0x9f, 0x88, 0x00, 0x66, 0x26, 0x8b, 0x47, 0x08, 0xc4, 0x5e, 0xf4,
	0x66, 0x26, 0x89, 0x47, 0x08, 0x8b, 0x8c, 0x50, 0x01, 0xf7, 0x44, 0x18, 0x80, 0x00, 0x74, 0x0b,
	0x8a, 0x84, 0x53, 0x01, 0xb4, 0x00, 0xc1, 0xe0, 0x08, 0x0b, 0xc8, 0x8b, 0x54, 0x20, 0x83, 0xc2,
	0x05, 0x8a, 0xc1, 0xee, 0xc4, 0x5e, 0xfc, 0x26, 0x80, 0xbf, 0xb1, 0x00, 0x00, 0x74, 0x0c, 0x8b,
	0xc1, 0xc1, 0xe8, 0x08, 0x8b, 0x54, 0x20, 0x83, 0xc2, 0x03, 0xee, 0x66, 0x6a, 0x00, 0x8b, 0x44,
	0x20, 0x05, 0x1c, 0x00, 0x50, 0xe8, 0xe0, 0x24, 0x83, 0xc4, 0x06, 0xc6, 0x84, 0x99, 0x02, 0x01,
	0x66, 0xff, 0xb4, 0xd4, 0x07, 0x8b, 0x44, 0x20, 0x05, 0x2c, 0x00, 0x50, 0xe8, 0xc9, 0x24, 0x83,
	0xc4, 0x06, 0x5e, 0xc9, 0xc2, 0x02, 0x00, 0xc8, 0x04, 0x00, 0x00, 0x56, 0x8b, 0x76, 0x04, 0x8a,
	0x84, 0x56, 0x01, 0x88, 0x46, 0xfe, 0x8a, 0x84, 0x58, 0x01, 0x88, 0x46, 0xff, 0x16, 0x8d, 0x46,
	0xfd, 0x50, 0x16, 0x50, 0x16, 0x8d, 0x46, 0xfe, 0x50, 0x16, 0x8d, 0x46, 0xff, 0x50, 0x1e, 0x56,
	0xe8, 0x8a, 0x0b, 0x83, 0xc4, 0x14, 0x0b, 0xc0, 0x74, 0x08, 0xc7, 0x84, 0x56, 0x01, 0x00, 0x00,
	0xeb, 0x09, 0x8a, 0x46, 0xfe, 0xb4, 0x00, 0x89, 0x84, 0x56, 0x01, 0x8a, 0x46, 0xff, 0xb4, 0x00,
	0x89, 0x84, 0x58, 0x01, 0xc6, 0x84, 0x55, 0x01, 0x00, 0x5e, 0xc9, 0xc3, 0xc8, 0x08, 0x00, 0x00,
	0x56, 0x8b, 0x76, 0x04, 0x66, 0x8b, 0x44, 0x1c, 0x66, 0x89, 0x46, 0xfc, 0x8a, 0x84, 0x56, 0x01,
	0x88, 0x46, 0xfa, 0x8a, 0x84, 0x58, 0x01, 0x88, 0x46, 0xfb, 0x16, 0x8d, 0x46, 0xf8, 0x50, 0x16,
	0x8d, 0x46, 0xf9, 0x50, 0x16, 0x8d, 0x46, 0xfa, 0x50, 0x16, 0x8d, 0x46, 0xfb, 0x50, 0x1e, 0x56,
	0xe8, 0x2a, 0x0b, 0x83, 0xc4, 0x14, 0x0b, 0xc0, 0x74, 0x07, 0xc6, 0x84, 0x55, 0x01, 0x03, 0xeb,
	0x40, 0xf7, 0x44, 0x18, 0x80, 0x00, 0x74, 0x07, 0x8a, 0x84, 0x53, 0x01, 0x08, 0x46, 0xf8, 0x8b,
	0x54, 0x20, 0x83, 0xc2, 0x05, 0x8a, 0x46, 0xf9, 0xee, 0xc4, 0x5e, 0xfc, 0x26, 0x80, 0xbf, 0xb1,
	0x00, 0x00, 0x74, 0x0a, 0x8b, 0x54, 0x20, 0x83, 0xc2, 0x03, 0x8a, 0x46, 0xf8, 0xee, 0x8a, 0x46,
	0xf9, 0x88, 0x84, 0x50, 0x01, 0x8a, 0x46, 0xf8, 0x88, 0x84, 0x51, 0x01, 0xc6, 0x84, 0x55, 0x01,
	0x00, 0x5e, 0xc9, 0xc3, 0x55, 0x8b, 0xec, 0x56, 0x8b, 0x76, 0x04, 0xc7, 0x84, 0x56, 0x01, 0x01,
	0x00, 0xc6, 0x84, 0x55, 0x01, 0x00, 0xc6, 0x84, 0x99, 0x02, 0x01, 0x66, 0xff, 0xb4, 0xec, 0x07,
	0x8b, 0x44, 0x20, 0x05, 0x2c, 0x00, 0x50, 0xe8, 0xbe, 0x23, 0x83, 0xc4, 0x06, 0x56, 0x6a, 0x01,
	0xe8, 0x52, 0x02, 0x0b, 0xc0, 0x74, 0x0b, 0xc7, 0x84, 0x56, 0x01, 0x00, 0x00, 0xc6, 0x84, 0x55,
	0x01, 0x03, 0xc4, 0x9c, 0xa2, 0x02, 0x26, 0x8a, 0x47, 0x14, 0x88, 0x84, 0x62, 0x01, 0x5e, 0x5d,
	0xc2, 0x02, 0x00, 0x55, 0x8b, 0xec, 0x56, 0x8b, 0x76, 0x04, 0x83, 0xbc, 0x56, 0x01, 0x00, 0x75,
	0x1e, 0xc6, 0x84, 0x55, 0x01, 0x08, 0xc6, 0x84, 0x99, 0x02, 0x01, 0x66, 0xff, 0xb4, 0xd4, 0x07,
	0x8b, 0x44, 0x20, 0x05, 0x2c, 0x00, 0x50, 0xe8, 0x6e, 0x23, 0x83, 0xc4, 0x06, 0xeb, 0x2c, 0xc6,
	0x84, 0x99, 0x02, 0x01, 0x66, 0xff, 0xb4, 0xd8, 0x07, 0x8b, 0x44, 0x20, 0x05, 0x2c, 0x00, 0x50,
	0xe8, 0x55, 0x23, 0x83, 0xc4, 0x06, 0x56, 0x6a, 0x01, 0xe8, 0xe9, 0x01, 0x0b, 0xc0, 0x74, 0x07,
	0xc6, 0x84, 0x55, 0x01, 0x03, 0xeb, 0x04, 0x56, 0xe8, 0x05, 0x00, 0x5e, 0x5d, 0xc2, 0x02, 0x00,
	0xc8, 0x02, 0x00, 0x00, 0x56, 0x57, 0x8b, 0x7e, 0x04, 0x33, 0xd2, 0xeb, 0x15, 0xc4, 0x9d, 0xa2,
	0x02, 0x03, 0xda, 0x06, 0x53, 0x8b, 0xda, 0x8a, 0x81, 0x6a, 0x01, 0x5b, 0x07, 0x26, 0x88, 0x47,
	0x0c, 0x42, 0x39, 0x95, 0x56, 0x01, 0x77, 0xe5, 0xc4, 0x9d, 0xc8, 0x07, 0x8a, 0x85, 0x56, 0x01,
	0x26, 0x88, 0x07, 0xc6, 0x85, 0x99, 0x02, 0x01, 0x83, 0xbd, 0x56, 0x01, 0x01, 0x75, 0x07, 0x66,
	0xff, 0xb5, 0xdc, 0x07, 0xeb, 0x05, 0x66, 0xff, 0xb5, 0xe0, 0x07, 0x8b, 0x45, 0x20, 0x05, 0x2c,
	0x00, 0x50, 0xe8, 0xe3, 0x22, 0x83, 0xc4, 0x06, 0x57, 0x6a, 0x01, 0xe8, 0x77, 0x01, 0x89, 0x46,
	0xfe, 0xf6, 0x46, 0xff, 0x80, 0x75, 0x03, 0xe9, 0x9c, 0x00, 0xf6, 0x46, 0xfe, 0x01, 0x75, 0x03,
	0xe9, 0x85, 0x00, 0x8b, 0x85, 0x56, 0x01, 0x2b, 0x85, 0xb6, 0x02, 0x89, 0x85, 0x58, 0x01, 0xc6,
	0x85, 0x99, 0x02, 0x01, 0x66, 0xff, 0xb5, 0xe4, 0x07, 0x8b, 0x45, 0x20, 0x05, 0x2c, 0x00, 0x50,
	0xe8, 0xa5, 0x22, 0x83, 0xc4, 0x06, 0x57, 0x6a, 0x01, 0xe8, 0x39, 0x01, 0x89, 0x46, 0xfe, 0xf6,
	0x46, 0xff, 0x80, 0x74, 0x03, 0xe9, 0xdd, 0x00, 0x83, 0x7e, 0xfe, 0x05, 0x75, 0x08, 0xc6, 0x85,
	0x55, 0x01, 0x09, 0xe9, 0xd4, 0x00, 0x83, 0x7e, 0xfe, 0x02, 0x75, 0x03, 0xe9, 0x97, 0x00, 0x83,
	0x7e, 0xfe, 0x04, 0x74, 0x03, 0xe9, 0xbd, 0x00, 0xc6, 0x85, 0x99, 0x02, 0x01, 0x66, 0xff, 0xb5,
	0x04, 0x08, 0x8b, 0x45, 0x20, 0x05, 0x2c, 0x00, 0x50, 0xe8, 0x5c, 0x22, 0x83, 0xc4, 0x06, 0x57,
	0x6a, 0x01, 0xe8, 0xf0, 0x00, 0x89, 0x46, 0xfe, 0x89, 0x85, 0xba, 0x02, 0x57, 0x6a, 0x01, 0xe8,
	0x24, 0xf6, 0xe9, 0x95, 0x00, 0xe9, 0x8d, 0x00, 0xf6, 0x46, 0xfe, 0x10, 0x75, 0x03, 0xe9, 0x84,
	0x00, 0xeb, 0x09, 0xe9, 0x7f, 0x00, 0x83, 0x7e, 0xfe, 0x0f, 0x75, 0x0f, 0x8b, 0x85, 0x56, 0x01,
	0x89, 0x85, 0x58, 0x01, 0xc6, 0x85, 0x55, 0x01, 0x0a, 0xeb, 0x6f, 0x83, 0x7e, 0xfe, 0x01, 0x75,
	0x08, 0xc7, 0x85, 0x58, 0x01, 0x00, 0x00, 0xeb, 0x2d, 0x83, 0x7e, 0xfe, 0x03, 0x75, 0x08, 0xc7,
	0x85, 0x58, 0x01, 0x00, 0x00, 0xeb, 0x91, 0x83, 0x7e, 0xfe, 0x05, 0x75, 0x0b, 0x8b, 0x85, 0x56,
	0x01, 0x89, 0x85, 0x58, 0x01, 0xe9, 0x66, 0xff, 0x83, 0x7e, 0xfe, 0x02, 0x75, 0x26, 0x8b, 0x85,
	0x56, 0x01, 0x89, 0x85, 0x58, 0x01, 0xc6, 0x85, 0x55, 0x01, 0x08, 0xc6, 0x85, 0x99, 0x02, 0x01,
	0x66, 0xff, 0xb5, 0x04, 0x08, 0x8b, 0x45, 0x20, 0x05, 0x2c, 0x00, 0x50, 0xe8, 0xc9, 0x21, 0x83,
	0xc4, 0x06, 0xeb, 0x16, 0x83, 0x7e, 0xfe, 0x04, 0x75, 0x0b, 0x8b, 0x85, 0x56, 0x01, 0x89, 0x85,
	0x58, 0x01, 0xe9, 0x43, 0xff, 0xc6, 0x85, 0x55, 0x01, 0x03, 0x5f, 0x5e, 0xc9, 0xc2, 0x02, 0x00,
	0xc8, 0x04, 0x00, 0x00, 0x56, 0x8b, 0x76, 0x04, 0xc6, 0x84, 0x48, 0x01, 0xff, 0x56, 0xe8, 0x84,
	0x06, 0x8b, 0x54, 0x20, 0x42, 0xb0, 0x08, 0xee, 0x66, 0xc7, 0x46, 0xfc, 0x01, 0x00, 0x00, 0x00,
	0xeb, 0x04, 0x66, 0xff, 0x46, 0xfc, 0x66, 0x81, 0x7e, 0xfc, 0x88, 0x13, 0x00, 0x00, 0x7c, 0xf2,
	0x8b, 0x54, 0x20, 0x42, 0xb0, 0x00, 0xee, 0x6a, 0x03, 0xe8, 0x9a, 0x22, 0x59, 0xc6, 0x84, 0x55,
	0x01, 0x00, 0x5e, 0xc9, 0xc3, 0xc8, 0x22, 0x00, 0x00, 0x56, 0x57, 0x8b, 0x76, 0x06, 0x66, 0xc7,
	0x46, 0xe6, 0x00, 0x00, 0x00, 0x00, 0x33, 0xff, 0x66, 0xc7, 0x46, 0xee, 0x00, 0x00, 0x00, 0x00,
	0xc6, 0x46, 0xe5, 0x00, 0xc6, 0x46, 0xfe, 0x00, 0x66, 0xc7, 0x46, 0xea, 0x00, 0x00, 0x00, 0x00,
	0x8b, 0x54, 0x20, 0x83, 0xc2, 0x14, 0xec, 0x88, 0x46, 0xff, 0xf6, 0x46, 0xff, 0x03, 0x75, 0x03,
	0xe9, 0xdc, 0x02, 0x8b, 0x44, 0x20, 0x05, 0x1c, 0x00, 0x50, 0xe8, 0x3c, 0x21, 0x52, 0x50, 0x66,
	0x58, 0x59, 0x66, 0x89, 0x46, 0xee, 0x66, 0x6a, 0x00, 0x8b, 0x44, 0x20, 0x05, 0x1c, 0x00, 0x50,
	0xe8, 0x05, 0x21, 0x83, 0xc4, 0x06, 0xf6, 0x46, 0xff, 0x01, 0x74, 0x13, 0x8b, 0x54, 0x20, 0x83,
	0xc2, 0x14, 0xb0, 0x00, 0xee, 0x8b, 0x54, 0x20, 0x83, 0xc2, 0x0c, 0xec, 0x88, 0x46, 0xfe, 0x66,
	0x83, 0xbc, 0x1c, 0x08, 0x00, 0x75, 0x09, 0x66, 0x8b, 0x46, 0xee, 0x66, 0x89, 0x84, 0x1c, 0x08,
	0x8a, 0x84, 0x99, 0x02, 0x88, 0x46, 0xfa, 0xc6, 0x84, 0x99, 0x02, 0x00, 0x80, 0x7e, 0xfe, 0x00,
	0x75, 0x03, 0xe9, 0xdf, 0x00, 0xf6, 0x46, 0xfe, 0x10, 0x74, 0x2a, 0x8a, 0x46, 0xfe, 0xb4, 0x00,
	0xa9, 0x04, 0x00, 0x75, 0x20, 0x80, 0x7e, 0xfa, 0x02, 0x75, 0x16, 0xf6, 0x46, 0xff, 0x08, 0x74,
	0x10, 0xc6, 0x84, 0x99, 0x02, 0x02, 0x66, 0x8b, 0x84, 0xf8, 0x07, 0x66, 0x89, 0x46, 0xea, 0xeb,
	0x04, 0x81, 0xcf, 0x00, 0x82, 0xf6, 0x46, 0xfe, 0x04, 0x74, 0x40, 0x8b, 0x44, 0x20, 0x05, 0x30,
	0x00, 0x50, 0xe8, 0xa4, 0x20, 0x52, 0x50, 0x66, 0x58, 0x59, 0x66, 0x89, 0x46, 0xe6, 0x66, 0x83,
	0x7e, 0xe6, 0x13, 0x75, 0x22, 0x80, 0x7e, 0xfa, 0x02, 0x75, 0x16, 0xf6, 0x46, 0xff, 0x08, 0x74,
	0x10, 0xc6, 0x84, 0x99, 0x02, 0x02, 0x66, 0x8b, 0x84, 0xf8, 0x07, 0x66, 0x89, 0x46, 0xea, 0xeb,
	0x0a, 0x81, 0xcf, 0x00, 0x82, 0xeb, 0x04, 0xc6, 0x46, 0xe5, 0x01, 0xf6, 0x46, 0xfe, 0x01, 0x74,
	0x63, 0x8b, 0x44, 0x20, 0x05, 0x24, 0x00, 0x50, 0xe8, 0x5e, 0x20, 0x52, 0x50, 0x66, 0x58, 0x59,
	0x66, 0x3d, 0x00, 0x00, 0x00, 0x48, 0x75, 0x22, 0x8b, 0x44, 0x20, 0x05, 0x2c, 0x00, 0x50, 0xe8,
	0x47, 0x20, 0x52, 0x50, 0x66, 0x58, 0x59, 0x66, 0x89, 0x46, 0xf6, 0xc6, 0x84, 0x99, 0x02, 0x01,
	0x66, 0x89, 0x46, 0xea, 0x81, 0xcf, 0x00, 0x80, 0xeb, 0x2a, 0x8b, 0x44, 0x20, 0x05, 0x24, 0x00,
	0x50, 0xe8, 0x25, 0x20, 0x52, 0x50, 0x66, 0x58, 0x59, 0x66, 0x89, 0x46, 0xf6, 0x8b, 0x44, 0x20,
	0x05, 0x2c, 0x00, 0x50, 0xe8, 0x12, 0x20, 0x52, 0x50, 0x66, 0x58, 0x59, 0x66, 0x89, 0x46, 0xf2,
	0x81, 0xcf, 0x00, 0xa0, 0xf6, 0x46, 0xff, 0x02, 0x75, 0x03, 0xe9, 0x89, 0x01, 0x8b, 0x54, 0x20,
	0x83, 0xc2, 0x42, 0xec, 0x88, 0x46, 0xfd, 0x8b, 0x54, 0x20, 0x83, 0xc2, 0x43, 0xec, 0x88, 0x46,
	0xfc, 0x8b, 0x54, 0x20, 0x83, 0xc2, 0x0d, 0xec, 0x88, 0x46, 0xfb, 0x8a, 0x46, 0xfd, 0x88, 0x84,
	0xb7, 0x07, 0x8a, 0x46, 0xfc, 0x88, 0x84, 0xb8, 0x07, 0x8a, 0x46, 0xfb, 0x88, 0x84, 0xb9, 0x07,
	0x8a, 0x46, 0xfe, 0x88, 0x84, 0xbb, 0x07, 0x8a, 0x46, 0xff, 0x88, 0x84, 0xba, 0x07, 0x81, 0xcf,
	0x00, 0x80, 0xf6, 0x46, 0xfc, 0x02, 0x74, 0x03, 0x83, 0xcf, 0x08, 0xf6, 0x46, 0xfd, 0x80, 0x74,
	0x07, 0x83, 0xcf, 0x01, 0x56, 0xe8, 0xce, 0x01, 0xf6, 0x46, 0xfc, 0x04, 0x74, 0x07, 0x80, 0x66,
	0xfd, 0xfb, 0x83, 0xcf, 0x02, 0xf6, 0x46, 0xfd, 0x08, 0x74, 0x67, 0x8b, 0x54, 0x20, 0x83, 0xc2,
	0x4f, 0xec, 0x88, 0x46, 0xdf, 0x8b, 0x54, 0x20, 0x83, 0xc2, 0x4f, 0x24, 0xbf, 0xee, 0x8b, 0x44,
	0x20, 0x05, 0x2c, 0x00, 0x50, 0xe8, 0x71, 0x1f, 0x52, 0x50, 0x66, 0x58, 0x59, 0x66, 0x89, 0x46,
	0xf6, 0x66, 0x2b, 0x84, 0xaa, 0x02, 0x66, 0x89, 0x46, 0xf2, 0x66, 0x0f, 0xb7, 0x46, 0xf2, 0x66,
	0x50, 0x66, 0x8b, 0x84, 0xae, 0x02, 0x66, 0x5a, 0x66, 0x03, 0xc2, 0x66, 0x0f, 0xa4, 0xc2, 0x10,
	0x89, 0x56, 0xe2, 0x89, 0x46, 0xe0, 0xc4, 0x5e, 0xe0, 0x66, 0x26, 0x83, 0x7f, 0x04, 0x06, 0x75,
	0x0e, 0x66, 0xc7, 0x46, 0xe6, 0x06, 0x00, 0x00, 0x00, 0xc6, 0x46, 0xe5, 0x01, 0xeb, 0x03, 0x83,
	0xcf, 0x08, 0xf6, 0x46, 0xfd, 0x04, 0x75, 0x03, 0xe9, 0x99, 0x00, 0xf6, 0x46, 0xfd, 0x10, 0x74,
	0x0c, 0x66, 0x8b, 0x84, 0xf8, 0x07, 0x66, 0x89, 0x46, 0xea, 0xe9, 0x87, 0x00, 0x8b, 0x44, 0x20,
	0x05, 0x24, 0x00, 0x50, 0xe8, 0x02, 0x1f, 0x52, 0x50, 0x66, 0x58, 0x59, 0x66, 0x3d, 0x00, 0x00,
	0x00, 0x48, 0x75, 0x69, 0x8b, 0x44, 0x20, 0x05, 0x2c, 0x00, 0x50, 0xe8, 0xeb, 0x1e, 0x52, 0x50,
	0x66, 0x58, 0x59, 0x66, 0x89, 0x46, 0xf6, 0x66, 0x2b, 0x84, 0xaa, 0x02, 0x66, 0x89, 0x46, 0xf2,
	0x66, 0x0f, 0xb7, 0x46, 0xf2, 0x66, 0x50, 0x66, 0x8b, 0x84, 0xae, 0x02, 0x66, 0x5a, 0x66, 0x03,
	0xc2, 0x66, 0x0f, 0xa4, 0xc2, 0x10, 0x89, 0x56, 0xe2, 0x89, 0x46, 0xe0, 0xc4, 0x5e, 0xe0, 0x66,
	0x26, 0x8b, 0x47, 0x04, 0x66, 0x89, 0x46, 0xe6, 0xc6, 0x46, 0xe5, 0x01, 0x66, 0x26, 0x83, 0x7f,
	0x04, 0x0e, 0x74, 0x08, 0x66, 0x26, 0x83, 0x7f, 0x04, 0x10, 0x75, 0x18, 0x8b, 0x54, 0x20, 0x83,
	0xc2, 0x0f, 0xec, 0xa8, 0x02, 0xc6, 0x84, 0x99, 0x02, 0x02, 0xe9, 0x74, 0xff, 0x83, 0xcf, 0x10,
	0x56, 0xe8, 0x51, 0x03, 0xf6, 0x46, 0xfd, 0x02, 0x74, 0x03, 0x83, 0xcf, 0x20, 0xf6, 0x46, 0xfd,
	0x01, 0x74, 0x03, 0x83, 0xcf, 0x40, 0x8b, 0x54, 0x20, 0x83, 0xc2, 0x49, 0xb0, 0x00, 0xee, 0x83,
	0x7e, 0x04, 0x00, 0x74, 0x17, 0x0b, 0xff, 0x75, 0x13, 0x8a, 0x46, 0xe5, 0xb4, 0x00, 0x0b, 0xc0,
	0x75, 0x0a, 0x66, 0x83, 0x7e, 0xea, 0x00, 0x75, 0x03, 0xe9, 0xf4, 0xfc, 0x80, 0x7e, 0xe5, 0x00,
	0x74, 0x03, 0x8b, 0x7e, 0xe6, 0x66, 0x83, 0x7e, 0xea, 0x00, 0x74, 0x62, 0x8b, 0x54, 0x20, 0x83,
	0xc2, 0x14, 0xec, 0x88, 0x46, 0xff, 0xf6, 0x46, 0xff, 0x01, 0x74, 0x13, 0x8b, 0x54, 0x20, 0x83,
	0xc2, 0x14, 0xb0, 0x00, 0xee, 0x8b, 0x54, 0x20, 0x83, 0xc2, 0x0c, 0xec, 0x88, 0x46, 0xfe, 0xf6,
	0x46, 0xff, 0x02, 0x74, 0x1e, 0x8b, 0x54, 0x20, 0x83, 0xc2, 0x42, 0xec, 0x88, 0x46, 0xfd, 0x8b,
	0x54, 0x20, 0x83, 0xc2, 0x43, 0xec, 0x88, 0x46, 0xfc, 0x8b, 0x54, 0x20, 0x83, 0xc2, 0x0d, 0xec,
	0x88, 0x46, 0xfb, 0x8b, 0x54, 0x20, 0x83, 0xc2, 0x14, 0xec, 0x88, 0x46, 0xff, 0x66, 0xff, 0x76,
	0xea, 0x8b, 0x44, 0x20, 0x05, 0x2c, 0x00, 0x50, 0xe8, 0xbd, 0x1d, 0x83, 0xc4, 0x06, 0x8b, 0xc7,
	0x5f, 0x5e, 0xc9, 0xc2, 0x04, 0x00, 0xc8, 0x2a, 0x00, 0x00, 0x56, 0x8b, 0x76, 0x04, 0x8a, 0x84,
	0xb9, 0x07, 0x88, 0x46, 0xeb, 0x8b, 0x44, 0x20, 0x05, 0x2c, 0x00, 0x50, 0xe8, 0xba, 0x1d, 0x52,
	0x50, 0x66, 0x58, 0x59, 0x66, 0x89, 0x46, 0xf4, 0x8b, 0x44, 0x20, 0x05, 0x24, 0x00, 0x50, 0xe8,
	0xa7, 0x1d, 0x52, 0x50, 0x66, 0x58, 0x59, 0x66, 0x89, 0x46, 0xfc, 0x66, 0x25, 0x00, 0x00, 0x00,
	0xff, 0x66, 0x89, 0x46, 0xf8, 0x66, 0x81, 0x66, 0xfc, 0xff, 0xff, 0xff, 0x00, 0x66, 0x81, 0x7e,
	0xf8, 0x00, 0x00, 0x00, 0x20, 0x74, 0x4f, 0x66, 0x81, 0x7e, 0xf8, 0x00, 0x00, 0x00, 0x21, 0x74,
	0x45, 0x8b, 0x54, 0x20, 0x83, 0xc2, 0x20, 0xec, 0x8a, 0xc8, 0x80, 0xe1, 0x7f, 0x8a, 0x46, 0xfc,
	0x24, 0x7f, 0x2a, 0xc8, 0x80, 0xe1, 0x7f, 0x8b, 0x54, 0x20, 0x83, 0xc2, 0x1b, 0xec, 0x0c, 0x04,
	0x8b, 0x54, 0x20, 0x83, 0xc2, 0x1b, 0xee, 0xf6, 0x46, 0xeb, 0x20, 0x74, 0x02, 0xfe, 0xc1, 0x8a,
	0xc1, 0xb4, 0x00, 0x66, 0x0f, 0xbf, 0xc0, 0x66, 0x8b, 0x56, 0xfc, 0x66, 0x03, 0xd0, 0x66, 0x89,
	0x94, 0xb6, 0x02, 0xe9, 0xfa, 0x01, 0x66, 0xf7, 0x46, 0xf8, 0x00, 0x00, 0x00, 0x01, 0x74, 0x03,
	0xe9, 0x83, 0x00, 0x8b, 0x54, 0x20, 0x83, 0xc2, 0x20, 0xec, 0x8a, 0xc8, 0x80, 0xe1, 0x7f, 0x8a,
	0x46, 0xfc, 0x24, 0x7f, 0x2a, 0xc8, 0x80, 0xe1, 0x7f, 0xf6, 0x46, 0xeb, 0x20, 0x74, 0x02, 0xfe,
	0xc1, 0xf7, 0x44, 0x18, 0x80, 0x00, 0x74, 0x0d, 0x8b, 0x54, 0x20, 0x83, 0xc2, 0x0f, 0xec, 0xa8,
	0x20, 0x74, 0x02, 0xfe, 0xc1, 0x8b, 0x54, 0x20, 0x83, 0xc2, 0x05, 0xec, 0xa8, 0x1f, 0x74, 0x1c,
	0xf6, 0x46, 0xeb, 0x40, 0x74, 0x02, 0xfe, 0xc1, 0xf7, 0x44, 0x18, 0x80, 0x00, 0x74, 0x0d, 0x8b,
	0x54, 0x20, 0x83, 0xc2, 0x0f, 0xec, 0xa8, 0x40, 0x74, 0x02, 0xfe, 0xc1, 0x8a, 0xc1, 0xb4, 0x00,
	0x66, 0x0f, 0xbf, 0xc0, 0x66, 0x01, 0x46, 0xfc, 0x8b, 0x54, 0x20, 0x83, 0xc2, 0x02, 0xec, 0xa8,
	0x08, 0x75, 0x03, 0xe9, 0xc7, 0x00, 0x66, 0xff, 0x46, 0xfc, 0x8b, 0x54, 0x20, 0x83, 0xc2, 0x02,
	0xec, 0x24, 0xb7, 0xe9, 0xb0, 0x00, 0x8b, 0x54, 0x20, 0x83, 0xc2, 0x02, 0xec, 0xa8, 0x01, 0x75,
	0x03, 0xe9, 0xa9, 0x00, 0x8b, 0x54, 0x20, 0x83, 0xc2, 0x45, 0xec, 0x88, 0x46, 0xea, 0x8b, 0x44,
	0x20, 0x05, 0x30, 0x00, 0x50, 0xe8, 0x81, 0x1c, 0x52, 0x50, 0x66, 0x58, 0x59, 0x66, 0x0f, 0xa4,
	0xc2, 0x10, 0x89, 0x56, 0xe8, 0x89, 0x46, 0xe6, 0x66, 0xc7, 0x46, 0xe2, 0x00, 0x00, 0x00, 0x00,
	0x66, 0x8b, 0x84, 0x44, 0x01, 0x66, 0x89, 0x46, 0xde, 0x66, 0x8b, 0x84, 0x40, 0x01, 0x66, 0x89,
	0x46, 0xda, 0xc4, 0x5e, 0xde, 0x66, 0x26, 0x8b, 0x47, 0x70, 0x66, 0x89, 0x46, 0xd6, 0xeb, 0x35,
	0xb2, 0x00, 0x3a, 0xd1, 0x73, 0x23, 0xc4, 0x5e, 0xd6, 0x66, 0x26, 0x8b, 0x47, 0x08, 0x66, 0x3b,
	0x46, 0xe6, 0x75, 0x0b, 0x66, 0x26, 0x8b, 0x47, 0x04, 0x66, 0x89, 0x46, 0xe2, 0xeb, 0x0a, 0xfe,
	0xc2, 0x83, 0x46, 0xd6, 0x0c, 0x3a, 0xd1, 0x72, 0xdd, 0xc4, 0x5e, 0xda, 0x66, 0x26, 0x8b, 0x47,
	0x70, 0x66, 0x89, 0x46, 0xd6, 0x26, 0x8a, 0x4f, 0x7a, 0x66, 0x83, 0x7e, 0xe2, 0x00, 0x74, 0xc0,
	0xc4, 0x5e, 0xe2, 0x8a, 0x46, 0xea, 0x26, 0x88, 0x07, 0x66, 0xff, 0x4e, 0xfc, 0x8b, 0x54, 0x20,
	0x83, 0xc2, 0x02, 0xec, 0x24, 0xbe, 0x8b, 0x54, 0x20, 0x83, 0xc2, 0x02, 0xee, 0x8b, 0x54, 0x20,
	0x83, 0xc2, 0x1b, 0xec, 0x0c, 0x04, 0x8b, 0x54, 0x20, 0x83, 0xc2, 0x1b, 0xee, 0x66, 0x8b, 0x84,
	0x08, 0x08, 0x66, 0x3b, 0x46, 0xf4, 0x77, 0x28, 0x66, 0x8b, 0x84, 0x0c, 0x08, 0x66, 0x3b, 0x46,
	0xf4, 0x72, 0x1d, 0x8b, 0x84, 0xb0, 0x02, 0x8b, 0x94, 0xae, 0x02, 0x81, 0xc2, 0x88, 0x02, 0x89,
	0x46, 0xee, 0x89, 0x56, 0xec, 0x66, 0x8b, 0x84, 0x0c, 0x08, 0x66, 0x89, 0x46, 0xf0, 0xeb, 0x31,
	0x66, 0x8b, 0x84, 0x10, 0x08, 0x66, 0x3b, 0x46, 0xf4, 0x77, 0x5c, 0x66, 0x8b, 0x84, 0x14, 0x08,
	0x66, 0x3b, 0x46, 0xf4, 0x72, 0x51, 0x8b, 0x84, 0xb0, 0x02, 0x8b, 0x94, 0xae, 0x02, 0x81, 0xc2,
	0x28, 0x03, 0x89, 0x46, 0xee, 0x89, 0x56, 0xec, 0x66, 0x8b, 0x84, 0x14, 0x08, 0xeb, 0xcb, 0xeb,
	0x36, 0x8a, 0x46, 0xf0, 0x2a, 0x46, 0xf4, 0xb4, 0x00, 0xc1, 0xf8, 0x03, 0x8a, 0xc8, 0xb4, 0x00,
	0xd1, 0xe0, 0xc1, 0xe0, 0x02, 0x29, 0x46, 0xec, 0xb2, 0x00, 0xeb, 0x17, 0xc4, 0x5e, 0xec, 0x66,
	0x26, 0x8b, 0x07, 0x66, 0x25, 0xff, 0xff, 0xff, 0x00, 0x66, 0x01, 0x46, 0xfc, 0x83, 0x46, 0xec,
	0x08, 0xfe, 0xc2, 0x3a, 0xd1, 0x76, 0xe5, 0x66, 0x8b, 0x46, 0xfc, 0x66, 0x89, 0x84, 0xb6, 0x02,
	0x5e, 0xc9, 0xc2, 0x02, 0x00, 0xc8, 0x0c, 0x00, 0x00, 0x56, 0x8b, 0x76, 0x04, 0x66, 0x8b, 0x44,
	0x1c, 0x66, 0x89, 0x46, 0xfc, 0x8b, 0x54, 0x20, 0x83, 0xc2, 0x40, 0xec, 0x88, 0x46, 0xfa, 0x8b,
	0x54, 0x20, 0x83, 0xc2, 0x41, 0xec, 0x88, 0x46, 0xf5, 0x8b, 0x54, 0x20, 0x83, 0xc2, 0x39, 0xec,
	0x88, 0x46, 0xf9, 0x56, 0xe8, 0x78, 0x07, 0x59, 0x66, 0xc7, 0x84, 0x40, 0x01, 0x00, 0x00, 0x00,
	0x00, 0xc6, 0x84, 0x48, 0x01, 0xff, 0xc6, 0x84, 0x99, 0x02, 0x00, 0x66, 0xc7, 0x84, 0x1c, 0x08,
	0x00, 0x00, 0x00, 0x00, 0x8a, 0x44, 0x03, 0x0c, 0x60, 0x88, 0x46, 0xfb, 0x8b, 0x54, 0x20, 0x83,
	0xc2, 0x14, 0xb0, 0x40, 0xee, 0x8b, 0x54, 0x20, 0x83, 0xc2, 0x14, 0xb0, 0x00, 0xee, 0xc4, 0x5e,
	0xfc, 0x26, 0x8a, 0x97, 0xb0, 0x00, 0x80, 0xfa, 0x19, 0x77, 0x04, 0xb1, 0x11, 0xeb, 0x34, 0x80,
	0xfa, 0x25, 0x77, 0x04, 0xb1, 0x22, 0xeb, 0x2b, 0x80, 0xfa, 0x32, 0x77, 0x0b, 0xf7, 0x44, 0x18,
	0x40, 0x00, 0x75, 0x04, 0xb1, 0x33, 0xeb, 0x1b, 0x80, 0xfa, 0x32, 0x77, 0x0b, 0xf7, 0x44, 0x18,
	0x40, 0x00, 0x74, 0x04, 0xb1, 0x55, 0xeb, 0x0b, 0x80, 0xfa, 0x42, 0x77, 0x04, 0xb1, 0x44, 0xeb,
	0x02, 0xb1, 0x00, 0x8b, 0x54, 0x20, 0x83, 0xc2, 0x03, 0x8a, 0xc1, 0xee, 0x8b, 0x54, 0x20, 0x83,
	0xc2, 0x48, 0xb0, 0x0c, 0xee, 0x8b, 0x54, 0x20, 0x83, 0xc2, 0x4f, 0xb0, 0x80, 0xee, 0x8b, 0x54,
	0x20, 0x83, 0xc2, 0x04, 0x8a, 0x46, 0xfb, 0xee, 0x8b, 0x54, 0x20, 0x83, 0xc2, 0x4a, 0x8a, 0x4e,
	0xfb, 0x80, 0xe1, 0x07, 0xb0, 0x01, 0xd2, 0xe0, 0xee, 0x8b, 0x54, 0x20, 0x83, 0xc2, 0x42, 0xec,
	0x88, 0x46, 0xf8, 0x8b, 0x54, 0x20, 0x83, 0xc2, 0x43, 0xec, 0x88, 0x46, 0xf7, 0x8b, 0x54, 0x20,
	0x83, 0xc2, 0x0d, 0xec, 0x88, 0x46, 0xf6, 0x56, 0xe8, 0xab, 0x06, 0x59, 0x8b, 0x54, 0x20, 0x83,
	0xc2, 0x3b, 0xec, 0x0c, 0x01, 0x8b, 0x54, 0x20, 0x83, 0xc2, 0x3b, 0xee, 0x8b, 0x54, 0x20, 0x83,
	0xc2, 0x40, 0x8a, 0x46, 0xfa, 0xee, 0x8b, 0x54, 0x20, 0x83, 0xc2, 0x41, 0x8a, 0x46, 0xf5, 0xee,
	0x8b, 0x54, 0x20, 0x83, 0xc2, 0x39, 0x8a, 0x46, 0xf9, 0xee, 0x8b, 0x54, 0x20, 0x83, 0xc2, 0x1c,
	0xb0, 0x00, 0xee, 0x5e, 0xc9, 0xc2, 0x02, 0x00, 0xc8, 0x04, 0x00, 0x00, 0x56, 0x8b, 0x76, 0x04,
	0x66, 0x8b, 0x44, 0x1c, 0x66, 0x89, 0x46, 0xfc, 0xf6, 0x44, 0x31, 0x80, 0x75, 0x36, 0xc4, 0x5e,
	0xfc, 0x26, 0x8a, 0x47, 0x12, 0x88, 0x44, 0x03, 0x26, 0x8a, 0x47, 0x10, 0x88, 0x44, 0x05, 0x26,
	0x8a, 0x47, 0x11, 0x88, 0x44, 0x04, 0x26, 0x8b, 0x47, 0x0e, 0x89, 0x44, 0x20, 0xc7, 0x44, 0x22,
	0x60, 0x00, 0x26, 0x8a, 0x47, 0x14, 0x24, 0x1f, 0xb2, 0x80, 0x0a, 0xd0, 0x08, 0x54, 0x31, 0x56,
	0xe8, 0xfa, 0x19, 0x59, 0x80, 0xbc, 0x55, 0x01, 0xff, 0x74, 0x0b, 0xc6, 0x84, 0x55, 0x01, 0xff,
	0xc7, 0x84, 0x56, 0x01, 0x00, 0x00, 0x1e, 0x56, 0x90, 0x0e, 0xe8, 0xcc, 0x03, 0x83, 0xc4, 0x04,
	0xc6, 0x84, 0x54, 0x01, 0x00, 0x56, 0xe8, 0x08, 0x03, 0x59, 0x0b, 0xc0, 0x74, 0x05, 0xb8, 0x01,
	0x00, 0xeb, 0x31, 0xc6, 0x84, 0x54, 0x01, 0x0c, 0xc6, 0x84, 0x48, 0x01, 0xff, 0xc6, 0x84, 0x49,
	0x01, 0x82, 0x66, 0x33, 0xc0, 0x66, 0x89, 0x84, 0xb6, 0x01, 0x66, 0x89, 0x84, 0xb2, 0x01, 0xc6,
	0x84, 0xc6, 0x01, 0x00, 0xc6, 0x84, 0x98, 0x02, 0x00, 0x56, 0xe8, 0x21, 0xe7, 0x59, 0xc6, 0x44,
	0x02, 0x01, 0x33, 0xc0, 0x5e, 0xc9, 0xc3, 0x55, 0x8b, 0xec, 0x8b, 0x56, 0x04, 0x0b, 0xd2, 0x7c,
	0x04, 0x8b, 0xc2, 0xeb, 0x04, 0x8b, 0xc2, 0xf7, 0xd8, 0x5d, 0xc2, 0x02, 0x00, 0xc8, 0x0e, 0x00,
	0x00, 0x56, 0x57, 0xc4, 0x5e, 0x04, 0x66, 0x26, 0x8b, 0x47, 0x1c, 0x66, 0xc1, 0xe8, 0x10, 0x50,
	0xe8, 0xe8, 0x18, 0x59, 0x89, 0x46, 0xfe, 0xc6, 0x46, 0xf8, 0x00, 0xc4, 0x5e, 0x04, 0x66, 0x26,
	0x8b, 0x47, 0x1c, 0x66, 0x89, 0x46, 0xf2, 0xc4, 0x5e, 0x08, 0x26, 0x8a, 0x07, 0xb4, 0x00, 0xc1,
	0xe0, 0x04, 0x8b, 0xf0, 0xc4, 0x5e, 0xf2, 0x26, 0x8a, 0x87, 0xb0, 0x00, 0xb4, 0x00, 0x50, 0xb8,
	0xd0, 0x07, 0x99, 0x5b, 0xf7, 0xfb, 0x88, 0x46, 0xfd, 0xc4, 0x5e, 0x04, 0x26, 0xf7, 0x47, 0x18,
	0x40, 0x00, 0x74, 0x0a, 0xb4, 0x00, 0x99, 0x2b, 0xc2, 0xd1, 0xf8, 0x88, 0x46, 0xfd, 0x80, 0x7e,
	0xfd, 0x32, 0x75, 0x08, 0xc6, 0x46, 0xf6, 0x03, 0xb2, 0x03, 0xeb, 0x06, 0xc6, 0x46, 0xf6, 0x05,
	0xb2, 0x05, 0xbf, 0xff, 0xff, 0x81, 0xfe, 0x20, 0x03, 0x72, 0x0a, 0x8a, 0x56, 0xf6, 0x8a, 0xc2,
	0x88, 0x46, 0xfa, 0xeb, 0x20, 0x81, 0xfe, 0x90, 0x01, 0x72, 0x0c, 0x80, 0x7e, 0xfd, 0x19, 0x75,
	0x06, 0xc6, 0x46, 0xfa, 0x03, 0xeb, 0x0e, 0xc6, 0x46, 0xfa, 0x01, 0x80, 0x7e, 0xfd, 0x19, 0x75,
	0x04, 0xc6, 0x46, 0xf8, 0x80, 0x88, 0x56, 0xfc, 0xe9, 0x89, 0x00, 0xc6, 0x46, 0xfb, 0x0b, 0xeb,
	0x7a, 0x8a, 0x46, 0xfd, 0xb4, 0x00, 0x8a, 0x56, 0xfc, 0xb6, 0x00, 0x8b, 0xda, 0x8a, 0x97, 0xb4,
	0x3f, 0xb6, 0x00, 0xf7, 0xea, 0x8a, 0x56, 0xfb, 0xb6, 0x00, 0xf7, 0xea, 0x8b, 0xd6, 0x2b, 0xd0,
	0x52, 0xe8, 0x13, 0xff, 0x3b, 0xc7, 0x73, 0x50, 0x8a, 0x46, 0xfd, 0xb4, 0x00, 0x8a, 0x56, 0xfc,
	0xb6, 0x00, 0x8b, 0xda, 0x8a, 0x97, 0xb4, 0x3f, 0xb6, 0x00, 0xf7, 0xea, 0x8a, 0x56, 0xfb, 0xb6,
	0x00, 0xf7, 0xea, 0x3b, 0xc6, 0x72, 0x31, 0x8a, 0x46, 0xfd, 0xb4, 0x00, 0x8a, 0x56, 0xfc, 0xb6,
	0x00, 0x8b, 0xda, 0x8a, 0x97, 0xb4, 0x3f, 0xb6, 0x00, 0xf7, 0xea, 0x8a, 0x56, 0xfb, 0xb6, 0x00,
	0xf7, 0xea, 0x8b, 0xd6, 0x2b, 0xd0, 0x52, 0xe8, 0xcd, 0xfe, 0x8b, 0xf8, 0x8a, 0x46, 0xfb, 0x88,
	0x46, 0xf9, 0x8a, 0x46, 0xfc, 0x88, 0x46, 0xf7, 0xfe, 0x4e, 0xfb, 0x80, 0x7e, 0xfb, 0x04, 0x73,
	0x80, 0xfe, 0x4e, 0xfc, 0x8a, 0x46, 0xfc, 0x3a, 0x46, 0xfa, 0x72, 0x03, 0xe9, 0x6c, 0xff, 0x8a,
	0x46, 0xf7, 0xc0, 0xe0, 0x04, 0x02, 0x46, 0xf6, 0x0a, 0x46, 0xf8, 0xc4, 0x5e, 0x14, 0x26, 0x88,
	0x07, 0xc4, 0x5e, 0x0c, 0x26, 0x80, 0x3f, 0x07, 0x76, 0x04, 0x26, 0xc6, 0x07, 0x07, 0x8a, 0x46,
	0xf9, 0x04, 0xfc, 0xc0, 0xe0, 0x05, 0xc4, 0x5e, 0x0c, 0x26, 0x02, 0x07, 0xc4, 0x5e, 0x10, 0x26,
	0x88, 0x07, 0x8a, 0x46, 0xfd, 0xb4, 0x00, 0x8a, 0x56, 0xf7, 0xb6, 0x00, 0x8b, 0xda, 0x8a, 0x97,
	0xb4, 0x3f, 0xb6, 0x00, 0xf7, 0xea, 0x8a, 0x56, 0xf9, 0xb6, 0x00, 0xf7, 0xea, 0xbb, 0x10, 0x00,
	0x99, 0xf7, 0xfb, 0xc4, 0x5e, 0x08, 0x26, 0x88, 0x07, 0xff, 0x76, 0xfe, 0xe8, 0x5c, 0x17, 0x59,
	0x33, 0xc0, 0x5f, 0x5e, 0xc9, 0xc3, 0x55, 0x8b, 0xec, 0x56, 0x8b, 0x76, 0x04, 0x83, 0xbc, 0x56,
	0x01, 0x00, 0x74, 0x07, 0xc6, 0x84, 0x53, 0x01, 0x08, 0xeb, 0x05, 0xc6, 0x84, 0x53, 0x01, 0x00,
	0x5e, 0x5d, 0xc3, 0x55, 0x8b, 0xec, 0x56, 0x8b, 0x76, 0x04, 0x66, 0x8b, 0x84, 0x5e, 0x01, 0x66,
	0x89, 0x84, 0x20, 0x08, 0xc7, 0x84, 0x56, 0x01, 0x01, 0x00, 0xc6, 0x84, 0x55, 0x01, 0x00, 0x6a,
	0x01, 0xe8, 0x52, 0x18, 0x59, 0x5e, 0x5d, 0xc3, 0xc8, 0x04, 0x00, 0x00, 0x56, 0x8b, 0x76, 0x04,
	0x66, 0xc7, 0x46, 0xfc, 0x00, 0x00, 0x00, 0x00, 0x8b, 0x54, 0x20, 0x83, 0xc2, 0x40, 0xec, 0x66,
	0x0f, 0xb6, 0xc0, 0x66, 0xc1, 0xe0, 0x10, 0x66, 0x89, 0x46, 0xfc, 0x8b, 0x54, 0x20, 0x83, 0xc2,
	0x41, 0xec, 0x66, 0x0f, 0xb6, 0xc0, 0x66, 0xc1, 0xe0, 0x08, 0x66, 0x09, 0x46, 0xfc, 0x8b, 0x54,
	0x20, 0x83, 0xc2, 0x39, 0xec, 0x66, 0x0f, 0xb6, 0xc0, 0x66, 0x09, 0x46, 0xfc, 0x8b, 0x54, 0x20,
	0x83, 0xc2, 0x40, 0xb0, 0x00, 0xee, 0x8b, 0x54, 0x20, 0x83, 0xc2, 0x41, 0xee, 0x8b, 0x54, 0x20,
	0x83, 0xc2, 0x39, 0xee, 0xc6, 0x84, 0x55, 0x01, 0x00, 0x66, 0x8b, 0x46, 0xfc, 0x66, 0x89, 0x84,
	0x5e, 0x01, 0x5e, 0xc9, 0xc3, 0xc8, 0x04, 0x00, 0x00, 0x56, 0x8b, 0x76, 0x04, 0x66, 0x8b, 0x84,
	0x5e, 0x01, 0x66, 0x89, 0x46, 0xfc, 0xc6, 0x84, 0x55, 0x01, 0x00, 0x8b, 0x54, 0x20, 0x83, 0xc2,
	0x39, 0x8a, 0x46, 0xfc, 0xee, 0x8b, 0x46, 0xfc, 0xc1, 0xe8, 0x08, 0x8b, 0x54, 0x20, 0x83, 0xc2,
	0x41, 0xee, 0x66, 0x8b, 0x46, 0xfc, 0x66, 0xc1, 0xe8, 0x10, 0x8b, 0x54, 0x20, 0x83, 0xc2, 0x40,
	0xee, 0x5e, 0xc9, 0xc3, 0x55, 0x8b, 0xec, 0x56, 0x8b, 0x76, 0x04, 0xb1, 0x11, 0x8b, 0x54, 0x20,
	0x83, 0xc2, 0x14, 0xec, 0xa8, 0x03, 0x74, 0x02, 0xb1, 0x12, 0x88, 0x8c, 0x55, 0x01, 0x5e, 0x5d,
	0xc3, 0xc8, 0x0e, 0x00, 0x00, 0x56, 0x57, 0x8b, 0x76, 0x04, 0x33, 0xff, 0x66, 0x83, 0x7c, 0x10,
	0x00, 0x74, 0x03, 0xe9, 0x9d, 0x00, 0x66, 0x8b, 0x44, 0x1c, 0x66, 0x89, 0x46, 0xfc, 0x66, 0xc1,
	0xe8, 0x10, 0x50, 0xe8, 0x25, 0x16, 0x59, 0x89, 0x46, 0xf2, 0x66, 0xc7, 0x46, 0xf8, 0x00, 0xc0,
	0x00, 0x00, 0xeb, 0x52, 0x66, 0x8b, 0x46, 0xf8, 0x66, 0xc1, 0xe0, 0x10, 0x66, 0x0f, 0xa4, 0xc2,
	0x10, 0x89, 0x56, 0xf6, 0x89, 0x46, 0xf4, 0xc4, 0x5e, 0xf4, 0x26, 0x80, 0x3f, 0x55, 0x75, 0x2e,
	0x26, 0x80, 0x7f, 0x01, 0xaa, 0x75, 0x27, 0x33, 0xf6, 0xc4, 0x5e, 0xf4, 0x03, 0xde, 0x26, 0x8a,
	0x47, 0x55, 0x3a, 0x84, 0xba, 0x3f, 0x75, 0x06, 0x46, 0x83, 0xfe, 0x0a, 0x7c, 0xeb, 0xc4, 0x5e,
	0xf4, 0x26, 0x80, 0x7f, 0x0c, 0x50, 0x75, 0x06, 0x83, 0xfe, 0x0a, 0x75, 0x01, 0x47, 0x66, 0x81,
	0x46, 0xf8, 0x80, 0x00, 0x00, 0x00, 0x66, 0x81, 0x7e, 0xf8, 0x00, 0x00, 0x01, 0x00, 0x73, 0x05,
	0x83, 0xff, 0x02, 0x7c, 0x9f, 0xff, 0x76, 0xf2, 0xe8, 0xb0, 0x15, 0x59, 0x83, 0xff, 0x01, 0x7e,
	0x12, 0xc4, 0x5e, 0xfc, 0x26, 0xc6, 0x47, 0x02, 0x00, 0x26, 0xc7, 0x07, 0x00, 0x00, 0xb8, 0x01,
	0x00, 0xeb, 0x02, 0x33, 0xc0, 0x5f, 0x5e, 0xc9, 0xc3, 0xc8, 0x18, 0x00, 0x00, 0x56, 0x57, 0xc4,
	0x5e, 0x06, 0x66, 0x26, 0x8b, 0x47, 0x10, 0x66, 0x89, 0x46, 0xea, 0x26, 0xc6, 0x47, 0x05, 0x00,
	0x26, 0xc7, 0x47, 0x20, 0x00, 0x00, 0x26, 0xc6, 0x47, 0x03, 0x07, 0x66, 0x83, 0x7e, 0xea, 0x00,
	0x75, 0x08, 0x66, 0xc7, 0x46, 0xea, 0x6e, 0xfe, 0x00, 0xf0, 0xc7, 0x46, 0xf4, 0x10, 0x00, 0xc7,
	0x46, 0xf2, 0x12, 0x00, 0xc4, 0x5e, 0x06, 0x26, 0x80, 0xbf, 0x55, 0x01, 0x00, 0x75, 0x72, 0x26,
	0xc6, 0x87, 0x55, 0x01, 0x00, 0xc6, 0x46, 0xff, 0x00, 0xc7, 0x46, 0xfc, 0x01, 0x00, 0xeb, 0x45,
	0xc7, 0x46, 0xf8, 0x00, 0x00, 0xeb, 0x2f, 0xb4, 0xb1, 0xb0, 0x02, 0x8b, 0x4e, 0xfc, 0xba, 0x00,
	0x10, 0x8b, 0x76, 0xf8, 0x9c, 0xff, 0x5e, 0xea, 0x72, 0x28, 0xb4, 0xb1, 0xb0, 0x08, 0xbf, 0x04,
	0x00, 0x9c, 0xff, 0x5e, 0xea, 0x72, 0x0c, 0x88, 0x4e, 0xfa, 0xf6, 0x46, 0xfa, 0x01, 0x74, 0x03,
	0xfe, 0x46, 0xff, 0xff, 0x46, 0xf8, 0x83, 0x7e, 0xf8, 0x1e, 0x73, 0x06, 0x80, 0x7e, 0xff, 0x1e,
	0x76, 0xc5, 0xff, 0x46, 0xfc, 0x83, 0x7e, 0xfc, 0x0f, 0x77, 0x06, 0x80, 0x7e, 0xff, 0x1e, 0x76,
	0xaf, 0x8a, 0x46, 0xff, 0xb4, 0x00, 0xc4, 0x5e, 0x06, 0x26, 0x89, 0x87, 0x56, 0x01, 0xe9, 0x7a,
	0x01, 0xc4, 0x5e, 0x06, 0x26, 0x80, 0xbf, 0x55, 0x01, 0xff, 0x74, 0x03, 0xe9, 0x6c, 0x01, 0x26,
	0xc6, 0x87, 0x55, 0x01, 0x00, 0xc6, 0x46, 0xff, 0x00, 0x26, 0x8a, 0x87, 0x56, 0x01, 0x88, 0x46,
	0xfb, 0xc7, 0x46, 0xfc, 0x01, 0x00, 0xe9, 0xcf, 0x00, 0xc7, 0x46, 0xf8, 0x00, 0x00, 0xe9, 0xb3,
	0x00, 0xb4, 0xb1, 0xb0, 0x02, 0x8b, 0x4e, 0xfc, 0xba, 0x00, 0x10, 0x8b, 0x76, 0xf8, 0x9c, 0xff,
	0x5e, 0xea, 0x73, 0x03, 0xe9, 0xae, 0x00, 0x88, 0x7e, 0xf7, 0x88, 0x5e, 0xf6, 0xb4, 0xb1, 0xb0,
	0x08, 0xbf, 0x04, 0x00, 0x9c, 0xff, 0x5e, 0xea, 0x72, 0x87, 0x88, 0x4e, 0xfa, 0xf6, 0x46, 0xfa,
	0x01, 0x74, 0x7e, 0x80, 0x4e, 0xfa, 0x04, 0xb4, 0xb1, 0xb0, 0x0b, 0xbf, 0x04, 0x00, 0x8a, 0x4e,
	0xfa, 0x9c, 0xff, 0x5e, 0xea, 0x72, 0x6a, 0xb4, 0xb1, 0xb0, 0x08, 0xbf, 0x0d, 0x00, 0x9c, 0xff,
	0x5e, 0xea, 0x72, 0x5d, 0x88, 0x4e, 0xfa, 0x80, 0x7e, 0xfa, 0x40, 0x73, 0x14, 0xc6, 0x46, 0xfa,
	0x40, 0xb4, 0xb1, 0xb0, 0x0b, 0xbf, 0x0d, 0x00, 0x8a, 0x4e, 0xfa, 0x9c, 0xff, 0x5e, 0xea, 0x72,
	0x40, 0x8a, 0x46, 0xfb, 0x3a, 0x46, 0xff, 0x75, 0x35, 0x83, 0x7e, 0xfc, 0x02, 0x74, 0x12, 0x83,
	0x7e, 0xfc, 0x03, 0x74, 0x0c, 0x83, 0x7e, 0xfc, 0x0e, 0x74, 0x06, 0x83, 0x7e, 0xfc, 0x0f, 0x75,
	0x09, 0xc4, 0x5e, 0x06, 0x26, 0x81, 0x4f, 0x18, 0x80, 0x00, 0x83, 0x7e, 0xfc, 0x06, 0x74, 0x06,
	0x83, 0x7e, 0xfc, 0x0f, 0x75, 0x08, 0xc4, 0x5e, 0x06, 0x26, 0x83, 0x4f, 0x18, 0x40, 0xfe, 0x46,
	0xff, 0xff, 0x46, 0xf8, 0x83, 0x7e, 0xf8, 0x1e, 0x73, 0x0b, 0x8a, 0x46, 0xff, 0x3a, 0x46, 0xfb,
	0x77, 0x03, 0xe9, 0x3c, 0xff, 0xff, 0x46, 0xfc, 0x83, 0x7e, 0xfc, 0x0f, 0x77, 0x0b, 0x8a, 0x46,
	0xff, 0x3a, 0x46, 0xfb, 0x77, 0x03, 0xe9, 0x20, 0xff, 0x8a, 0x46, 0xff, 0xb4, 0x00, 0x8a, 0x56,
	0xfb, 0xb6, 0x00, 0x42, 0x3b, 0xc2, 0x75, 0x44, 0xb4, 0xb1, 0xb0, 0x08, 0x8a, 0x5e, 0xf6, 0x8a,
	0x7e, 0xf7, 0xbf, 0x3c, 0x00, 0x9c, 0xff, 0x5e, 0xea, 0x72, 0x31, 0x88, 0x4e, 0xe9, 0xb4, 0xb1,
	0xb0, 0x09, 0x8a, 0x5e, 0xf6, 0x8a, 0x7e, 0xf7, 0x8b, 0x7e, 0xf4, 0x9c, 0xff, 0x5e, 0xea, 0x72,
	0x1b, 0x89, 0x4e, 0xee, 0xb4, 0xb1, 0xb0, 0x09, 0x8a, 0x5e, 0xf6, 0x8a, 0x7e, 0xf7, 0x8b, 0x7e,
	0xf2, 0x9c, 0xff, 0x5e, 0xea, 0x72, 0x05, 0x89, 0x4e, 0xf0, 0xeb, 0x0b, 0xc4, 0x5e, 0x06, 0x26,
	0xc6, 0x87, 0x55, 0x01, 0x03, 0xeb, 0x14, 0xc4, 0x5e, 0x06, 0x8b, 0x46, 0xee, 0x25, 0xfe, 0xff,
	0x26, 0x89, 0x47, 0x20, 0x8a, 0x46, 0xe9, 0x26, 0x88, 0x47, 0x04, 0x5f, 0x5e, 0xc9, 0xcb, 0x55,
	0x8b, 0xec, 0x33, 0xc0, 0x5d, 0xc3, 0x55, 0x8b, 0xec, 0x56, 0x57, 0x8b, 0x7e, 0x04, 0x8b, 0x75,
	0x20, 0x8b, 0xd6, 0x83, 0xc2, 0x38, 0xb0, 0x8e, 0xee, 0x8b, 0xd6, 0x83, 0xc2, 0x46, 0xe8, 0x44,
	0x13, 0x8b, 0xd6, 0x83, 0xc2, 0x1b, 0x50, 0xe8, 0x3b, 0x13, 0x5a, 0x22, 0xd0, 0xb6, 0x00, 0x81,
	0xe2, 0xf0, 0x00, 0x83, 0xfa, 0x30, 0x75, 0x08, 0x8b, 0xd6, 0x83, 0xc2, 0x38, 0xb0, 0x0e, 0xee,
	0x8b, 0xd6, 0x83, 0xc2, 0x3b, 0xb0, 0xa1, 0xee, 0x8b, 0xd6, 0x83, 0xc2, 0x1b, 0xb0, 0x01, 0xee,
	0x8b, 0xd6, 0xb0, 0xc8, 0xee, 0x8b, 0xd6, 0x83, 0xc2, 0x4f, 0xb0, 0x80, 0xee, 0x8b, 0xd6, 0x83,
	0xc2, 0x4a, 0x8a, 0x4d, 0x03, 0xb0, 0x01, 0xd2, 0xe0, 0xee, 0x8b, 0xd6, 0x83, 0xc2, 0x47, 0xb0,
	0x0e, 0xee, 0x8b, 0xd6, 0x83, 0xc2, 0x07, 0xb0, 0x01, 0xee, 0x8b, 0xd6, 0x83, 0xc2, 0x07, 0xe8,
	0xe3, 0x12, 0xb4, 0x00, 0xa9, 0x08, 0x00, 0x75, 0x08, 0x8b, 0xd6, 0x83, 0xc2, 0x4e, 0xb0, 0x20,
	0xee, 0x33, 0xc0, 0x5f, 0x5e, 0x5d, 0xc3, 0xc8, 0x2a, 0x00, 0x00, 0x56, 0x66, 0x8b, 0x46, 0x08,
	0x66, 0xc1, 0xe8, 0x10, 0x50, 0xe8, 0xb3, 0x12, 0x59, 0x89, 0x46, 0xee, 0x8b, 0x76, 0x08, 0x66,
	0x8b, 0x44, 0x27, 0x66, 0x89, 0x46, 0xf0, 0x66, 0x8b, 0x44, 0x23, 0x66, 0x89, 0x46, 0xe6, 0x66,
	0x8b, 0x44, 0x1f, 0x66, 0x89, 0x46, 0xea, 0x66, 0x83, 0x7e, 0xf0, 0x00, 0x75, 0x07, 0xc6, 0x44,
	0x03, 0x04, 0xe9, 0x5a, 0x02, 0xc6, 0x44, 0x03, 0x01, 0x8b, 0x76, 0xe6, 0x66, 0x8b, 0x46, 0xe6,
	0x66, 0xc1, 0xe8, 0x10, 0x50, 0xe8, 0x73, 0x12, 0x59, 0x8a, 0x04, 0x88, 0x46, 0xf7, 0x8a, 0x44,
	0x01, 0x88, 0x46, 0xf6, 0x8a, 0x44, 0x02, 0x88, 0x46, 0xf5, 0x8a, 0x44, 0x03, 0x88, 0x46, 0xf4,
	0x66, 0xff, 0x46, 0xf4, 0x66, 0x81, 0x7e, 0xf4, 0x00, 0x04, 0xfb, 0x00, 0x76, 0x08, 0x66, 0xc7,
	0x46, 0xf4, 0x00, 0x04, 0xfb, 0x00, 0x8b, 0x76, 0xea, 0x66, 0x8b, 0x46, 0xea, 0x66, 0xc1, 0xe8,
	0x10, 0x50, 0xe8, 0x36, 0x12, 0x59, 0x66, 0xc7, 0x46, 0xfc, 0x00, 0x00, 0x00, 0x00, 0x66, 0xc7,
	0x46, 0xf8, 0x00, 0x00, 0x00, 0x00, 0x81, 0xbc, 0xfe, 0x01, 0x55, 0xaa, 0x74, 0x03, 0xe9, 0x01,
	0x01, 0x81, 0xc6, 0xbe, 0x01, 0x80, 0x7c, 0x01, 0x01, 0x75, 0x23, 0x8a, 0x44, 0x03, 0xb4, 0x00,
	0x0b, 0xc0, 0x75, 0x1a, 0x80, 0x7c, 0x02, 0x01, 0x75, 0x14, 0x66, 0x83, 0x7c, 0x08, 0x3f, 0x73,
	0x06, 0x66, 0x8b, 0x44, 0x08, 0xeb, 0x03, 0x66, 0x33, 0xc0, 0x66, 0x89, 0x46, 0xf8, 0xb1, 0x00,
	0x80, 0x7c, 0x04, 0x00, 0x75, 0x03, 0xe9, 0x97, 0x00, 0x8a, 0x44, 0x07, 0xb4, 0x00, 0x8a, 0x54,
	0x06, 0xb6, 0x00, 0x81, 0xe2, 0xc0, 0x00, 0xc1, 0xe2, 0x02, 0x0b, 0xc2, 0x66, 0x0f, 0xbf, 0xc0,
	0x66, 0x89, 0x46, 0xd6, 0x8a, 0x44, 0x07, 0xb4, 0x00, 0x0b, 0xc0, 0x74, 0x73, 0x66, 0x83, 0x7e,
	0xf8, 0x00, 0x74, 0x06, 0x66, 0x8b, 0x46, 0xf8, 0xeb, 0x0c, 0x8a, 0x44, 0x06, 0xb4, 0x00, 0x25,
	0x3f, 0x00, 0x66, 0x0f, 0xbf, 0xc0, 0x66, 0x89, 0x46, 0xde, 0x66, 0x0f, 0xb6, 0x44, 0x05, 0x66,
	0x0f, 0xaf, 0x46, 0xde, 0x66, 0x0f, 0xb6, 0x54, 0x06, 0x66, 0x83, 0xe2, 0x3f, 0x66, 0x03, 0xc2,
	0x66, 0x50, 0x66, 0x8b, 0x44, 0x08, 0x66, 0x03, 0x44, 0x0c, 0x66, 0x5a, 0x66, 0x2b, 0xc2, 0x66,
	0x33, 0xd2, 0x66, 0xf7, 0x76, 0xde, 0x66, 0x89, 0x46, 0xe2, 0x66, 0x33, 0xd2, 0x66, 0xf7, 0x76,
	0xd6, 0x66, 0x83, 0xfa, 0x00, 0x75, 0x19, 0x66, 0x8b, 0x46, 0xe2, 0x66, 0x33, 0xd2, 0x66, 0xf7,
	0x76, 0xd6, 0x66, 0x89, 0x46, 0xfc, 0x66, 0x8b, 0x46, 0xde, 0x66, 0x89, 0x46, 0xf8, 0xeb, 0x0d,
	0xfe, 0xc1, 0x83, 0xc6, 0x10, 0x80, 0xf9, 0x04, 0x73, 0x03, 0xe9, 0x53, 0xff, 0x66, 0x83, 0x7e,
	0xfc, 0x00, 0x74, 0x1e, 0x66, 0x83, 0x7e, 0xf8, 0x00, 0x74, 0x17, 0x66, 0x8b, 0x5e, 0xfc, 0x66,
	0x0f, 0xaf, 0x5e, 0xf8, 0x66, 0x8b, 0x46, 0xf4, 0x66, 0x33, 0xd2, 0x66, 0xf7, 0xf3, 0x66, 0x89,
	0x46, 0xda, 0x66, 0x83, 0x7e, 0xfc, 0x00, 0x74, 0x03, 0xe9, 0xb4, 0x00, 0x66, 0xc7, 0x46, 0xda,
	0x00, 0x04, 0x00, 0x00, 0x66, 0xc7, 0x46, 0xf8, 0x3f, 0x00, 0x00, 0x00, 0x66, 0x8b, 0x46, 0xda,
	0x66, 0x0f, 0xaf, 0x46, 0xf8, 0x66, 0x89, 0x46, 0xe2, 0x66, 0x8b, 0x46, 0xf4, 0x66, 0x33, 0xd2,
	0x66, 0xf7, 0x76, 0xe2, 0x66, 0x89, 0x46, 0xfc, 0x66, 0x81, 0x7e, 0xfc, 0xff, 0x00, 0x00, 0x00,
	0x72, 0x0a, 0x66, 0xc7, 0x46, 0xfc, 0xff, 0x00, 0x00, 0x00, 0xeb, 0x74, 0x66, 0x8b, 0x46, 0xf4,
	0x66, 0x33, 0xd2, 0x66, 0xf7, 0x76, 0xe2, 0x66, 0x83, 0xfa, 0x00, 0x74, 0x63, 0x66, 0xff, 0x46,
	0xfc, 0x66, 0x81, 0x7e, 0xfc, 0xff, 0x00, 0x00, 0x00, 0x76, 0x08, 0x66, 0xc7, 0x46, 0xfc, 0xff,
	0x00, 0x00, 0x00, 0x66, 0x8b, 0x46, 0xda, 0x66, 0x0f, 0xaf, 0x46, 0xfc, 0x66, 0x89, 0x46, 0xe2,
	0x66, 0x8b, 0x46, 0xf4, 0x66, 0x33, 0xd2, 0x66, 0xf7, 0x76, 0xe2, 0x66, 0x89, 0x46, 0xf8, 0x66,
	0x8b, 0x46, 0xf4, 0x66, 0x33, 0xd2, 0x66, 0xf7, 0x76, 0xe2, 0x66, 0x83, 0xfa, 0x00, 0x74, 0x20,
	0x66, 0xff, 0x46, 0xf8, 0x66, 0x8b, 0x46, 0xfc, 0x66, 0x0f, 0xaf, 0x46, 0xf8, 0x66, 0x89, 0x46,
	0xe2, 0x66, 0x8b, 0x46, 0xf4, 0x66, 0x33, 0xd2, 0x66, 0xf7, 0x76, 0xe2, 0x66, 0x89, 0x46, 0xda,
	0x66, 0x81, 0x7e, 0xda, 0x00, 0x04, 0x00, 0x00, 0x76, 0x08, 0x66, 0xc7, 0x46, 0xda, 0x00, 0x04,
	0x00, 0x00, 0xc4, 0x5e, 0xf0, 0x66, 0x8b, 0x46, 0xfc, 0x66, 0x26, 0x89, 0x47, 0x04, 0x66, 0x8b,
	0x46, 0xf8, 0x66, 0x26, 0x89, 0x47, 0x08, 0x66, 0x8b, 0x46, 0xda, 0x66, 0x26, 0x89, 0x07, 0xff,
	0x76, 0xee, 0xe8, 0x26, 0x10, 0x59, 0x5e, 0xc9, 0xc3, 0x55, 0x8b, 0xec, 0x8b, 0x5e, 0x04, 0x80,
	0x7f, 0x1b, 0x00, 0x74, 0x0f, 0x53, 0xe8, 0x15, 0xde, 0x59, 0x66, 0x33, 0xc0, 0x66, 0x0f, 0xa4,
	0xc2, 0x10, 0xeb, 0x0d, 0x66, 0xff, 0x76, 0x08, 0xff, 0x76, 0x04, 0xe8, 0x1e, 0x03, 0x83, 0xc4,
	0x06, 0x5d, 0xc3, 0xc8, 0x0c, 0x00, 0x00, 0x56, 0x8b, 0x5e, 0x04, 0x66, 0x83, 0xbf, 0xb2, 0x01,
	0x00, 0x75, 0x0b, 0x66, 0x33, 0xc0, 0x66, 0x0f, 0xa4, 0xc2, 0x10, 0xe9, 0xef, 0x02, 0x8b, 0x5e,
	0x04, 0x66, 0x8b, 0x87, 0xb2, 0x01, 0x66, 0x89, 0x46, 0xfc, 0x80, 0xbf, 0xc6, 0x01, 0x00, 0x74,
	0x03, 0xe9, 0x75, 0x01, 0x80, 0xbf, 0x49, 0x01, 0x80, 0x73, 0x03, 0xe9, 0x6b, 0x01, 0xc4, 0x5e,
	0xfc, 0x66, 0x26, 0x8b, 0x47, 0x17, 0x8b, 0x5e, 0x04, 0x66, 0x89, 0x87, 0xec, 0x01, 0x66, 0x89,
	0x87, 0x48, 0x02, 0x66, 0x89, 0x87, 0x00, 0x02, 0x66, 0x89, 0x87, 0xba, 0x01, 0x8b, 0x5e, 0xfc,
	0x26, 0x8a, 0x47, 0x63, 0x8b, 0x5e, 0x04, 0x88, 0x87, 0xf5, 0x01, 0x8b, 0x46, 0x04, 0x05, 0xba,
	0x01, 0x8c, 0x9f, 0x3a, 0x02, 0x89, 0x87, 0x38, 0x02, 0xc7, 0x87, 0x40, 0x02, 0x01, 0x00, 0xc7,
	0x87, 0x42, 0x02, 0x01, 0x00, 0x8b, 0x5e, 0xfc, 0x66, 0x26, 0x8b, 0x47, 0x57, 0x8b, 0x5e, 0x04,
	0x66, 0x89, 0x87, 0xbe, 0x01, 0x8b, 0x5e, 0xfc, 0x66, 0x26, 0x8b, 0x47, 0x53, 0x8b, 0x5e, 0x04,
	0x66, 0x89, 0x87, 0xc2, 0x01, 0x8b, 0x46, 0xfe, 0x8b, 0x56, 0xfc, 0x83, 0xc2, 0x65, 0x50, 0x52,
	0x66, 0x5a, 0x66, 0x89, 0x97, 0x50, 0x02, 0x8b, 0x5e, 0xfc, 0x26, 0x8b, 0x47, 0x0d, 0x8b, 0x5e,
	0x04, 0x89, 0x87, 0x1a, 0x02, 0xc6, 0x87, 0xd4, 0x01, 0x28, 0x8b, 0x5e, 0xfc, 0x66, 0x26, 0x8b,
	0x47, 0x06, 0x66, 0x25, 0x00, 0x00, 0x00, 0xc0, 0x66, 0x89, 0x46, 0xf4, 0xb9, 0x02, 0x00, 0xbb,
	0x70, 0x2b, 0x66, 0x2e, 0x8b, 0x07, 0x66, 0x3b, 0x46, 0xf4, 0x74, 0x07, 0x83, 0xc3, 0x04, 0xe2,
	0xf1, 0xeb, 0x1c, 0x03, 0xc9, 0x03, 0xd9, 0x2e, 0xff, 0x67, 0x04, 0x8b, 0x5e, 0x04, 0x80, 0x8f,
	0xd4, 0x01, 0x40, 0xeb, 0x12, 0x8b, 0x5e, 0x04, 0x80, 0x8f, 0xd4, 0x01, 0x80, 0xeb, 0x08, 0x8b,
	0x5e, 0x04, 0x80, 0x8f, 0xd4, 0x01, 0xc0, 0x8b, 0x5e, 0x04, 0xc6, 0x87, 0xd5, 0x01, 0x84, 0xc7,
	0x87, 0xcc, 0x01, 0xc0, 0x00, 0xc4, 0x5e, 0xfc, 0x66, 0x26, 0x8b, 0x47, 0x79, 0x8b, 0x5e, 0x04,
	0x66, 0x89, 0x87, 0xc8, 0x01, 0xc6, 0x87, 0xce, 0x01, 0x01, 0xc6, 0x87, 0xd1, 0x01, 0x00, 0x8b,
	0x5e, 0xfc, 0x66, 0x26, 0x8b, 0x47, 0x65, 0x8b, 0x5e, 0x04, 0x66, 0x89, 0x87, 0x04, 0x02, 0x8b,
	0x5e, 0xfc, 0x66, 0x26, 0x8b, 0x47, 0x69, 0x8b, 0x5e, 0x04, 0x66, 0x89, 0x87, 0x08, 0x02, 0x8b,
	0x5e, 0xfc, 0x66, 0x26, 0x8b, 0x47, 0x6d, 0x8b, 0x5e, 0x04, 0x66, 0x89, 0x87, 0x0c, 0x02, 0x8b,
	0x46, 0x04, 0x05, 0xc8, 0x01, 0x8c, 0x9f, 0x46, 0x01, 0x89, 0x87, 0x44, 0x01, 0xc6, 0x87, 0x4f,
	0x01, 0x00, 0xc6, 0x87, 0x4d, 0x01, 0x01, 0x8b, 0x5e, 0xfc, 0xb0, 0x80, 0x26, 0x0a, 0x47, 0x0b,
	0x8b, 0x5e, 0x04, 0x88, 0x87, 0x4a, 0x01, 0x8b, 0x5e, 0xfc, 0x26, 0x8a, 0x47, 0x0a, 0x8b, 0x5e,
	0x04, 0x88, 0x87, 0x49, 0x01, 0xfe, 0x87, 0xc6, 0x01, 0x8b, 0x5e, 0x04, 0xc6, 0x87, 0x54, 0x01,
	0x02, 0xff, 0x76, 0x04, 0xe8, 0x47, 0xdc, 0x59, 0x8b, 0x5e, 0x04, 0x80, 0xbf, 0x55, 0x01, 0x00,
	0x75, 0x03, 0xe9, 0x4e, 0xfe, 0x8b, 0x5e, 0x04, 0x80, 0xbf, 0x55, 0x01, 0x08, 0x74, 0xda, 0x8b,
	0x5e, 0x04, 0x80, 0xbf, 0x55, 0x01, 0x0d, 0x74, 0xd0, 0x8b, 0x5e, 0x04, 0x80, 0xbf, 0x55, 0x01,
	0x02, 0x74, 0x03, 0xe9, 0x84, 0x00, 0xf7, 0x87, 0x56, 0x01, 0x00, 0x80, 0x74, 0x0a, 0xc4, 0x5e,
	0xfc, 0x26, 0xc6, 0x47, 0x03, 0x0a, 0xeb, 0x1c, 0x8b, 0x5e, 0x04, 0x80, 0xbf, 0xfc, 0x01, 0x00,
	0x74, 0x0a, 0xc4, 0x5e, 0xfc, 0x26, 0xc6, 0x47, 0x03, 0x04, 0xeb, 0x08, 0xc4, 0x5e, 0xfc, 0x26,
	0xc6, 0x47, 0x03, 0x01, 0xc4, 0x5e, 0xfc, 0x8b, 0x76, 0x04, 0x8a, 0x84, 0xfc, 0x01, 0x26, 0x88,
	0x47, 0x04, 0x8b, 0x5e, 0x04, 0x66, 0x8b, 0x87, 0x00, 0x02, 0x8b, 0x5e, 0xfc, 0x66, 0x26, 0x89,
	0x47, 0x17, 0x8b, 0x84, 0x1a, 0x02, 0x26, 0x89, 0x47, 0x0d, 0x8b, 0x5e, 0x04, 0xc6, 0x87, 0xc6,
	0x01, 0x00, 0xc4, 0x5e, 0xfc, 0x66, 0x26, 0x8b, 0x47, 0x75, 0x8b, 0x5e, 0x04, 0x66, 0x89, 0x87,
	0xb2, 0x01, 0x66, 0x83, 0xbf, 0xb2, 0x01, 0x00, 0x75, 0x09, 0x66, 0xc7, 0x87, 0xb6, 0x01, 0x00,
	0x00, 0x00, 0x00, 0x66, 0x8b, 0x46, 0xfc, 0xe9, 0xac, 0xfd, 0x8b, 0x5e, 0x04, 0x80, 0xbf, 0x55,
	0x01, 0x01, 0x75, 0x0a, 0x80, 0xbf, 0xc6, 0x01, 0x03, 0x73, 0x03, 0xe9, 0xc0, 0xfd, 0x8b, 0x5e,
	0x04, 0x80, 0xbf, 0x55, 0x01, 0x05, 0x74, 0x07, 0x80, 0xbf, 0x55, 0x01, 0x07, 0x75, 0x16, 0x8b,
	0x5e, 0x04, 0xc7, 0x87, 0x56, 0x01, 0x01, 0x00, 0xc6, 0x87, 0x6a, 0x01, 0x07, 0xc6, 0x87, 0x54,
	0x01, 0x08, 0xe9, 0x0c, 0xff, 0x8b, 0x5e, 0x04, 0x80, 0xbf, 0x55, 0x01, 0x09, 0x74, 0x07, 0x80,
	0xbf, 0x55, 0x01, 0x06, 0x75, 0x16, 0x8b, 0x5e, 0x04, 0xc7, 0x87, 0x56, 0x01, 0x01, 0x00, 0xc6,
	0x87, 0x6a, 0x01, 0x08, 0xc6, 0x87, 0x54, 0x01, 0x09, 0xe9, 0xe5, 0xfe, 0x8b, 0x5e, 0x04, 0x80,
	0xbf, 0x55, 0x01, 0x0e, 0x75, 0x25, 0x66, 0x8b, 0x87, 0xba, 0x01, 0x66, 0x2b, 0x87, 0x00, 0x02,
	0x66, 0x89, 0x46, 0xf8, 0x66, 0x01, 0x87, 0xbe, 0x01, 0x66, 0x01, 0x87, 0xc2, 0x01, 0x66, 0x29,
	0x87, 0xba, 0x01, 0xc6, 0x87, 0x54, 0x01, 0x0d, 0xe9, 0xb6, 0xfe, 0xc4, 0x5e, 0xfc, 0x26, 0xc6,
	0x47, 0x03, 0x27, 0xff, 0x76, 0x04, 0xe8, 0x57, 0xeb, 0x59, 0xe9, 0x2d, 0xff, 0x5e, 0xc9, 0xc3,
	0x00, 0x00, 0x00, 0x40, 0x00, 0x00, 0x00, 0x80, 0x5b, 0x29, 0x65, 0x29, 0xc8, 0x08, 0x00, 0x00,
	0x56, 0x8b, 0x76, 0x04, 0x66, 0xc7, 0x46, 0xfc, 0x00, 0x00, 0x00, 0x00, 0xc4, 0x5e, 0x06, 0x66,
	0x26, 0xc7, 0x47, 0x75, 0x00, 0x00, 0x00, 0x00, 0x26, 0xc6, 0x47, 0x03, 0x00, 0x66, 0x83, 0xbc,
	0xb2, 0x01, 0x00, 0x74, 0x03, 0xe9, 0x8a, 0x00, 0x26, 0xf7, 0x47, 0x0d, 0x00, 0x81, 0x74, 0x13,
	0xc6, 0x84, 0x54, 0x01, 0x11, 0x56, 0xe8, 0xa5, 0xda, 0x59, 0x66, 0x8b, 0x84, 0x5e, 0x01, 0x66,
	0x89, 0x46, 0xf8, 0x66, 0x8b, 0x46, 0x06, 0x66, 0x89, 0x84, 0xb6, 0x01, 0x66, 0x89, 0x84, 0xb2,
	0x01, 0xc6, 0x84, 0xc6, 0x01, 0x00, 0x1e, 0x56, 0xe8, 0x88, 0xfc, 0x52, 0x50, 0x66, 0x58, 0x83,
	0xc4, 0x04, 0x66, 0x89, 0x46, 0xfc, 0x66, 0x83, 0x7e, 0xfc, 0x02, 0x77, 0x21, 0xc4, 0x5e, 0x06,
	0x26, 0xf7, 0x47, 0x0d, 0x00, 0x81, 0x74, 0x16, 0x1e, 0x56, 0xe8, 0x66, 0xfc, 0x52, 0x50, 0x66,
	0x58, 0x83, 0xc4, 0x04, 0x66, 0x89, 0x46, 0xfc, 0x66, 0x83, 0xf8, 0x02, 0x76, 0xea, 0xc4, 0x5e,
	0x06, 0x26, 0xf7, 0x47, 0x0d, 0x00, 0x81, 0x74, 0x13, 0xc6, 0x84, 0x54, 0x01, 0x12, 0x66, 0x8b,
	0x46, 0xf8, 0x66, 0x89, 0x84, 0x5e, 0x01, 0x56, 0xe8, 0x33, 0xda, 0x59, 0x66, 0x8b, 0x46, 0xfc,
	0xeb, 0x15, 0xc4, 0x9c, 0xb6, 0x01, 0x66, 0x8b, 0x46, 0x06, 0x66, 0x26, 0x89, 0x47, 0x75, 0x66,
	0x89, 0x84, 0xb6, 0x01, 0x66, 0x33, 0xc0, 0x66, 0x0f, 0xa4, 0xc2, 0x10, 0x5e, 0xc9, 0xc3, 0x00,
	0x55, 0x8b, 0xec, 0x8b, 0x46, 0x04, 0x8b, 0x56, 0x06, 0x8b, 0x5e, 0x08, 0xf7, 0xf3, 0x5d, 0xc3,
	0x55, 0x8b, 0xec, 0x8b, 0x46, 0x04, 0x8b, 0x56, 0x06, 0xf7, 0xe2, 0x72, 0x02, 0x33, 0xd2, 0x5d,
	0xc3, 0x55, 0x8b, 0xec, 0xc7, 0x06, 0x20, 0x02, 0xc0, 0x00, 0xc6, 0x06, 0x22, 0x02, 0x02, 0xc6,
	0x06, 0x25, 0x02, 0x00, 0x66, 0xc7, 0x06, 0x26, 0x02, 0x00, 0x00, 0x80, 0x20, 0xc7, 0x06, 0x83,
	0x02, 0x0a, 0x00, 0x66, 0x8b, 0x46, 0x04, 0x66, 0x05, 0x20, 0x02, 0x00, 0x00, 0x66, 0xa3, 0x99,
	0x02, 0x66, 0x8b, 0x46, 0x04, 0x66, 0x05, 0x97, 0x01, 0x00, 0x00, 0x66, 0xa3, 0x8f, 0x01, 0xa1,
	0x61, 0x00, 0xa3, 0x95, 0x01, 0xc7, 0x06, 0x93, 0x01, 0x97, 0x01, 0x66, 0x8b, 0x46, 0x04, 0x66,
	0x05, 0xe0, 0x01, 0x00, 0x00, 0x66, 0xa3, 0xe8, 0x01, 0x5d, 0xc3, 0x57, 0xc6, 0x06, 0x29, 0x02,
	0x48, 0xc6, 0x06, 0x2b, 0x02, 0x00, 0x66, 0xc7, 0x06, 0x37, 0x02, 0x00, 0x00, 0x00, 0x00, 0xb9,
	0x05, 0x00, 0xbf, 0x85, 0x02, 0x1e, 0x07, 0x33, 0xc0, 0xf3, 0xab, 0xc7, 0x06, 0x83, 0x02, 0x06,
	0x00, 0x66, 0xa1, 0x8f, 0x01, 0x66, 0xa3, 0x73, 0x02, 0x66, 0xa1, 0x93, 0x01, 0x66, 0xa3, 0x77,
	0x02, 0xc7, 0x06, 0x2d, 0x02, 0x00, 0x81, 0x5f, 0xc3, 0xc8, 0x0e, 0x00, 0x00, 0x66, 0x83, 0x3e,
	0x42, 0x00, 0x00, 0x74, 0x1b, 0xa0, 0x46, 0x00, 0xa2, 0x25, 0x02, 0x66, 0xa1, 0x42, 0x00, 0x66,
	0x89, 0x46, 0xfa, 0x66, 0xff, 0x36, 0xca, 0x01, 0xff, 0x5e, 0xfa, 0x83, 0xc4, 0x04, 0xeb, 0x30,
	0x66, 0xa1, 0xc6, 0x01, 0x66, 0x89, 0x46, 0xf6, 0x66, 0xa1, 0xca, 0x01, 0x66, 0x89, 0x46, 0xf2,
	0xff, 0x36, 0x40, 0x00, 0xe8, 0xb1, 0xd8, 0x59, 0x89, 0x46, 0xfe, 0x66, 0xff, 0x76, 0xf2, 0x66,
	0xff, 0x76, 0xf6, 0xe8, 0xe3, 0xfa, 0x83, 0xc4, 0x08, 0xff, 0x76, 0xfe, 0xe8, 0x99, 0xd8, 0x59,
	0xc9, 0xc3, 0xc6, 0x06, 0x23, 0x02, 0x00, 0xc6, 0x06, 0x24, 0x02, 0x00, 0xe8, 0x9a, 0xff, 0x80,
	0x3e, 0x23, 0x02, 0x01, 0x75, 0x04, 0xb0, 0x00, 0xeb, 0x21, 0x80, 0x3e, 0x24, 0x02, 0x02, 0x75,
	0x18, 0xe8, 0xcc, 0x00, 0x80, 0x3e, 0x23, 0x02, 0x01, 0x75, 0x0e, 0xa0, 0x99, 0x01, 0x24, 0x0f,
	0x3c, 0x01, 0x74, 0xe2, 0xc6, 0x06, 0x23, 0x02, 0x04, 0xb0, 0xbb, 0xc3, 0x33, 0xc0, 0xc3, 0x80,
	0x3e, 0x23, 0x02, 0x01, 0x74, 0x05, 0xb8, 0x01, 0x00, 0xeb, 0x02, 0x33, 0xc0, 0xc3, 0xc8, 0x02,
	0x00, 0x00, 0x56, 0x8b, 0x76, 0x08, 0xc6, 0x06, 0x99, 0x01, 0x00, 0xff, 0x56, 0x04, 0x88, 0x46,
	0xff, 0xb4, 0x00, 0x0b, 0xc0, 0x74, 0x44, 0x8a, 0x16, 0x99, 0x01, 0x80, 0xe2, 0x0f, 0x4e, 0x8b,
	0xc6, 0x0b, 0xc0, 0x74, 0x36, 0x80, 0xfa, 0x02, 0x75, 0x07, 0x80, 0x3e, 0xa3, 0x01, 0x3a, 0x75,
	0x1d, 0x80, 0xfa, 0x04, 0x74, 0x18, 0x80, 0xfa, 0x06, 0x74, 0x13, 0x80, 0xfa, 0x03, 0x75, 0x07,
	0x80, 0x3e, 0xa3, 0x01, 0x3a, 0x75, 0x07, 0x80, 0x3e, 0x24, 0x02, 0x08, 0x75, 0x0d, 0xff, 0x76,
	0x06, 0xe8, 0x6e, 0x0b, 0x59, 0x0b, 0xc0, 0x75, 0xad, 0xeb, 0xab, 0x8a, 0x46, 0xff, 0x5e, 0xc9,
	0xc3, 0x55, 0x8b, 0xec, 0xe8, 0xb4, 0xfe, 0x8a, 0x46, 0x04, 0xa2, 0x2a, 0x02, 0xe8, 0x42, 0xff,
	0x5d, 0xc3, 0xe8, 0xa6, 0xfe, 0xe8, 0x3a, 0xff, 0xc3, 0xe8, 0x9f, 0xfe, 0xc6, 0x06, 0x85, 0x02,
	0x1b, 0xc6, 0x06, 0x89, 0x02, 0x01, 0xe8, 0x29, 0xff, 0xc3, 0xe8, 0x8e, 0xfe, 0xc6, 0x06, 0x85,
	0x02, 0x12, 0xc6, 0x06, 0x89, 0x02, 0x20, 0xc6, 0x06, 0x37, 0x02, 0x20, 0xe8, 0x13, 0xff, 0xc3,
	0xe8, 0x78, 0xfe, 0xc6, 0x06, 0x85, 0x02, 0x03, 0xc6, 0x06, 0x89, 0x02, 0x0e, 0xc6, 0x06, 0x37,
	0x02, 0x0e, 0xe8, 0xa4, 0xfe, 0xc3, 0x55, 0x8b, 0xec, 0x8a, 0x4e, 0x04, 0xc7, 0x06, 0x97, 0x01,
	0x49, 0x44, 0x8a, 0xc1, 0xb4, 0x00, 0xbb, 0x0a, 0x00, 0x99, 0xf7, 0xfb, 0x05, 0x30, 0x00, 0xc1,
	0xe0, 0x08, 0xba, 0x20, 0x00, 0x0b, 0xd0, 0x89, 0x16, 0x99, 0x01, 0x8a, 0xc1, 0xb4, 0x00, 0x99,
	0xf7, 0xfb, 0x83, 0xc2, 0x30, 0x81, 0xca, 0x00, 0x20, 0x89, 0x16, 0x9b, 0x01, 0xc7, 0x06, 0x9d,
	0x01, 0x20, 0x20, 0xc6, 0x06, 0xb7, 0x01, 0x00, 0x66, 0xff, 0x36, 0x93, 0x01, 0xe8, 0xfc, 0x09,
	0x83, 0xc4, 0x04, 0x5d, 0xc3, 0x55, 0x8b, 0xec, 0xc7, 0x06, 0x1e, 0x00, 0xe0, 0x01, 0xa1, 0x61,
	0x00, 0xa3, 0xcc, 0x01, 0x05, 0x1e, 0x00, 0xa3, 0x40, 0x00, 0xa3, 0xc8, 0x01, 0xc7, 0x06, 0xca,
	0x01, 0x20, 0x02, 0x66, 0x8b, 0x46, 0x08, 0x66, 0xa3, 0xec, 0x01, 0x66, 0xa3, 0x1c, 0x02, 0x66,
	0x8b, 0x46, 0x0c, 0x66, 0x05, 0xe0, 0x01, 0x00, 0x00, 0x66, 0xa3, 0xe8, 0x01, 0x66, 0x8b, 0x46,
	0x04, 0x66, 0xa3, 0xfc, 0x01, 0x66, 0x8b, 0x46, 0x10, 0x66, 0xa3, 0x04, 0x02, 0xc4, 0x5e, 0x04,
	0x26, 0x83, 0x7f, 0x7b, 0x00, 0x74, 0x13, 0x66, 0x26, 0x0f, 0xb7, 0x47, 0x7b, 0x66, 0x8b, 0x16,
	0xfc, 0x01, 0x66, 0x03, 0xd0, 0x66, 0x89, 0x16, 0x08, 0x02, 0x5d, 0xc3, 0xc8, 0x08, 0x00, 0x00,
	0x56, 0x57, 0xc7, 0x46, 0xfa, 0x00, 0x00, 0xb9, 0x0c, 0x00, 0xbf, 0x49, 0x00, 0x1e, 0x07, 0xb8,
	0xff, 0xff, 0xf3, 0xab, 0x33, 0xc0, 0x8e, 0xc0, 0x26, 0xa0, 0x75, 0x04, 0xb4, 0x00, 0x89, 0x46,
	0xfc, 0x8a, 0x46, 0xfc, 0xa2, 0x48, 0x00, 0x8b, 0x46, 0xfc, 0xf7, 0xd8, 0x1b, 0xc0, 0x40, 0xa2,
	0x15, 0x00, 0x66, 0xff, 0x76, 0x04, 0xe8, 0x18, 0xfd, 0x83, 0xc4, 0x04, 0xc7, 0x46, 0xfe, 0x00,
	0x00, 0xbe, 0x03, 0x01, 0xe9, 0xea, 0x00, 0x8a, 0x46, 0xfe, 0x50, 0xe8, 0xa3, 0xfe, 0x59, 0x8a,
	0x46, 0xfe, 0xa2, 0x2a, 0x02, 0xc6, 0x06, 0x97, 0x01, 0x7f, 0xe8, 0xbd, 0xfe, 0x80, 0x3e, 0x97,
	0x01, 0x7f, 0x75, 0x03, 0xe9, 0xc7, 0x00, 0x80, 0x3e, 0x97, 0x01, 0x00, 0x74, 0x0b, 0x8a, 0x46,
	0xfe, 0x50, 0xe8, 0xd1, 0xfe, 0x59, 0xe9, 0xb5, 0x00, 0x66, 0x68, 0xfa, 0x00, 0x28, 0x00, 0x68,
	0x29, 0x2e, 0xe8, 0x09, 0xfe, 0x83, 0xc4, 0x06, 0x66, 0x68, 0xfa, 0x00, 0xa0, 0x00, 0x68, 0x22,
	0x2e, 0xe8, 0xfa, 0xfd, 0x83, 0xc4, 0x06, 0x88, 0x46, 0xf9, 0xe8, 0x7d, 0xfe, 0x8a, 0x46, 0xfe,
	0x50, 0xe8, 0xa2, 0xfe, 0x59, 0x80, 0x7e, 0xf9, 0x00, 0x74, 0x03, 0xe9, 0x80, 0x00, 0x8a, 0x46,
	0xfe, 0x88, 0x04, 0xc6, 0x44, 0x0d, 0x01, 0x56, 0xe8, 0x95, 0x00, 0x59, 0x66, 0xff, 0x76, 0x04,
	0xe8, 0x8e, 0xfc, 0x83, 0xc4, 0x04, 0x66, 0x83, 0x7c, 0x06, 0x00, 0x74, 0x61, 0x8b, 0x7e, 0xfc,
	0x03, 0x7e, 0xfa, 0x83, 0xff, 0x02, 0x7d, 0x4a, 0x8b, 0xc7, 0xc1, 0xe0, 0x04, 0x05, 0x65, 0x01,
	0xa3, 0xb8, 0x01, 0xa1, 0x61, 0x00, 0xa3, 0xba, 0x01, 0xa0, 0x9b, 0x01, 0x8b, 0x1e, 0xb8, 0x01,
	0x88, 0x47, 0x02, 0xa0, 0x9f, 0x01, 0x88, 0x47, 0x0e, 0xa1, 0x97, 0x01, 0x89, 0x07, 0xc7, 0x06,
	0xbe, 0x01, 0x00, 0x00, 0x0b, 0xff, 0x75, 0x08, 0xc7, 0x06, 0xbc, 0x01, 0x04, 0x01, 0xeb, 0x06,
	0xc7, 0x06, 0xbc, 0x01, 0x18, 0x01, 0x66, 0xa1, 0xb8, 0x01, 0xc4, 0x1e, 0xbc, 0x01, 0x66, 0x26,
	0x89, 0x07, 0x8b, 0x46, 0xfa, 0x88, 0x45, 0x49, 0xff, 0x46, 0xfa, 0x83, 0xc6, 0x0e, 0xff, 0x46,
	0xfe, 0x83, 0x7e, 0xfe, 0x20, 0x7d, 0x09, 0x83, 0x7e, 0xfa, 0x07, 0x7d, 0x03, 0xe9, 0x07, 0xff,
	0xa0, 0x48, 0x00, 0x02, 0x46, 0xfa, 0xa2, 0x48, 0x00, 0x8b, 0x46, 0xfa, 0x5f, 0x5e, 0xc9, 0xc3,
	0xc8, 0x0c, 0x00, 0x00, 0x56, 0x8b, 0x76, 0x04, 0x66, 0xc7, 0x44, 0x06, 0x00, 0x00, 0x00, 0x00,
	0xe8, 0x48, 0xfc, 0xc6, 0x06, 0x85, 0x02, 0x25, 0xc7, 0x06, 0x83, 0x02, 0x0a, 0x00, 0xc6, 0x06,
	0x37, 0x02, 0x08, 0xe8, 0xcc, 0xfc, 0x0a, 0xc0, 0x74, 0x03, 0xe9, 0xa5, 0x00, 0x66, 0xa1, 0x97,
	0x01, 0x66, 0x89, 0x46, 0xfc, 0x66, 0xa1, 0x9b, 0x01, 0x66, 0x89, 0x46, 0xf8, 0x66, 0x81, 0x7e,
	0xf8, 0x00, 0x00, 0x02, 0x00, 0x74, 0x03, 0xe9, 0x88, 0x00, 0x66, 0xc7, 0x06, 0xb8, 0x01, 0x00,
	0x00, 0x00, 0x00, 0xc6, 0x06, 0xc4, 0x01, 0x01, 0x66, 0xc7, 0x06, 0xbc, 0x01, 0x00, 0x7c, 0x00,
	0x40, 0xc6, 0x06, 0xc5, 0x01, 0x01, 0xe8, 0x6c, 0x00, 0x0a, 0xc0, 0x75, 0x65, 0x66, 0xc7, 0x06,
	0x3f, 0x02, 0x00, 0x7c, 0x00, 0x40, 0x66, 0xa1, 0x93, 0x01, 0x66, 0xa3, 0x43, 0x02, 0x66, 0xa3,
	0x47, 0x02, 0x66, 0xff, 0x36, 0xca, 0x01, 0x66, 0xff, 0x36, 0xc6, 0x01, 0xe8, 0x98, 0xf4, 0x83,
	0xc4, 0x08, 0x80, 0x3e, 0x23, 0x02, 0x01, 0x75, 0x39, 0xa1, 0x9b, 0x01, 0x89, 0x46, 0xf4, 0x88,
	0x44, 0x0c, 0xa1, 0x9f, 0x01, 0x89, 0x46, 0xf6, 0x89, 0x44, 0x02, 0xa1, 0x97, 0x01, 0x89, 0x44,
	0x04, 0x8b, 0x46, 0xf4, 0xf7, 0x6e, 0xf6, 0x89, 0x44, 0x0a, 0x8a, 0x46, 0xfc, 0x88, 0x44, 0x09,
	0x8a, 0x46, 0xfd, 0x88, 0x44, 0x08, 0x8a, 0x46, 0xfe, 0x88, 0x44, 0x07, 0x8a, 0x46, 0xff, 0x88,
	0x44, 0x06, 0x5e, 0xc9, 0xc3, 0xc8, 0x08, 0x00, 0x00, 0x56, 0xc7, 0x06, 0x2d, 0x02, 0x00, 0x81,
	0x66, 0x83, 0x3e, 0x42, 0x00, 0x00, 0x74, 0x29, 0xa0, 0x2a, 0x02, 0xb4, 0x00, 0x8b, 0xd8, 0x80,
	0xbf, 0xce, 0x01, 0x00, 0x75, 0x1b, 0xa0, 0x2b, 0x02, 0x88, 0x46, 0xf9, 0xe8, 0xe1, 0xfc, 0xa0,
	0x2a, 0x02, 0xb4, 0x00, 0x8b, 0xd8, 0xc6, 0x87, 0xce, 0x01, 0x01, 0x8a, 0x46, 0xf9, 0xa2, 0x2b,
	0x02, 0xc6, 0x06, 0xb7, 0x01, 0x00, 0xa0, 0xc4, 0x01, 0x88, 0x46, 0xfb, 0xa1, 0xbc, 0x01, 0xc1,
	0xe8, 0x04, 0x01, 0x06, 0xbe, 0x01, 0x83, 0x26, 0xbc, 0x01, 0x0f, 0xa1, 0xbe, 0x01, 0xc1, 0xe8,
	0x0c, 0xa3, 0xc2, 0x01, 0xa1, 0xbe, 0x01, 0xc1, 0xe0, 0x04, 0xa3, 0xc0, 0x01, 0x66, 0x0f, 0xb7,
	0x06, 0xbc, 0x01, 0x66, 0x01, 0x06, 0xc0, 0x01, 0x66, 0x83, 0x3e, 0x42, 0x00, 0x00, 0x75, 0x16,
	0xb8, 0x40, 0x00, 0x8e, 0xc0, 0x26, 0xa0, 0x7b, 0x00, 0x98, 0xa9, 0x20, 0x00, 0x74, 0x07, 0x80,
	0x3e, 0xe5, 0x01, 0xff, 0x75, 0x0b, 0xc6, 0x06, 0x3e, 0x00, 0x00, 0xe8, 0x74, 0x01, 0xe9, 0x6e,
	0x01, 0xa0, 0x3e, 0x00, 0xb4, 0x00, 0x0b, 0xc0, 0x74, 0x03, 0xe9, 0x53, 0x01, 0xc6, 0x06, 0x3e,
	0x00, 0x01, 0xe8, 0x81, 0xd3, 0x0b, 0xc0, 0x74, 0x03, 0xe9, 0x44, 0x01, 0x66, 0xff, 0x36, 0x6f,
	0x00, 0xe8, 0x6d, 0xfa, 0x83, 0xc4, 0x04, 0xe9, 0x36, 0x01, 0x80, 0x3e, 0xc4, 0x01, 0x80, 0x76,
	0x05, 0xc6, 0x06, 0xc4, 0x01, 0x80, 0xa0, 0xc4, 0x01, 0xb4, 0x00, 0xc1, 0xe0, 0x08, 0x66, 0x0f,
	0xbf, 0xc0, 0x66, 0xd1, 0xe0, 0x66, 0xa3, 0x63, 0x00, 0x66, 0x0f, 0xb7, 0x06, 0xbc, 0x01, 0x66,
	0xa3, 0x67, 0x00, 0xa1, 0xbe, 0x01, 0xa3, 0x6b, 0x00, 0xc7, 0x06, 0x6f, 0x00, 0x11, 0x00, 0xc6,
	0x46, 0xfa, 0x00, 0xe8, 0x16, 0xd3, 0x0b, 0xc0, 0x75, 0x47, 0x66, 0x81, 0x3e, 0x77, 0x00, 0x00,
	0x02, 0x00, 0x00, 0x73, 0x05, 0xe8, 0x0a, 0xd3, 0xeb, 0x37, 0x66, 0x81, 0x3e, 0x77, 0x00, 0x00,
	0x00, 0x01, 0x00, 0x72, 0x0f, 0xc6, 0x06, 0xc4, 0x01, 0x80, 0x66, 0xc7, 0x46, 0xfc, 0x00, 0x00,
	0x01, 0x00, 0xeb, 0x17, 0xa1, 0x77, 0x00, 0xc1, 0xe8, 0x09, 0xa2, 0xc4, 0x01, 0xa1, 0x77, 0x00,
	0x25, 0x00, 0xfe, 0x66, 0x0f, 0xb7, 0xc0, 0x66, 0x89, 0x46, 0xfc, 0x66, 0xa1, 0x73, 0x00, 0xeb,
	0x43, 0x81, 0x0e, 0x2d, 0x02, 0x00, 0x04, 0xc6, 0x46, 0xfa, 0x01, 0x80, 0x3e, 0xc4, 0x01, 0x18,
	0x76, 0x05, 0xc6, 0x06, 0xc4, 0x01, 0x18, 0xa0, 0xc4, 0x01, 0xb4, 0x00, 0xc1, 0xe0, 0x09, 0x66,
	0x0f, 0xbf, 0xc0, 0x66, 0x89, 0x46, 0xfc, 0x66, 0xa3, 0x63, 0x00, 0x80, 0x3e, 0xc5, 0x01, 0x00,
	0x74, 0x04, 0x33, 0xc0, 0xeb, 0x03, 0xb8, 0x02, 0x00, 0x8b, 0xf0, 0x50, 0xe8, 0xe0, 0xd2, 0x59,
	0x66, 0xa1, 0x6f, 0x00, 0x66, 0xa3, 0xc0, 0x01, 0x66, 0xa1, 0xc0, 0x01, 0x66, 0x03, 0x46, 0xfc,
	0x66, 0x3d, 0x00, 0x00, 0x10, 0x00, 0x72, 0x06, 0x81, 0x0e, 0x2d, 0x02, 0x00, 0x04, 0xe8, 0xef,
	0xd2, 0xe8, 0x5e, 0x00, 0xe8, 0xfc, 0xd2, 0xa0, 0xc4, 0x01, 0xb4, 0x00, 0x66, 0x0f, 0xbf, 0xc0,
	0x66, 0x01, 0x06, 0xb8, 0x01, 0xa0, 0xc4, 0x01, 0x28, 0x46, 0xfb, 0xa1, 0xbc, 0x01, 0x03, 0x46,
	0xfc, 0xa3, 0xbc, 0x01, 0x80, 0x7e, 0xfa, 0x00, 0x74, 0x1d, 0xf7, 0x06, 0x2d, 0x02, 0x00, 0x08,
	0x74, 0x09, 0x81, 0x26, 0x2d, 0x02, 0xff, 0xf7, 0xbe, 0x02, 0x00, 0x8b, 0xc6, 0x35, 0x02, 0x00,
	0x50, 0xe8, 0x98, 0xd2, 0x59, 0xeb, 0x03, 0xe8, 0x28, 0xd2, 0x81, 0x26, 0x2d, 0x02, 0xff, 0xfb,
	0x8a, 0x46, 0xfb, 0xa2, 0xc4, 0x01, 0x0a, 0xc0, 0x74, 0x03, 0xe9, 0xbd, 0xfe, 0xb0, 0x00, 0x5e,
	0xc9, 0xc3, 0xc8, 0x04, 0x00, 0x00, 0x66, 0xc7, 0x46, 0xfc, 0x6b, 0x04, 0x01, 0x00, 0x83, 0x3e,
	0xba, 0x01, 0x1f, 0x73, 0x07, 0x80, 0x3e, 0x02, 0x01, 0x00, 0x74, 0x58, 0x80, 0x3e, 0x02, 0x01,
	0x00, 0x74, 0x07, 0xc6, 0x06, 0x85, 0x02, 0x2f, 0xeb, 0x10, 0x80, 0x3e, 0xc5, 0x01, 0x00, 0x74,
	0x04, 0xb0, 0x28, 0xeb, 0x02, 0xb0, 0x2a, 0xa2, 0x85, 0x02, 0xc6, 0x06, 0x86, 0x02, 0x00, 0xa0,
	0xbb, 0x01, 0xa2, 0x87, 0x02, 0xa0, 0xba, 0x01, 0xa2, 0x88, 0x02, 0xa0, 0xb9, 0x01, 0xa2, 0x89,
	0x02, 0xa0, 0xb8, 0x01, 0xa2, 0x8a, 0x02, 0xc6, 0x06, 0x8b, 0x02, 0x00, 0xc6, 0x06, 0x8c, 0x02,
	0x00, 0xa0, 0xc4, 0x01, 0xa2, 0x8d, 0x02, 0xc6, 0x06, 0x8e, 0x02, 0x00, 0xc7, 0x06, 0x83, 0x02,
	0x0a, 0x00, 0xeb, 0x33, 0x80, 0x3e, 0xc5, 0x01, 0x00, 0x74, 0x04, 0xb0, 0x08, 0xeb, 0x02, 0xb0,
	0x0a, 0xa2, 0x85, 0x02, 0xa0, 0xba, 0x01, 0xa2, 0x86, 0x02, 0xa0, 0xb9, 0x01, 0xa2, 0x87, 0x02,
	0xa0, 0xb8, 0x01, 0xa2, 0x88, 0x02, 0xa0, 0xc4, 0x01, 0xa2, 0x89, 0x02, 0xc6, 0x06, 0x8a, 0x02,
	0x00, 0xc7, 0x06, 0x83, 0x02, 0x06, 0x00, 0x80, 0x3e, 0xc5, 0x01, 0x00, 0x74, 0x07, 0xc6, 0x06,
	0x29, 0x02, 0x68, 0xeb, 0x05, 0xc6, 0x06, 0x29, 0x02, 0xa8, 0x68, 0x00, 0x02, 0xa0, 0xc4, 0x01,
	0xb4, 0x00, 0x50, 0xe8, 0x4a, 0xf8, 0x52, 0x50, 0x66, 0x58, 0x83, 0xc4, 0x04, 0x66, 0xa3, 0x37,
	0x02, 0x66, 0xa1, 0xbc, 0x01, 0x66, 0xa3, 0x77, 0x02, 0x66, 0xa1, 0xc0, 0x01, 0x66, 0xa3, 0x73,
	0x02, 0xe8, 0x2e, 0xf9, 0xa2, 0xb7, 0x01, 0x0a, 0xc0, 0x74, 0x25, 0x66, 0xff, 0x4e, 0xfc, 0x66,
	0x8b, 0x46, 0xfc, 0x66, 0x83, 0xf8, 0x00, 0x74, 0x17, 0x80, 0x3e, 0x24, 0x02, 0x08, 0x75, 0x10,
	0x6a, 0x02, 0xe8, 0xfc, 0x04, 0x59, 0x0b, 0xc0, 0x74, 0x03, 0xe9, 0x01, 0xff, 0xe9, 0xfe, 0xfe,
	0xa0, 0xb7, 0x01, 0xc9, 0xc3, 0xc6, 0x06, 0xb7, 0x01, 0x00, 0xe8, 0x5e, 0xf8, 0x83, 0x3e, 0xba,
	0x01, 0x1f, 0x72, 0x3e, 0xc6, 0x06, 0x85, 0x02, 0x2b, 0xc6, 0x06, 0x86, 0x02, 0x00, 0xa0, 0xbb,
	0x01, 0xa2, 0x87, 0x02, 0xa0, 0xba, 0x01, 0xa2, 0x88, 0x02, 0xa0, 0xb9, 0x01, 0xa2, 0x89, 0x02,
	0xa0, 0xb8, 0x01, 0xa2, 0x8a, 0x02, 0xc6, 0x06, 0x8b, 0x02, 0x00, 0xc6, 0x06, 0x8c, 0x02, 0x00,
	0xc6, 0x06, 0x8d, 0x02, 0x00, 0xc6, 0x06, 0x8e, 0x02, 0x00, 0xc7, 0x06, 0x83, 0x02, 0x0a, 0x00,
	0xeb, 0x27, 0xc6, 0x06, 0x85, 0x02, 0x0b, 0xa0, 0xba, 0x01, 0xa2, 0x86, 0x02, 0xa0, 0xb9, 0x01,
	0xa2, 0x87, 0x02, 0xa0, 0xb8, 0x01, 0xa2, 0x88, 0x02, 0xc6, 0x06, 0x89, 0x02, 0x00, 0xc6, 0x06,
	0x8a, 0x02, 0x00, 0xc7, 0x06, 0x83, 0x02, 0x06, 0x00, 0xe8, 0x86, 0xf8, 0x08, 0x06, 0xb7, 0x01,
	0xa0, 0xb7, 0x01, 0xc3, 0x83, 0x26, 0x3a, 0x00, 0xfe, 0x81, 0x0e, 0x3a, 0x00, 0x00, 0x02, 0xa0,
	0x2f, 0x00, 0xb4, 0x00, 0x8b, 0xd8, 0x83, 0xfb, 0x20, 0x77, 0x42, 0xd1, 0xe3, 0x2e, 0xff, 0xa7,
	0x51, 0x35, 0xa0, 0xfb, 0x00, 0xa2, 0x2f, 0x00, 0xeb, 0x3d, 0xc6, 0x06, 0x02, 0x01, 0x01, 0xe8,
	0xc3, 0x00, 0xc6, 0x06, 0x02, 0x01, 0x00, 0xeb, 0x2e, 0xe8, 0x14, 0x02, 0xeb, 0x29, 0xe8, 0x7c,
	0x01, 0xeb, 0x24, 0xc6, 0x06, 0x2f, 0x00, 0x00, 0xeb, 0x1d, 0xe8, 0x5e, 0x02, 0xeb, 0x18, 0xe8,
	0xd9, 0x02, 0xeb, 0x13, 0xe8, 0x5c, 0x00, 0xeb, 0x0e, 0x33, 0xc0, 0xeb, 0x13, 0x83, 0x0e, 0x3a,
	0x00, 0x01, 0xc6, 0x06, 0x2f, 0x00, 0x01, 0xa0, 0x2f, 0x00, 0xa2, 0xfb, 0x00, 0xb8, 0x01, 0x00,
	0xc3, 0x23, 0x35, 0x02, 0x35, 0x0f, 0x35, 0x0f, 0x35, 0x0a, 0x35, 0x3d, 0x35, 0x39, 0x35, 0x3d,
	0x35, 0x19, 0x35, 0x3d, 0x35, 0x3d, 0x35, 0x3d, 0x35, 0x1e, 0x35, 0x23, 0x35, 0x39, 0x35, 0x39,
	0x35, 0x2a, 0x35, 0x2a, 0x35, 0x39, 0x35, 0x39, 0x35, 0x39, 0x35, 0x34, 0x35, 0x39, 0x35, 0x39,
	0x35, 0x39, 0x35, 0x3d, 0x35, 0x3d, 0x35, 0x3d, 0x35, 0x3d, 0x35, 0x3d, 0x35, 0x3d, 0x35, 0x3d,
	0x35, 0x2f, 0x35, 0xc8, 0x04, 0x00, 0x00, 0x56, 0xc6, 0x06, 0x2f, 0x00, 0x03, 0xa0, 0x2a, 0x00,
	0xb4, 0x00, 0x8b, 0xd8, 0x8a, 0x47, 0xc9, 0xb4, 0x00, 0x6b, 0xc0, 0x0e, 0x05, 0x03, 0x01, 0x8b,
	0xf0, 0xff, 0x74, 0x04, 0xff, 0x74, 0x0a, 0xe8, 0xa6, 0xf6, 0x52, 0x50, 0x66, 0x58, 0x83, 0xc4,
	0x04, 0x66, 0x89, 0x46, 0xfc, 0x66, 0xc1, 0xe8, 0x10, 0xa3, 0x2c, 0x00, 0x8b, 0x46, 0xfc, 0xa3,
	0x2a, 0x00, 0x5e, 0xc9, 0xc3, 0xc8, 0x10, 0x00, 0x00, 0x56, 0xa0, 0x2a, 0x00, 0xb4, 0x00, 0x05,
	0x80, 0xff, 0x8b, 0xf0, 0x8a, 0x44, 0x49, 0xb4, 0x00, 0x6b, 0xc0, 0x0e, 0x05, 0x03, 0x01, 0x8b,
	0xf0, 0x80, 0x3e, 0x2f, 0x00, 0x03, 0x75, 0x04, 0x33, 0xc0, 0xeb, 0x03, 0xb8, 0x01, 0x00, 0x89,
	0x46, 0xf4, 0xa0, 0x2e, 0x00, 0xb4, 0x00, 0x89, 0x46, 0xfe, 0xa0, 0x2c, 0x00, 0xb4, 0x00, 0x25,
	0xc0, 0x00, 0x8b, 0xd0, 0x03, 0xd2, 0x03, 0xd2, 0xa0, 0x2d, 0x00, 0xb4, 0x00, 0x03, 0xd0, 0xa0,
	0x2b, 0x00, 0xb4, 0x00, 0x89, 0x46, 0xf2, 0xa0, 0x2c, 0x00, 0xb4, 0x00, 0x25, 0x3f, 0x00, 0x89,
	0x46, 0xf0, 0x50, 0xff, 0x76, 0xf2, 0x52, 0x56, 0xe8, 0x93, 0x01, 0x52, 0x50, 0x66, 0x58, 0x83,
	0xc4, 0x08, 0x66, 0x89, 0x46, 0xf6, 0x66, 0xa3, 0xfc, 0x00, 0x89, 0x36, 0x00, 0x01, 0x66, 0xa1,
	0x20, 0x00, 0x66, 0x89, 0x46, 0xfa, 0x8a, 0x04, 0xa2, 0x2a, 0x02, 0x8a, 0x44, 0x01, 0xa2, 0x2b,
	0x02, 0x66, 0x8b, 0x46, 0xf6, 0x66, 0xa3, 0xb8, 0x01, 0x8a, 0x46, 0xfe, 0xa2, 0xc4, 0x01, 0x66,
	0x8b, 0x46, 0xfa, 0x66, 0xa3, 0xbc, 0x01, 0x8a, 0x46, 0xf4, 0xa2, 0xc5, 0x01, 0xe8, 0xc5, 0xfa,
	0x80, 0x3e, 0xb7, 0x01, 0x00, 0x74, 0x0d, 0x83, 0x0e, 0x3a, 0x00, 0x01, 0xc7, 0x06, 0x2e, 0x00,
	0x00, 0xbb, 0xeb, 0x06, 0x8b, 0x46, 0xfe, 0xa3, 0x2e, 0x00, 0x5e, 0xc9, 0xc3, 0xc8, 0x08, 0x00,
	0x00, 0x56, 0xa0, 0x2a, 0x00, 0xb4, 0x00, 0x05, 0x80, 0xff, 0x8b, 0xf0, 0x8a, 0x44, 0x49, 0xb4,
	0x00, 0x6b, 0xc0, 0x0e, 0x05, 0x03, 0x01, 0x8b, 0xf0, 0xa0, 0x2c, 0x00, 0xb4, 0x00, 0x25, 0xc0,
	0x00, 0x8b, 0xd0, 0x03, 0xd2, 0x03, 0xd2, 0xa0, 0x2d, 0x00, 0xb4, 0x00, 0x03, 0xd0, 0xa0, 0x2b,
	0x00, 0xb4, 0x00, 0x89, 0x46, 0xfa, 0xa0, 0x2c, 0x00, 0xb4, 0x00, 0x25, 0x3f, 0x00, 0x89, 0x46,
	0xf8, 0x50, 0xff, 0x76, 0xfa, 0x52, 0x56, 0xe8, 0xe4, 0x00, 0x52, 0x50, 0x66, 0x58, 0x83, 0xc4,
	0x08, 0x66, 0x89, 0x46, 0xfc, 0x66, 0xa3, 0xfc, 0x00, 0x89, 0x36, 0x00, 0x01, 0x8a, 0x04, 0xa2,
	0x2a, 0x02, 0x8a, 0x44, 0x01, 0xa2, 0x2b, 0x02, 0x66, 0x8b, 0x46, 0xfc, 0x66, 0xa3, 0xb8, 0x01,
	0xe8, 0x52, 0xfd, 0x80, 0x3e, 0xb7, 0x01, 0x00, 0x74, 0x0d, 0x83, 0x0e, 0x3a, 0x00, 0x01, 0xc7,
	0x06, 0x2e, 0x00, 0x00, 0xbb, 0xeb, 0x06, 0xc7, 0x06, 0x2e, 0x00, 0x00, 0x00, 0x5e, 0xc9, 0xc3,
	0xc8, 0x06, 0x00, 0x00, 0x56, 0x66, 0xc7, 0x46, 0xfa, 0x75, 0x04, 0x00, 0x00, 0xa0, 0x2a, 0x00,
	0x88, 0x46, 0xff, 0xb4, 0x00, 0x8b, 0xd8, 0x8a, 0x47, 0xc9, 0xb4, 0x00, 0x6b, 0xc0, 0x0e, 0x05,
	0x03, 0x01, 0x8b, 0xf0, 0xc6, 0x06, 0x2f, 0x00, 0x00, 0x8a, 0x44, 0x04, 0xfe, 0xc8, 0xa2, 0x2d,
	0x00, 0x8b, 0x44, 0x04, 0x48, 0x25, 0x00, 0x03, 0xc1, 0xe8, 0x02, 0xa2, 0x2c, 0x00, 0x8a, 0x44,
	0x02, 0x24, 0x3f, 0x08, 0x06, 0x2c, 0x00, 0x8a, 0x44, 0x0c, 0x04, 0xff, 0xa2, 0x2b, 0x00, 0xc4,
	0x5e, 0xfa, 0x26, 0x8a, 0x07, 0xa2, 0x2a, 0x00, 0x5e, 0xc9, 0xc3, 0xc8, 0x02, 0x00, 0x00, 0x56,
	0xa0, 0x2a, 0x00, 0x88, 0x46, 0xff, 0xb4, 0x00, 0x8b, 0xd8, 0x8a, 0x47, 0xc9, 0xb4, 0x00, 0x6b,
	0xc0, 0x0e, 0x05, 0x03, 0x01, 0x8b, 0xf0, 0xc6, 0x06, 0x2f, 0x00, 0x00, 0x8a, 0x04, 0x50, 0xe8,
	0x5f, 0xf6, 0x59, 0xe8, 0xe9, 0xf5, 0x0b, 0xc0, 0x75, 0x07, 0xe8, 0xdf, 0xf5, 0x0b, 0xc0, 0x74,
	0x0a, 0x83, 0x0e, 0x3a, 0x00, 0x01, 0xc6, 0x06, 0x2f, 0x00, 0xaa, 0x5e, 0xc9, 0xc3, 0x55, 0x8b,
	0xec, 0x56, 0x8b, 0x76, 0x04, 0xff, 0x76, 0x06, 0xff, 0x74, 0x0a, 0xe8, 0x82, 0xf4, 0x52, 0x50,
	0x66, 0x58, 0x83, 0xc4, 0x04, 0x66, 0x50, 0x8b, 0x44, 0x02, 0xf7, 0x6e, 0x08, 0x66, 0x0f, 0xb7,
	0xc0, 0x66, 0x8b, 0xd0, 0x66, 0x58, 0x66, 0x03, 0xc2, 0x66, 0x0f, 0xb7, 0x56, 0x0a, 0x66, 0x03,
	0xc2, 0x66, 0x48, 0x66, 0x0f, 0xa4, 0xc2, 0x10, 0x5e, 0x5d, 0xc3, 0xc8, 0x02, 0x00, 0x00, 0x56,
	0xa0, 0x2a, 0x00, 0x88, 0x46, 0xff, 0xb4, 0x00, 0x8b, 0xd8, 0x8a, 0x47, 0xc9, 0xb4, 0x00, 0x6b,
	0xc0, 0x0e, 0x05, 0x03, 0x01, 0x8b, 0xf0, 0x8a, 0x04, 0xa2, 0x2f, 0x00, 0x8a, 0x44, 0x01, 0xa2,
	0x21, 0x00, 0xa0, 0x46, 0x00, 0xa2, 0x2d, 0x00, 0x5e, 0xc9, 0xc3, 0x00, 0x55, 0x8b, 0xec, 0x8b,
	0x56, 0x04, 0x8b, 0x46, 0x06, 0xee, 0xeb, 0x00, 0xeb, 0x00, 0x5d, 0xc3, 0x55, 0x8b, 0xec, 0x33,
	0xc0, 0x8b, 0x56, 0x04, 0xec, 0xeb, 0x00, 0xeb, 0x00, 0x5d, 0xc3, 0x55, 0x8b, 0xec, 0x8c, 0xd8,
	0x8e, 0x5e, 0x04, 0x5d, 0xc3, 0xec, 0xc3, 0x00, 0x55, 0x8b, 0xec, 0x8b, 0x56, 0x04, 0x8b, 0x46,
	0x06, 0x8b, 0x5e, 0x08, 0xee, 0x83, 0xc2, 0x01, 0x8a, 0xc4, 0xee, 0x83, 0xc2, 0x01, 0x8a, 0xc3,
	0xee, 0x83, 0xc2, 0x01, 0x8a, 0xc7, 0xee, 0x5d, 0xc3, 0x55, 0x8b, 0xec, 0x33, 0xc0, 0x8b, 0x56,
	0x04, 0x83, 0xc2, 0x03, 0xec, 0x8a, 0xf8, 0x83, 0xea, 0x01, 0xec, 0x8a, 0xd8, 0x83, 0xea, 0x01,
	0xec, 0x8a, 0xe0, 0x83, 0xea, 0x01, 0xec, 0x8b, 0xd3, 0x5d, 0xc3, 0x00, 0x55, 0x8b, 0xec, 0x56,
	0x06, 0xc4, 0x76, 0x04, 0x26, 0x80, 0x3c, 0x00, 0x74, 0x0d, 0x26, 0x8a, 0x04, 0x46, 0xb4, 0x0e,
	0xbb, 0x07, 0x00, 0xcd, 0x10, 0xeb, 0xed, 0xb0, 0x0a, 0xb4, 0x0e, 0xbb, 0x07, 0x00, 0xcd, 0x10,
	0xb0, 0x0d, 0xb4, 0x0e, 0xbb, 0x07, 0x00, 0xcd, 0x10, 0x07, 0x5e, 0x5d, 0xc3, 0x55, 0x8b, 0xec,
	0x5d, 0xc3, 0x55, 0x8b, 0xec, 0x56, 0x57, 0x8b, 0x7e, 0x04, 0x80, 0x7d, 0x02, 0x00, 0x75, 0x18,
	0x66, 0xff, 0x76, 0x04, 0xe8, 0xa1, 0xe5, 0x83, 0xc4, 0x04, 0x0b, 0xc0, 0x74, 0x0a, 0xc4, 0x5e,
	0x08, 0x26, 0xc6, 0x47, 0x03, 0x27, 0xeb, 0x3c, 0xc4, 0x5e, 0x08, 0x26, 0xc6, 0x47, 0x03, 0x01,
	0x66, 0x26, 0xc7, 0x47, 0x0a, 0x00, 0x00, 0x00, 0x00, 0x26, 0xc6, 0x47, 0x0e, 0x00, 0x66, 0x26,
	0xc7, 0x47, 0x40, 0x00, 0x00, 0x00, 0x00, 0x8a, 0x45, 0x03, 0x26, 0x88, 0x47, 0x0f, 0x66, 0x0f,
	0xb6, 0x45, 0x04, 0x66, 0xc1, 0xe0, 0x10, 0x66, 0x0f, 0xb6, 0x55, 0x05, 0x66, 0x0b, 0xc2, 0x66,
	0x26, 0x89, 0x47, 0x44, 0x66, 0x8b, 0x46, 0x08, 0x66, 0x0f, 0xa4, 0xc2, 0x10, 0x5f, 0x5e, 0x5d,
	0xc3, 0x55, 0x8b, 0xec, 0x8b, 0x4e, 0x04, 0xb3, 0x00, 0xeb, 0x0e, 0xba, 0x61, 0x00, 0xec, 0x24,
	0x10, 0x8a, 0xd0, 0x3a, 0xd3, 0x74, 0xf4, 0x8a, 0xda, 0x8b, 0xc1, 0x49, 0x0b, 0xc0, 0x75, 0xeb,
	0x5d, 0xc3, 0x55, 0x8b, 0xec, 0xb3, 0x00, 0x8b, 0x4e, 0x04, 0x6b, 0xc9, 0x43, 0xeb, 0x0e, 0xba,
	0x61, 0x00, 0xec, 0x24, 0x10, 0x8a, 0xd0, 0x3a, 0xd3, 0x74, 0xf4, 0x8a, 0xda, 0x8b, 0xc1, 0x49,
	0x0b, 0xc0, 0x75, 0xeb, 0x5d, 0xc3, 0x55, 0x8b, 0xec, 0x56, 0x8b, 0x76, 0x04, 0xc1, 0xe6, 0x02,
	0xeb, 0x07, 0x68, 0xfa, 0x00, 0xe8, 0xca, 0xff, 0x59, 0x8b, 0xc6, 0x4e, 0x0b, 0xc0, 0x75, 0xf2,
	0x5e, 0x5d, 0xc3, 0x00, 0x00, 0x00, 0x08, 0x98, 0x97, 0x97, 0x97, 0x97, 0x00, 0x00, 0x00, 0x50,
	0x38, 0x00, 0x00, 0x00, 0x00, 0xfe, 0x07, 0x7c, 0x00, 0x00, 0x00, 0x00, 0x01, 0x00, 0x00, 0x0f,
	0x14, 0x00, 0x00, 0x00, 0x00, 0x40, 0x4f, 0x7a, 0x00, 0x00, 0x00, 0x00, 0x00, 0x00, 0x54, 0x72,
	0x00, 0x00, 0x00, 0x00, 0x00, 0x00, 0x08, 0x98, 0x06, 0x00, 0x00, 0x00, 0x00, 0x00, 0x1a, 0x72,
	0x00, 0x00, 0x00, 0x00, 0x40, 0xbf, 0x0c, 0x80, 0x50, 0x00, 0x00, 0x00, 0x00, 0x00, 0x08, 0x98,
	0x07, 0x00, 0x00, 0x00, 0x00, 0x00, 0x08, 0x98, 0x13, 0x00, 0x00, 0x00, 0x08, 0x00, 0x00, 0x58,
	0x00, 0x00, 0x00, 0x00, 0x40, 0x00, 0x00, 0x60, 0x00, 0x00, 0x00, 0x00, 0x00, 0x00, 0x08, 0x98,
	0x00, 0x00, 0x00, 0x00, 0x00, 0x00, 0x0b, 0x86, 0xb0, 0x00, 0x00, 0x00, 0x00, 0x00, 0x0a, 0x9f,
	0x03, 0x00, 0x00, 0x00, 0x00, 0x00, 0x08, 0x98, 0x01, 0x00, 0x00, 0x00, 0x00, 0x00, 0x0b, 0x86,
	0xa0, 0x00, 0x00, 0x00, 0x00, 0x00, 0x0a, 0x9f, 0x03, 0x00, 0x00, 0x00, 0x00, 0x00, 0x08, 0x98,
	0x01, 0x00, 0x00, 0x00, 0x00, 0x00, 0x00, 0x0e, 0x0c, 0x00, 0x00, 0x00, 0x00, 0x00, 0x08, 0x80,
	0xd0, 0x00, 0x00, 0x00, 0x01, 0x00, 0x00, 0x0e, 0x0c, 0x00, 0x00, 0x00, 0x06, 0x00, 0x0c, 0x80,
	0xe8, 0x00, 0x00, 0x00, 0x0c, 0x00, 0x0c, 0x80, 0xe8, 0x00, 0x00, 0x00, 0x0d, 0x00, 0x0c, 0x80,
	0xe8, 0x00, 0x00, 0x00, 0x00, 0x00, 0x0b, 0x9e, 0x05, 0x00, 0x00, 0x00, 0x00, 0x00, 0x0a, 0x9f,
	0x04, 0x00, 0x00, 0x00, 0x00, 0x00, 0x08, 0x98, 0x02, 0x00, 0x00, 0x00, 0x00, 0x7f, 0x02, 0x7c,
	0x00, 0x00, 0x00, 0x00, 0x00, 0x00, 0x00, 0x48, 0x00, 0x00, 0x00, 0x00, 0x00, 0x01, 0x07, 0x7a,
	0x00, 0x00, 0x00, 0x00, 0x00, 0x00, 0x08, 0x98, 0x0f, 0x00, 0x00, 0x00, 0x40, 0x00, 0x00, 0x60,
	0x00, 0x00, 0x00, 0x00, 0x01, 0x00, 0x00, 0x0f, 0x14, 0x00, 0x00, 0x00, 0x00, 0x00, 0x08, 0x98,
	0x00, 0x00, 0x00, 0x00, 0x00, 0x7f, 0x02, 0x7c, 0x00, 0x00, 0x00, 0x00, 0x40, 0x00, 0x00, 0x60,
	0x00, 0x00, 0x00, 0x00, 0x00, 0x00, 0x00, 0x48, 0x00, 0x00, 0x00, 0x00, 0x00, 0x01, 0x07, 0x7a,
	0x00, 0x00, 0x00, 0x00, 0x00, 0x00, 0x08, 0x98, 0x00, 0x00, 0x00, 0x00, 0x08, 0x00, 0x00, 0x60,
	0x00, 0x00, 0x00, 0x00, 0x40, 0x00, 0x00, 0x60, 0x00, 0x00, 0x00, 0x00, 0x00, 0x00, 0x08, 0x80,
	0xa0, 0x01, 0x00, 0x00, 0x00, 0x00, 0x00, 0x41, 0x10, 0x00, 0x00, 0x00, 0x00, 0x00, 0x0b, 0x9e,
	0x09, 0x00, 0x00, 0x00, 0x00, 0x00, 0x0a, 0x82, 0xa0, 0x01, 0x00, 0x00, 0x00, 0x00, 0x08, 0x98,
	0x08, 0x00, 0x00, 0x00, 0x00, 0x00, 0x00, 0x41, 0x10, 0x00, 0x00, 0x00, 0x00, 0xfe, 0x07, 0x7c,
	0x00, 0x00, 0x00, 0x00, 0x00, 0x00, 0x0b, 0x82, 0xa0, 0x01, 0x00, 0x00, 0x00, 0x00, 0x00, 0x0e,
	0x0c, 0x00, 0x00, 0x00, 0x00, 0x00, 0x0b, 0x81, 0x00, 0x02, 0x00, 0x00, 0x00, 0x00, 0x0a, 0x80,
	0xa0, 0x02, 0x00, 0x00, 0x00, 0x00, 0x0a, 0x83, 0xd8, 0x01, 0x00, 0x00, 0x00, 0x00, 0x0a, 0x82,
	0xf0, 0x01, 0x00, 0x00, 0x00, 0x00, 0x0a, 0x87, 0x40, 0x03, 0x00, 0x00, 0x00, 0x00, 0x0a, 0x86,
	0x88, 0x04, 0x00, 0x00, 0x00, 0x00, 0x08, 0x98, 0x08, 0x00, 0x00, 0x00, 0x08, 0x00, 0x00, 0x60,
	0x00, 0x00, 0x00, 0x00, 0x01, 0x00, 0x00, 0x0b, 0x1c, 0x00, 0x00, 0x00, 0x00, 0x00, 0x08, 0x80,
	0xa0, 0x01, 0x00, 0x00, 0x00, 0x00, 0x00, 0x0a, 0x00, 0x00, 0x00, 0x00, 0x00, 0x00, 0x08, 0x80,
	0xa0, 0x01, 0x00, 0x00, 0x00, 0x00, 0x08, 0x80, 0x08, 0x02, 0x00, 0x00, 0x00, 0x00, 0x00, 0x21,
	0x00, 0x00, 0x00, 0x00, 0x00, 0x00, 0x00, 0x21, 0x00, 0x00, 0x00, 0x00, 0x00, 0x00, 0x00, 0x21,
	0x00, 0x00, 0x00, 0x00, 0x00, 0x00, 0x00, 0x21, 0x00, 0x00, 0x00, 0x00, 0x00, 0x00, 0x00, 0x21,
	0x00, 0x00, 0x00, 0x00, 0x00, 0x00, 0x00, 0x21, 0x00, 0x00, 0x00, 0x00, 0x00, 0x00, 0x00, 0x21,
	0x00, 0x00, 0x00, 0x00, 0x00, 0x00, 0x00, 0x21, 0x00, 0x00, 0x00, 0x00, 0x00, 0x00, 0x00, 0x21,
	0x00, 0x00, 0x00, 0x00, 0x00, 0x00, 0x00, 0x21, 0x00, 0x00, 0x00, 0x00, 0x00, 0x00, 0x00, 0x21,
	0x00, 0x00, 0x00, 0x00, 0x00, 0x00, 0x00, 0x21, 0x00, 0x00, 0x00, 0x00, 0x00, 0x00, 0x00, 0x21,
	0x00, 0x00, 0x00, 0x00, 0x00, 0x00, 0x00, 0x21, 0x00, 0x00, 0x00, 0x00, 0x00, 0x00, 0x00, 0x21,
	0x00, 0x00, 0x00, 0x00, 0x00, 0x00, 0x00, 0x21, 0x00, 0x00, 0x00, 0x00, 0x00, 0x00, 0x00, 0x21,
	0x20, 0x00, 0x00, 0x00, 0x00, 0x00, 0x0b, 0x8b, 0xd8, 0x01, 0x00, 0x00, 0x00, 0x00, 0x08, 0x88,
	0xb8, 0x01, 0x00, 0x00, 0x00, 0x00, 0x08, 0x80, 0xa8, 0x02, 0x00, 0x00, 0x00, 0x00, 0x00, 0x20,
	0x00, 0x00, 0x00, 0x00, 0x00, 0x00, 0x00, 0x20, 0x00, 0x00, 0x00, 0x00, 0x00, 0x00, 0x00, 0x20,
	0x00, 0x00, 0x00, 0x00, 0x00, 0x00, 0x00, 0x20, 0x00, 0x00, 0x00, 0x00, 0x00, 0x00, 0x00, 0x20,
	0x00, 0x00, 0x00, 0x00, 0x00, 0x00, 0x00, 0x20, 0x00, 0x00, 0x00, 0x00, 0x00, 0x00, 0x00, 0x20,
	0x00, 0x00, 0x00, 0x00, 0x00, 0x00, 0x00, 0x20, 0x00, 0x00, 0x00, 0x00, 0x00, 0x00, 0x00, 0x20,
	0x00, 0x00, 0x00, 0x00, 0x00, 0x00, 0x00, 0x20, 0x00, 0x00, 0x00, 0x00, 0x00, 0x00, 0x00, 0x20,
	0x00, 0x00, 0x00, 0x00, 0x00, 0x00, 0x00, 0x20, 0x00, 0x00, 0x00, 0x00, 0x00, 0x00, 0x00, 0x20,
	0x00, 0x00, 0x00, 0x00, 0x00, 0x00, 0x00, 0x20, 0x00, 0x00, 0x00, 0x00, 0x00, 0x00, 0x00, 0x20,
	0x00, 0x00, 0x00, 0x00, 0x00, 0x00, 0x00, 0x20, 0x00, 0x00, 0x00, 0x00, 0x00, 0x00, 0x00, 0x20,
	0x20, 0x00, 0x00, 0x00, 0x00, 0x00, 0x0b, 0x8b, 0xd8, 0x01, 0x00, 0x00, 0x00, 0x00, 0x08, 0x88,
	0xb8, 0x01, 0x00, 0x00, 0x01, 0x00, 0x00, 0x0f, 0x14, 0x00, 0x00, 0x00, 0x00, 0x00, 0x0c, 0x80,
	0x88, 0x03, 0x00, 0x00, 0x0a, 0x00, 0x0c, 0x80, 0xb0, 0x03, 0x00, 0x00, 0x0b, 0x00, 0x0c, 0x80,
	0xb0, 0x03, 0x00, 0x00, 0x02, 0x00, 0x0c, 0x80, 0xc0, 0x03, 0x00, 0x00, 0x03, 0x00, 0x0c, 0x80,
	0x18, 0x04, 0x00, 0x00, 0x04, 0x00, 0x0c, 0x80, 0x38, 0x04, 0x00, 0x00, 0x23, 0x00, 0x0c, 0x80,
	0x20, 0x04, 0x00, 0x00, 0x00, 0x00, 0x08, 0x98, 0x0a, 0x00, 0x00, 0x00, 0x00, 0x7f, 0x02, 0x7c,
	0x00, 0x00, 0x00, 0x00, 0x40, 0x00, 0x00, 0x60, 0x00, 0x00, 0x00, 0x00, 0x00, 0x00, 0x00, 0x48,
	0x00, 0x00, 0x00, 0x00, 0x00, 0x01, 0x07, 0x7a, 0x00, 0x00, 0x00, 0x00, 0x00, 0x00, 0x08, 0x98,
	0x0b, 0x00, 0x00, 0x00, 0x40, 0x00, 0x00, 0x60, 0x00, 0x00, 0x00, 0x00, 0x00, 0x00, 0x08, 0x98,
	0x0b, 0x00, 0x00, 0x00, 0x40, 0x00, 0x00, 0x60, 0x00, 0x00, 0x00, 0x00, 0x00, 0x00, 0x0b, 0x87,
	0xd8, 0x03, 0x00, 0x00, 0x00, 0x00, 0x08, 0x98, 0x0c, 0x00, 0x00, 0x00, 0x01, 0x00, 0x00, 0x0f,
	0x14, 0x00, 0x00, 0x00, 0x00, 0x00, 0x0c, 0x80, 0x88, 0x03, 0x00, 0x00, 0x0a, 0x00, 0x0c, 0x80,
	0xb0, 0x03, 0x00, 0x00, 0x0b, 0x00, 0x0c, 0x80, 0xb0, 0x03, 0x00, 0x00, 0x02, 0x00, 0x0c, 0x80,
	0xc0, 0x03, 0x00, 0x00, 0x03, 0x00, 0x0c, 0x80, 0xc0, 0x03, 0x00, 0x00, 0x04, 0x00, 0x0c, 0x80,
	0x60, 0x04, 0x00, 0x00, 0x00, 0x00, 0x08, 0x98, 0x11, 0x00, 0x00, 0x00, 0x00, 0x00, 0x08, 0x98,
	0x0d, 0x00, 0x00, 0x00, 0x40, 0x00, 0x00, 0x60, 0x00, 0x00, 0x00, 0x00, 0x01, 0x00, 0x00, 0x0f,
	0x15, 0x00, 0x00, 0x00, 0x00, 0x00, 0x08, 0x98, 0x12, 0x00, 0x00, 0x00, 0x00, 0x7f, 0x02, 0x7c,
	0x00, 0x00, 0x00, 0x00, 0x40, 0x00, 0x00, 0x60, 0x00, 0x00, 0x00, 0x00, 0x00, 0x00, 0x00, 0x48,
	0x00, 0x00, 0x00, 0x00, 0x00, 0x01, 0x07, 0x7a, 0x00, 0x00, 0x00, 0x00, 0x00, 0x00, 0x08, 0x98,
	0x0e, 0x00, 0x00, 0x00, 0x00, 0x7f, 0x02, 0x7c, 0x00, 0x00, 0x00, 0x00, 0x40, 0x00, 0x00, 0x60,
	0x00, 0x00, 0x00, 0x00, 0x00, 0x00, 0x00, 0x48, 0x00, 0x00, 0x00, 0x00, 0x00, 0x01, 0x07, 0x7a,
	0x00, 0x00, 0x00, 0x00, 0x00, 0x00, 0x08, 0x98, 0x10, 0x00, 0x00, 0x00, 0x00, 0x00, 0x08, 0x98,
	0x09, 0x00, 0x00, 0x00, 0x00, 0x00, 0x08, 0x98, 0x79, 0x79, 0x79, 0x79, 0x7c, 0x00, 0x00, 0x00,
	0x66, 0x00, 0x00, 0x00, 0x28, 0x00, 0x00, 0x00, 0x58, 0x00, 0x00, 0x00, 0x60, 0x00, 0x00, 0x00,
	0x07, 0x00, 0x00, 0x00, 0x29, 0x00, 0x00, 0x00, 0x2d, 0x00, 0x00, 0x00, 0x45, 0x00, 0x00, 0x00,
	0x67, 0x00, 0x00, 0x00, 0x79, 0x00, 0x00, 0x00, 0x7d, 0x00, 0x00, 0x00, 0x83, 0x00, 0x00, 0x00,
	0x85, 0x00, 0x00, 0x00, 0x87, 0x00, 0x00, 0x00, 0x89, 0x00, 0x00, 0x00, 0x8b, 0x00, 0x00, 0x00,
	0x8d, 0x00, 0x00, 0x00, 0x8f, 0x00, 0x00, 0x00, 0x91, 0x00, 0x00, 0x00, 0x93, 0x00, 0x00, 0x00,
	0x95, 0x00, 0x00, 0x00, 0x97, 0x00, 0x00, 0x00, 0x99, 0x00, 0x00, 0x00, 0x9b, 0x00, 0x00, 0x00,
	0x9d, 0x00, 0x00, 0x00, 0x9f, 0x00, 0x00, 0x00, 0xa1, 0x00, 0x00, 0x00, 0xa3, 0x00, 0x00, 0x00,
	0xab, 0x00, 0x00, 0x00, 0xad, 0x00, 0x00, 0x00, 0xaf, 0x00, 0x00, 0x00, 0xb1, 0x00, 0x00, 0x00,
	0xb3, 0x00, 0x00, 0x00, 0xb5, 0x00, 0x00, 0x00, 0xb7, 0x00, 0x00, 0x00, 0xb9, 0x00, 0x00, 0x00,
	0xbb, 0x00, 0x00, 0x00, 0xbd, 0x00, 0x00, 0x00, 0xbf, 0x00, 0x00, 0x00, 0xc1, 0x00, 0x00, 0x00,
	0xc3, 0x00, 0x00, 0x00, 0xc5, 0x00, 0x00, 0x00, 0xc7, 0x00, 0x00, 0x00, 0xc9, 0x00, 0x00, 0x00,
	0xcb, 0x00, 0x00, 0x00, 0xd1, 0x00, 0x00, 0x00, 0xf7, 0x00, 0x00, 0x00, 0x0b, 0x01, 0x00, 0x00,
	0x03, 0x00, 0x00, 0x00, 0x11, 0x00, 0x00, 0x00, 0x1d, 0x00, 0x00, 0x00, 0x23, 0x00, 0x00, 0x00,
	0x2b, 0x00, 0x00, 0x00, 0x2f, 0x00, 0x00, 0x00, 0x31, 0x00, 0x00, 0x00, 0x33, 0x00, 0x00, 0x00,
	0x57, 0x00, 0x00, 0x00, 0x59, 0x00, 0x00, 0x00, 0x5d, 0x00, 0x00, 0x00, 0x61, 0x00, 0x00, 0x00,
	0x65, 0x00, 0x00, 0x00, 0x69, 0x00, 0x00, 0x00, 0x6b, 0x00, 0x00, 0x00, 0x6d, 0x00, 0x00, 0x00,
	0x6f, 0x00, 0x00, 0x00, 0x71, 0x00, 0x00, 0x00, 0x73, 0x00, 0x00, 0x00, 0x7b, 0x00, 0x00, 0x00,
	0x7f, 0x00, 0x00, 0x00, 0x81, 0x00, 0x00, 0x00, 0xa5, 0x00, 0x00, 0x00, 0xa7, 0x00, 0x00, 0x00,
	0xa9, 0x00, 0x00, 0x00, 0xcd, 0x00, 0x00, 0x00, 0xcf, 0x00, 0x00, 0x00, 0xd3, 0x00, 0x00, 0x00,
	0xd5, 0x00, 0x00, 0x00, 0xd7, 0x00, 0x00, 0x00, 0xd9, 0x00, 0x00, 0x00, 0xdb, 0x00, 0x00, 0x00,
	0xdd, 0x00, 0x00, 0x00, 0xdf, 0x00, 0x00, 0x00, 0xf3, 0x00, 0x00, 0x00, 0xf9, 0x00, 0x00, 0x00,
	0xfb, 0x00, 0x00, 0x00, 0xfd, 0x00, 0x00, 0x00, 0xff, 0x00, 0x00, 0x00, 0x01, 0x01, 0x00, 0x00,
	0x03, 0x01, 0x00, 0x00, 0x06, 0x02, 0x03, 0x04, 0x06, 0x08, 0x42, 0x41, 0x4c, 0x4c, 0x41, 0x52,
	0x44, 0x5f, 0x53, 0x59, 0x00, 0x50, 0x43, 0x49, 0x52, 0x00, 0x10, 0x03, 0x00, 0x00, 0x00, 0x18,
	0x00, 0x00, 0x00, 0x00, 0x01, 0x20, 0x00, 0x01, 0x00, 0x00, 0x80, 0x00, 0x00, 0x00, 0x00, 0x00,
	0x4d, 0x51, 0x62, 0x01, 0x19, 0x00, 0x12, 0x00, 0x20, 0x00, 0x00, 0x00, 0xff, 0xff, 0x00, 0x00,
	0x00, 0x00, 0xe7, 0xa1, 0x00, 0x00, 0x00, 0x00, 0x1e, 0x00, 0x00, 0x00, 0x01, 0x00, 0x1c, 0x00,
	0x00, 0x80, 0x20, 0x00, 0x00, 0x80, 0x24, 0x00, 0x00, 0x80, 0x28, 0x00, 0x00, 0x80, 0x2c, 0x00,
	0x00, 0x80, 0xda, 0x0c, 0x00, 0x80, 0xef, 0x0c, 0x00, 0x80, 0xff, 0x0c, 0x00, 0x80, 0x11, 0x0d,
	0x00, 0x80, 0x21, 0x0d, 0x00, 0x80, 0x35, 0x0d, 0x00, 0x80, 0x46, 0x0d, 0x00, 0x80, 0x52, 0x0d,
	0x00, 0x80, 0x5e, 0x0d, 0x00, 0x80, 0x6b, 0x0d, 0x00, 0x80, 0x8a, 0x27, 0x00, 0x80, 0xb2, 0x27,
	0x00, 0x80, 0x2f, 0x28, 0x00, 0x80, 0x00, 0x00, 0x00, 0x00, 0x00, 0x00, 0x00, 0x00, 0x00, 0x00,
	0x00, 0x00, 0x00, 0x00, 0x00, 0x00, 0x00, 0x00, 0x00, 0x00, 0x00, 0x00, 0x00, 0x00, 0x00, 0x00,
	0x00, 0x00, 0x00, 0x00, 0x00, 0x00, 0x00, 0x00, 0x00, 0x00, 0x00, 0x00, 0x00, 0x00, 0x00, 0x00,
	0x00, 0x00, 0x00, 0x00, 0x00, 0x00, 0x00, 0x00, 0x00, 0x00, 0x00, 0x00, 0x00, 0x00, 0x00, 0x00,
	0x00, 0x00, 0x00, 0x00, 0x00, 0x00, 0x00, 0x00, 0x00, 0x00, 0x00, 0x00, 0x00, 0x00, 0x00, 0x00,
	0x00, 0x00, 0x00, 0x00, 0x00, 0x00, 0x00, 0x00, 0x00, 0x00, 0x00, 0x00, 0x00, 0x00, 0x00, 0x00,
	0x00, 0x00, 0x00, 0x00, 0x00, 0x00, 0x00, 0x00, 0x00, 0x00, 0x00, 0x00, 0x00, 0x00, 0x00, 0x00,
	0x00, 0x00, 0x00, 0x00, 0x00, 0x00, 0x00, 0x00, 0x00, 0x00, 0x00, 0x00, 0x00, 0x00, 0x00, 0x00,
	0x00, 0x00, 0x00, 0x00, 0x00, 0x00, 0x00, 0x00, 0x00, 0x00, 0x00, 0x00, 0x00, 0x00, 0x00, 0x00,
	0x00, 0x00, 0x00, 0x00, 0x00, 0x00, 0x00, 0x00, 0x00, 0x00, 0x00, 0x00, 0x00, 0x00, 0x00, 0x00,
	0x00, 0x00, 0x00, 0x00, 0x00, 0x00, 0x00, 0x00, 0x00, 0x00, 0x00, 0x00, 0x00, 0x00, 0x00, 0x00,
	0x00, 0x00, 0x00, 0x00, 0x00, 0x00, 0x00, 0x00, 0x00, 0x00, 0x00, 0x00, 0x00, 0x00, 0x00, 0x00,
	0x00, 0x00, 0x00, 0x00, 0x00, 0x00, 0x00, 0x00, 0x00, 0x00, 0x00, 0x00, 0x00, 0x00, 0x00, 0x00,
	0x00, 0x00, 0x00, 0x00, 0x00, 0x00, 0x00, 0x00, 0x00, 0x00, 0x00, 0x00, 0x00, 0x00, 0x00, 0x00,
	0x00, 0x00, 0x00, 0x00, 0x00, 0x00, 0x00, 0x00, 0x00, 0x00, 0x00, 0x00, 0x00, 0x00, 0x00, 0x00,
	0x00, 0x00, 0x00, 0x00, 0x00, 0x00, 0x00, 0x00, 0x00, 0x00, 0x00, 0x00, 0x00, 0x00, 0x00, 0x00,
	0x00, 0x00, 0x00, 0x00, 0x00, 0x00, 0x00, 0x00, 0x00, 0x00, 0x00, 0x00, 0x00, 0x00, 0x00, 0x00,
	0x00, 0x00, 0x00, 0x00, 0x00, 0x00, 0x00, 0x00, 0x00, 0x00, 0x00, 0x00, 0x00, 0x00, 0x00, 0x00,
	0x00, 0x00, 0x00, 0x00, 0x00, 0x00, 0x00, 0x00, 0x00, 0x00, 0x00, 0x00, 0x00, 0x00, 0x00, 0x00,
	0x00, 0x00, 0x00, 0x00, 0x00, 0x00, 0x00, 0x00, 0x00, 0x00, 0x00, 0x00, 0x00, 0x00, 0x00, 0x00,
	0x00, 0x00, 0x00, 0x00, 0x00, 0x00, 0x00, 0x00, 0x00, 0x00, 0x00, 0x00, 0x00, 0x00, 0x00, 0x00,
	0x00, 0x00, 0x00, 0x00, 0x00, 0x00, 0x00, 0x00, 0x00, 0x00, 0x00, 0x00, 0x00, 0x00, 0x00, 0x00,
	0x00, 0x00, 0x00, 0x00, 0x00, 0x00, 0x00, 0x00, 0x00, 0x00, 0x00, 0x00, 0x00, 0x00, 0x00, 0x00,
	0x00, 0x00, 0x00, 0x00, 0x00, 0x00, 0x00, 0x00, 0x00, 0x00, 0x00, 0x00, 0x00, 0x00, 0x00, 0x00,
	0x00, 0x00, 0x00, 0x00, 0x00, 0x00, 0x00, 0x00, 0x00, 0x00, 0x00, 0x00, 0x00, 0x00, 0x00, 0x00,
	0x00, 0x00, 0x00, 0x00, 0x00, 0x00, 0x00, 0x00, 0x00, 0x00, 0x00, 0x00, 0x00, 0x00, 0x00, 0x00,
	0x00, 0x00, 0x00, 0x00, 0x00, 0x00, 0x00, 0x00, 0x00, 0x00, 0x00, 0x00, 0x00, 0x00, 0x00, 0x00,
	0x00, 0x00, 0x00, 0x00, 0x00, 0x00, 0x00, 0x00, 0x00, 0x00, 0x00, 0x00, 0xf4, 0x00, 0x00, 0x00,
	0x14, 0x26, 0x00, 0x00, 0xd0, 0x08, 0x00, 0x00, 0xf8, 0x08, 0x00, 0x00, 0x18, 0x07, 0x00, 0x00,
	0x66, 0x8b, 0x54, 0x24, 0x04, 0xed, 0xc3, 0x66, 0x8b, 0x54, 0x24, 0x04, 0x8b, 0x44, 0x24, 0x08,
	0xef, 0xc3, 0x00, 0x00, 0x00, 0x00, 0x00, 0x00, 0x00, 0x00, 0x00, 0x00, 0x00, 0x00, 0x00, 0x00,
	0x50, 0x8b, 0x44, 0x24, 0x08, 0xcc, 0x58, 0xc3, 0x58, 0x66, 0x9d, 0xff, 0xe0, 0x58, 0x66, 0x9c,
	0xfa, 0xff, 0xe0, 0x00, 0x00, 0x00, 0x00, 0x00, 0x00, 0x00, 0x00, 0x00, 0x00, 0x00, 0x00, 0x00,
	0x55, 0x8b, 0xec, 0x53, 0x51, 0x52, 0x56, 0x57, 0x8b, 0x5d, 0x08, 0x8a, 0x23, 0x8b, 0x5d, 0x0c,
	0x8a, 0x03, 0x8b, 0x7d, 0x10, 0x8a, 0x3f, 0x8b, 0x7d, 0x14, 0x8a, 0x1f, 0x53, 0x8b, 0x5d, 0x18,
	0x8a, 0x2b, 0x8b, 0x5d, 0x1c, 0x8a, 0x0b, 0x8b, 0x5d, 0x20, 0x8a, 0x33, 0x8b, 0x5d, 0x24, 0x8a,
	0x13, 0x8b, 0x5d, 0x28, 0x66, 0x8b, 0x3b, 0x8b, 0x5d, 0x2c, 0x8b, 0x33, 0x5b, 0x0e, 0xff, 0x55,
	0x30, 0x0f, 0x82, 0x28, 0x00, 0x00, 0x00, 0x8b, 0x45, 0x10, 0x88, 0x38, 0x8b, 0x45, 0x14, 0x88,
	0x18, 0x8b, 0x45, 0x18, 0x88, 0x28, 0x8b, 0x45, 0x1c, 0x88, 0x08, 0x8b, 0x45, 0x20, 0x88, 0x30,
	0x8b, 0x45, 0x24, 0x88, 0x10, 0xb8, 0x00, 0x00, 0x00, 0x00, 0xe9, 0x05, 0x00, 0x00, 0x00, 0xb8,
	0x01, 0x00, 0x00, 0x00, 0x5f, 0x5e, 0x5a, 0x59, 0x5b, 0x5d, 0xc3, 0x00, 0xc8, 0x04, 0x00, 0x00,
	0x2b, 0xc0, 0xc9, 0xc3, 0xc8, 0x30, 0x00, 0x00, 0x57, 0x56, 0x53, 0x8b, 0x7d, 0x08, 0x8b, 0x47,
	0x10, 0x89, 0x45, 0xe0, 0xc6, 0x47, 0x05, 0x00, 0x66, 0xc7, 0x47, 0x20, 0x00, 0x00, 0x2b, 0xc0,
	0xc6, 0x47, 0x03, 0x07, 0x83, 0x7d, 0xe0, 0x00, 0x75, 0x14, 0xba, 0x00, 0x01, 0x00, 0x00, 0x66,
	0x89, 0x44, 0x17, 0x56, 0xc6, 0x44, 0x17, 0x55, 0x03, 0xe9, 0x5b, 0x05, 0x00, 0x00, 0xc7, 0x45,
	0xf0, 0x10, 0x00, 0x00, 0x00, 0xc7, 0x45, 0xec, 0x12, 0x00, 0x00, 0x00, 0xc6, 0x45, 0xdf, 0x00,
	0xc6, 0x45, 0xde, 0x00, 0xc6, 0x45, 0xdd, 0x00, 0xc6, 0x45, 0xdc, 0x00, 0xc6, 0x45, 0xdb, 0x00,
	0xc6, 0x45, 0xda, 0x00, 0xc6, 0x45, 0xd9, 0x00, 0xc6, 0x45, 0xd8, 0x00, 0x89, 0x45, 0xd4, 0x89,
	0x45, 0xd0, 0xba, 0x00, 0x01, 0x00, 0x00, 0x8a, 0x44, 0x17, 0x55, 0x22, 0xc0, 0x0f, 0x85, 0x21,
	0x01, 0x00, 0x00, 0xc6, 0x44, 0x17, 0x55, 0x00, 0xc6, 0x45, 0xff, 0x00, 0x66, 0xc7, 0x45, 0xfc,
	0x01, 0x00, 0x8a, 0x5d, 0xff, 0x66, 0x8b, 0x75, 0xfc, 0x66, 0x83, 0xfe, 0x0f, 0x0f, 0x87, 0xe4,
	0x00, 0x00, 0x00, 0x80, 0xfb, 0x1e, 0x0f, 0x87, 0xdb, 0x00, 0x00, 0x00, 0x66, 0xc7, 0x45, 0xf8,
	0x00, 0x00, 0x66, 0x83, 0x7d, 0xf8, 0x1e, 0x0f, 0x83, 0xc4, 0x00, 0x00, 0x00, 0x80, 0xfb, 0x1e,
	0x0f, 0x87, 0xbb, 0x00, 0x00, 0x00, 0xc6, 0x45, 0xdf, 0xb1, 0xc6, 0x45, 0xde, 0x02, 0xc6, 0x45,
	0xdc, 0x00, 0xc6, 0x45, 0xdb, 0x00, 0x89, 0xf0, 0x88, 0x45, 0xda, 0xc6, 0x45, 0xd9, 0x10, 0xc6,
	0x45, 0xd8, 0x00, 0x0f, 0xb7, 0x45, 0xf8, 0x89, 0x45, 0xd0, 0xff, 0x75, 0xe0, 0x8d, 0x45, 0xd0,
	0x50, 0x8d, 0x45, 0xd4, 0x50, 0x8d, 0x45, 0xd8, 0x50, 0x8d, 0x45, 0xd9, 0x50, 0x8d, 0x45, 0xda,
	0x50, 0x8d, 0x45, 0xdb, 0x50, 0x8d, 0x45, 0xdc, 0x50, 0x8d, 0x45, 0xdd, 0x50, 0x8d, 0x45, 0xde,
	0x50, 0x8d, 0x45, 0xdf, 0x50, 0xe8, 0x66, 0xfe, 0xff, 0xff, 0x83, 0xc4, 0x2c, 0x23, 0xc0, 0x75,
	0x55, 0xc6, 0x45, 0xdf, 0xb1, 0xc6, 0x45, 0xde, 0x08, 0xc7, 0x45, 0xd4, 0x04, 0x00, 0x00, 0x00,
	0xff, 0x75, 0xe0, 0x8d, 0x45, 0xd0, 0x50, 0x8d, 0x45, 0xd4, 0x50, 0x8d, 0x45, 0xd8, 0x50, 0x8d,
	0x45, 0xd9, 0x50, 0x8d, 0x45, 0xda, 0x50, 0x8d, 0x45, 0xdb, 0x50, 0x8d, 0x45, 0xdc, 0x50, 0x8d,
	0x45, 0xdd, 0x50, 0x8d, 0x45, 0xde, 0x50, 0x8d, 0x45, 0xdf, 0x50, 0xe8, 0x20, 0xfe, 0xff, 0xff,
	0x83, 0xc4, 0x2c, 0x23, 0xc0, 0x75, 0x11, 0x8a, 0x45, 0xda, 0x24, 0x01, 0x88, 0x45, 0xfa, 0x3c,
	0x01, 0x75, 0x05, 0x43, 0xeb, 0x02, 0xeb, 0x09, 0x66, 0xff, 0x45, 0xf8, 0xe9, 0x31, 0xff, 0xff,
	0xff, 0x46, 0xe9, 0x12, 0xff, 0xff, 0xff, 0x66, 0x89, 0x75, 0xfc, 0x88, 0x5d, 0xff, 0x0f, 0xb6,
	0x4d, 0xff, 0x8b, 0x7d, 0x08, 0xba, 0x00, 0x01, 0x00, 0x00, 0x66, 0x89, 0x4c, 0x17, 0x56, 0xe9,
	0xf5, 0x03, 0x00, 0x00, 0x3c, 0xff, 0x0f, 0x85, 0xed, 0x03, 0x00, 0x00, 0xc6, 0x44, 0x17, 0x55,
	0x00, 0xc6, 0x45, 0xff, 0x00, 0x66, 0x8b, 0x44, 0x17, 0x56, 0x88, 0x45, 0xfb, 0x66, 0xc7, 0x45,
	0xfc, 0x01, 0x00, 0x8a, 0x5d, 0xff, 0x66, 0x8b, 0x75, 0xfc, 0x8b, 0x7d, 0x08, 0x66, 0x83, 0xfe,
	0x0f, 0x0f, 0x83, 0x4d, 0x02, 0x00, 0x00, 0x3a, 0x5d, 0xfb, 0x0f, 0x87, 0x44, 0x02, 0x00, 0x00,
	0x66, 0xc7, 0x47, 0x18, 0x00, 0x00, 0x66, 0xc7, 0x45, 0xf8, 0x00, 0x00, 0x66, 0x83, 0x7d, 0xf8,
	0x1e, 0x0f, 0x83, 0x27, 0x02, 0x00, 0x00, 0x3a, 0x5d, 0xfb, 0x0f, 0x87, 0x1e, 0x02, 0x00, 0x00,
	0xc6, 0x45, 0xdf, 0xb1, 0xc6, 0x45, 0xde, 0x02, 0xc6, 0x45, 0xdc, 0x00, 0xc6, 0x45, 0xdb, 0x00,
	0x89, 0xf0, 0x88, 0x45, 0xda, 0xc6, 0x45, 0xd9, 0x10, 0xc6, 0x45, 0xd8, 0x00, 0x0f, 0xb7, 0x45,
	0xf8, 0x89, 0x45, 0xd0, 0xff, 0x75, 0xe0, 0x8d, 0x45, 0xd0, 0x50, 0x8d, 0x45, 0xd4, 0x50, 0x8d,
	0x45, 0xd8, 0x50, 0x8d, 0x45, 0xd9, 0x50, 0x8d, 0x45, 0xda, 0x50, 0x8d, 0x45, 0xdb, 0x50, 0x8d,
	0x45, 0xdc, 0x50, 0x8d, 0x45, 0xdd, 0x50, 0x8d, 0x45, 0xde, 0x50, 0x8d, 0x45, 0xdf, 0x50, 0xe8,
	0x2c, 0xfd, 0xff, 0xff, 0x83, 0xc4, 0x2c, 0x23, 0xc0, 0x0f, 0x85, 0xb4, 0x01, 0x00, 0x00, 0xc6,
	0x45, 0xdf, 0xb1, 0xc6, 0x45, 0xde, 0x08, 0xc7, 0x45, 0xd4, 0x04, 0x00, 0x00, 0x00, 0xff, 0x75,
	0xe0, 0x8d, 0x45, 0xd0, 0x50, 0x8d, 0x45, 0xd4, 0x50, 0x8d, 0x45, 0xd8, 0x50, 0x8d, 0x45, 0xd9,
	0x50, 0x8d, 0x45, 0xda, 0x50, 0x8d, 0x45, 0xdb, 0x50, 0x8d, 0x45, 0xdc, 0x50, 0x8d, 0x45, 0xdd,
	0x50, 0x8d, 0x45, 0xde, 0x50, 0x8d, 0x45, 0xdf, 0x50, 0xe8, 0xe2, 0xfc, 0xff, 0xff, 0x83, 0xc4,
	0x2c, 0x23, 0xc0, 0x0f, 0x85, 0x6c, 0x01, 0x00, 0x00, 0x8a, 0x4d, 0xda, 0x89, 0xc8, 0x24, 0x01,
	0x88, 0x45, 0xfa, 0x3c, 0x01, 0x0f, 0x85, 0x5a, 0x01, 0x00, 0x00, 0x80, 0xc9, 0x05, 0x88, 0x4d,
	0xfa, 0xc6, 0x45, 0xdf, 0xb1, 0xc6, 0x45, 0xde, 0x0b, 0xc7, 0x45, 0xd4, 0x04, 0x00, 0x00, 0x00,
	0x8a, 0x45, 0xfa, 0x88, 0x45, 0xda, 0xff, 0x75, 0xe0, 0x8d, 0x45, 0xd0, 0x50, 0x8d, 0x45, 0xd4,
	0x50, 0x8d, 0x45, 0xd8, 0x50, 0x8d, 0x45, 0xd9, 0x50, 0x8d, 0x45, 0xda, 0x50, 0x8d, 0x45, 0xdb,
	0x50, 0x8d, 0x45, 0xdc, 0x50, 0x8d, 0x45, 0xdd, 0x50, 0x8d, 0x45, 0xde, 0x50, 0x8d, 0x45, 0xdf,
	0x50, 0xe8, 0x7a, 0xfc, 0xff, 0xff, 0x83, 0xc4, 0x2c, 0x23, 0xc0, 0x0f, 0x85, 0x04, 0x01, 0x00,
	0x00, 0xc6, 0x45, 0xdf, 0xb1, 0xc6, 0x45, 0xde, 0x08, 0xc7, 0x45, 0xd4, 0x0d, 0x00, 0x00, 0x00,
	0xff, 0x75, 0xe0, 0x8d, 0x45, 0xd0, 0x50, 0x8d, 0x45, 0xd4, 0x50, 0x8d, 0x45, 0xd8, 0x50, 0x8d,
	0x45, 0xd9, 0x50, 0x8d, 0x45, 0xda, 0x50, 0x8d, 0x45, 0xdb, 0x50, 0x8d, 0x45, 0xdc, 0x50, 0x8d,
	0x45, 0xdd, 0x50, 0x8d, 0x45, 0xde, 0x50, 0x8d, 0x45, 0xdf, 0x50, 0xe8, 0x30, 0xfc, 0xff, 0xff,
	0x83, 0xc4, 0x2c, 0x23, 0xc0, 0x0f, 0x85, 0xba, 0x00, 0x00, 0x00, 0x80, 0x7d, 0xda, 0x40, 0x73,
	0x7e, 0xc6, 0x45, 0xda, 0x40, 0xc6, 0x45, 0xdf, 0xb1, 0xc6, 0x45, 0xde, 0x0b, 0xc7, 0x45, 0xd4,
	0x0d, 0x00, 0x00, 0x00, 0xff, 0x75, 0xe0, 0x8d, 0x45, 0xd0, 0x50, 0x8d, 0x45, 0xd4, 0x50, 0x8d,
	0x45, 0xd8, 0x50, 0x8d, 0x45, 0xd9, 0x50, 0x8d, 0x45, 0xda, 0x50, 0x8d, 0x45, 0xdb, 0x50, 0x8d,
	0x45, 0xdc, 0x50, 0x8d, 0x45, 0xdd, 0x50, 0x8d, 0x45, 0xde, 0x50, 0x8d, 0x45, 0xdf, 0x50, 0xe8,
	0xdc, 0xfb, 0xff, 0xff, 0x83, 0xc4, 0x2c, 0x23, 0xc0, 0x75, 0x6a, 0x38, 0x5d, 0xfb, 0x75, 0x2c,
	0x66, 0x83, 0xfe, 0x02, 0x74, 0x12, 0x66, 0x83, 0xfe, 0x03, 0x74, 0x0c, 0x66, 0x83, 0xfe, 0x0e,
	0x74, 0x06, 0x66, 0x83, 0xfe, 0x0f, 0x75, 0x04, 0x80, 0x4f, 0x18, 0x80, 0x66, 0x83, 0xfe, 0x06,
	0x74, 0x06, 0x66, 0x83, 0xfe, 0x0f, 0x75, 0x04, 0x80, 0x4f, 0x18, 0x40, 0x43, 0xeb, 0x36, 0x38,
	0x5d, 0xfb, 0x75, 0x2c, 0x66, 0x83, 0xfe, 0x02, 0x74, 0x12, 0x66, 0x83, 0xfe, 0x03, 0x74, 0x0c,
	0x66, 0x83, 0xfe, 0x0e, 0x74, 0x06, 0x66, 0x83, 0xfe, 0x0f, 0x75, 0x04, 0x80, 0x4f, 0x18, 0x80,
	0x66, 0x83, 0xfe, 0x06, 0x74, 0x06, 0x66, 0x83, 0xfe, 0x0f, 0x75, 0x04, 0x80, 0x4f, 0x18, 0x40,
	0x43, 0xeb, 0x02, 0xeb, 0x09, 0x66, 0xff, 0x45, 0xf8, 0xe9, 0xce, 0xfd, 0xff, 0xff, 0x46, 0xe9,
	0xa9, 0xfd, 0xff, 0xff, 0x66, 0x89, 0x75, 0xfc, 0x88, 0x5d, 0xff, 0x0f, 0xb6, 0x45, 0xfb, 0x40,
	0x0f, 0xb6, 0x4d, 0xff, 0x3b, 0xc8, 0x74, 0x12, 0x8b, 0x7d, 0x08, 0xba, 0x00, 0x01, 0x00, 0x00,
	0xc6, 0x44, 0x17, 0x55, 0x03, 0xe9, 0x4f, 0x01, 0x00, 0x00, 0x8a, 0x5d, 0xdd, 0x88, 0x5d, 0xf7,
	0x8a, 0x45, 0xdc, 0x88, 0x45, 0xf6, 0xc6, 0x45, 0xdf, 0xb1, 0xc6, 0x45, 0xde, 0x08, 0xc7, 0x45,
	0xd4, 0x3c, 0x00, 0x00, 0x00, 0xff, 0x75, 0xe0, 0x8d, 0x45, 0xd0, 0x50, 0x8d, 0x45, 0xd4, 0x50,
	0x8d, 0x45, 0xd8, 0x50, 0x8d, 0x45, 0xd9, 0x50, 0x8d, 0x45, 0xda, 0x50, 0x8d, 0x45, 0xdb, 0x50,
	0x8d, 0x45, 0xdc, 0x50, 0x8d, 0x45, 0xdd, 0x50, 0x8d, 0x45, 0xde, 0x50, 0x8d, 0x45, 0xdf, 0x50,
	0xe8, 0xeb, 0xfa, 0xff, 0xff, 0x83, 0xc4, 0x2c, 0x23, 0xc0, 0x74, 0x12, 0x8b, 0x7d, 0x08, 0xba,
	0x00, 0x01, 0x00, 0x00, 0xc6, 0x44, 0x17, 0x55, 0x03, 0xe9, 0xeb, 0x00, 0x00, 0x00, 0x8a, 0x4d,
	0xda, 0x8b, 0x7d, 0x08, 0x88, 0x4f, 0x04, 0xc6, 0x45, 0xdf, 0xb1, 0xc6, 0x45, 0xde, 0x09, 0x88,
	0x5d, 0xdd, 0x8a, 0x45, 0xf6, 0x88, 0x45, 0xdc, 0x8b, 0x45, 0xf0, 0x89, 0x45, 0xd4, 0xff, 0x75,
	0xe0, 0x8d, 0x45, 0xd0, 0x50, 0x8d, 0x45, 0xd4, 0x50, 0x8d, 0x45, 0xd8, 0x50, 0x8d, 0x45, 0xd9,
	0x50, 0x8d, 0x45, 0xda, 0x50, 0x8d, 0x45, 0xdb, 0x50, 0x8d, 0x45, 0xdc, 0x50, 0x8d, 0x45, 0xdd,
	0x50, 0x8d, 0x45, 0xde, 0x50, 0x8d, 0x45, 0xdf, 0x50, 0xe8, 0x82, 0xfa, 0xff, 0xff, 0x83, 0xc4,
	0x2c, 0x23, 0xc0, 0x74, 0x0f, 0xba, 0x00, 0x01, 0x00, 0x00, 0xc6, 0x44, 0x17, 0x55, 0x03, 0xe9,
	0x85, 0x00, 0x00, 0x00, 0x0f, 0xb6, 0x4d, 0xdb, 0xc1, 0xe1, 0x08, 0x0f, 0xb6, 0x45, 0xda, 0x8d,
	0x34, 0x08, 0x89, 0x75, 0xe4, 0xc6, 0x45, 0xdf, 0xb1, 0xc6, 0x45, 0xde, 0x09, 0x88, 0x5d, 0xdd,
	0x8a, 0x45, 0xf6, 0x88, 0x45, 0xdc, 0x8b, 0x45, 0xec, 0x89, 0x45, 0xd4, 0xff, 0x75, 0xe0, 0x8d,
	0x45, 0xd0, 0x50, 0x8d, 0x45, 0xd4, 0x50, 0x8d, 0x45, 0xd8, 0x50, 0x8d, 0x45, 0xd9, 0x50, 0x8d,
	0x45, 0xda, 0x50, 0x8d, 0x45, 0xdb, 0x50, 0x8d, 0x45, 0xdc, 0x50, 0x8d, 0x45, 0xdd, 0x50, 0x8d,
	0x45, 0xde, 0x50, 0x8d, 0x45, 0xdf, 0x50, 0xe8, 0x14, 0xfa, 0xff, 0xff, 0x83, 0xc4, 0x2c, 0x23,
	0xc0, 0x74, 0x0c, 0xba, 0x00, 0x01, 0x00, 0x00, 0xc6, 0x44, 0x17, 0x55, 0x03, 0xeb, 0x1a, 0x0f,
	0xb6, 0x4d, 0xdb, 0xc1, 0xe1, 0x08, 0x0f, 0xb6, 0x45, 0xda, 0x03, 0xc1, 0x89, 0x45, 0xe8, 0x81,
	0xe6, 0xfe, 0xff, 0x00, 0x00, 0x66, 0x89, 0x77, 0x20, 0x5b, 0x5e, 0x5f, 0xc9, 0xc3, 0x90, 0x90,
	0x55, 0x89, 0xe5, 0x2b, 0xc0, 0xc9, 0xc3, 0x90, 0xc8, 0x04, 0x00, 0x00, 0x57, 0x56, 0x53, 0x8b,
	0x4d, 0x08, 0x66, 0x8b, 0x41, 0x20, 0x66, 0x89, 0x45, 0xfc, 0x0f, 0xb7, 0xf0, 0x8d, 0x7e, 0x38,
	0x89, 0xfa, 0xb0, 0x8e, 0xee, 0x8d, 0x56, 0x46, 0xec, 0x89, 0xc1, 0x8d, 0x56, 0x1b, 0xec, 0x22,
	0xc1, 0x24, 0xf0, 0x3c, 0x30, 0x75, 0x05, 0x89, 0xfa, 0xb0, 0x0e, 0xee, 0x0f, 0xb7, 0x75, 0xfc,
	0x8d, 0x56, 0x3b, 0xb0, 0xa1, 0xee, 0x8d, 0x56, 0x1b, 0xb3, 0x01, 0x89, 0xd8, 0xee, 0x89, 0xf2,
	0xb0, 0xc8, 0xee, 0x8d, 0x56, 0x4f, 0xb0, 0x80, 0xee, 0x8d, 0x56, 0x4a, 0x2b, 0xc0, 0x40, 0x8b,
	0x4d, 0x08, 0x8a, 0x49, 0x03, 0xd3, 0xe0, 0xee, 0x8d, 0x56, 0x47, 0xb0, 0x0e, 0xee, 0x8d, 0x56,
	0x07, 0x89, 0xd8, 0xee, 0xec, 0xa8, 0x08, 0x75, 0x06, 0x8d, 0x56, 0x4e, 0xb0, 0x20, 0xee, 0x2b,
	0xc0, 0x5b, 0x5e, 0x5f, 0xc9, 0xc3, 0x00, 0x00, 0xc8, 0x14, 0x00, 0x00, 0x57, 0x56, 0x53, 0x8b,
	0x75, 0x0c, 0x8b, 0x56, 0x27, 0x89, 0x55, 0xf0, 0x8b, 0x46, 0x23, 0x8b, 0x4e, 0x1f, 0x83, 0x7d,
	0xf0, 0x00, 0x75, 0x09, 0xc6, 0x46, 0x03, 0x04, 0xe9, 0x8e, 0x01, 0x00, 0x00, 0xc6, 0x46, 0x03,
	0x01, 0x8a, 0x10, 0x88, 0x55, 0xef, 0x8a, 0x50, 0x01, 0x88, 0x55, 0xee, 0x8a, 0x50, 0x02, 0x88,
	0x55, 0xed, 0x8a, 0x40, 0x03, 0x88, 0x45, 0xec, 0x8b, 0x45, 0xec, 0x40, 0x89, 0x45, 0xec, 0x3d,
	0x00, 0x04, 0xfb, 0x00, 0x76, 0x07, 0xc7, 0x45, 0xec, 0x00, 0x04, 0xfb, 0x00, 0x91, 0xc7, 0x45,
	0xfc, 0x00, 0x00, 0x00, 0x00, 0x2b, 0xc9, 0xba, 0x80, 0x01, 0x00, 0x00, 0x66, 0x81, 0x7c, 0x10,
	0x7e, 0x55, 0xaa, 0x0f, 0x85, 0xac, 0x00, 0x00, 0x00, 0x8d, 0x74, 0x10, 0x3e, 0x80, 0x7c, 0x10,
	0x3f, 0x01, 0x75, 0x1a, 0x80, 0x7c, 0x10, 0x41, 0x00, 0x75, 0x13, 0x80, 0x7c, 0x10, 0x40, 0x01,
	0x75, 0x0c, 0x8b, 0x44, 0x10, 0x46, 0x83, 0xf8, 0x3f, 0x72, 0x02, 0x2b, 0xc0, 0x91, 0xc6, 0x45,
	0xf8, 0x00, 0x80, 0x7e, 0x04, 0x00, 0x74, 0x55, 0x8a, 0x46, 0x06, 0x89, 0xc2, 0x81, 0xe2, 0xc0,
	0x00, 0x00, 0x00, 0x0f, 0xb6, 0xfa, 0xc1, 0xe7, 0x02, 0x8a, 0x56, 0x07, 0x0f, 0xb6, 0xda, 0x0b,
	0xdf, 0x22, 0xd2, 0x74, 0x38, 0x23, 0xc9, 0x74, 0x04, 0x89, 0xc8, 0xeb, 0x03, 0x83, 0xe0, 0x3f,
	0x97, 0x0f, 0xb6, 0x56, 0x05, 0x0f, 0xaf, 0xd7, 0x8b, 0x46, 0x06, 0x83, 0xe0, 0x3f, 0x03, 0xc2,
	0x8b, 0x56, 0x08, 0x03, 0x56, 0x0c, 0x2b, 0xd0, 0x89, 0xd0, 0x2b, 0xd2, 0xf7, 0xf7, 0x2b, 0xd2,
	0xf7, 0xf3, 0x23, 0xd2, 0x75, 0x07, 0x89, 0x45, 0xfc, 0x89, 0xf9, 0xeb, 0x0c, 0xfe, 0x45, 0xf8,
	0x83, 0xc6, 0x10, 0x80, 0x7d, 0xf8, 0x04, 0x72, 0x99, 0x83, 0x7d, 0xfc, 0x00, 0x74, 0x16, 0x23,
	0xc9, 0x74, 0x12, 0x89, 0xcf, 0x0f, 0xaf, 0x7d, 0xfc, 0x8b, 0x75, 0xec, 0x89, 0xf0, 0x2b, 0xd2,
	0xf7, 0xf7, 0x89, 0x45, 0xf4, 0x83, 0x7d, 0xfc, 0x00, 0x75, 0x69, 0xc7, 0x45, 0xf4, 0x00, 0x04,
	0x00, 0x00, 0xb9, 0x3f, 0x00, 0x00, 0x00, 0xbe, 0x00, 0xfc, 0x00, 0x00, 0x8b, 0x45, 0xec, 0x2b,
	0xd2, 0xf7, 0xf6, 0x89, 0x45, 0xfc, 0x81, 0x7d, 0xfc, 0xff, 0x00, 0x00, 0x00, 0x72, 0x09, 0xc7,
	0x45, 0xfc, 0xff, 0x00, 0x00, 0x00, 0xeb, 0x3c, 0x23, 0xd2, 0x74, 0x38, 0xff, 0x45, 0xfc, 0x81,
	0x7d, 0xfc, 0xff, 0x00, 0x00, 0x00, 0x76, 0x07, 0xc7, 0x45, 0xfc, 0xff, 0x00, 0x00, 0x00, 0x8b,
	0x4d, 0xf4, 0x0f, 0xaf, 0x4d, 0xfc, 0x8b, 0x75, 0xec, 0x89, 0xf0, 0x2b, 0xd2, 0xf7, 0xf1, 0x91,
	0x23, 0xd2, 0x74, 0x10, 0x41, 0x89, 0xcf, 0x0f, 0xaf, 0x7d, 0xfc, 0x89, 0xf0, 0x2b, 0xd2, 0xf7,
	0xf7, 0x89, 0x45, 0xf4, 0x81, 0x7d, 0xf4, 0x00, 0x04, 0x00, 0x00, 0x76, 0x07, 0xc7, 0x45, 0xf4,
	0x00, 0x04, 0x00, 0x00, 0x8b, 0x45, 0xfc, 0x8b, 0x55, 0xf0, 0x89, 0x42, 0x04, 0x8b, 0x55, 0xf0,
	0x89, 0x4a, 0x08, 0x8b, 0x45, 0xf4, 0x8b, 0x55, 0xf0, 0x89, 0x02, 0x5b, 0x5e, 0x5f, 0xc9, 0xc3,
	0x55, 0x89, 0xe5, 0x8b, 0x4d, 0x08, 0x8b, 0x45, 0x0c, 0x80, 0x79, 0x1b, 0x00, 0x74, 0x0b, 0x51,
	0xe8, 0x93, 0x03, 0x00, 0x00, 0x2b, 0xc0, 0x59, 0xeb, 0x09, 0x50, 0x51, 0xe8, 0x87, 0x02, 0x00,
	0x00, 0x59, 0x59, 0xc9, 0xc3, 0x90, 0x90, 0x90, 0xc8, 0x04, 0x00, 0x00, 0x57, 0x56, 0x53, 0x8b,
	0x75, 0x08, 0xb9, 0x80, 0x01, 0x00, 0x00, 0x8b, 0x44, 0x0e, 0x32, 0x23, 0xc0, 0x0f, 0x84, 0x38,
	0x01, 0x00, 0x00, 0x89, 0x45, 0xfc, 0x80, 0x7c, 0x0e, 0x46, 0x00, 0x0f, 0x85, 0x0c, 0x01, 0x00,
	0x00, 0xba, 0x00, 0x01, 0x00, 0x00, 0x80, 0x7c, 0x16, 0x49, 0x80, 0x0f, 0x82, 0xfc, 0x00, 0x00,
	0x00, 0x8b, 0x4d, 0xfc, 0x8b, 0x41, 0x17, 0xb9, 0x80, 0x01, 0x00, 0x00, 0x89, 0x44, 0x0e, 0x6c,
	0xba, 0x00, 0x02, 0x00, 0x00, 0x89, 0x44, 0x16, 0x48, 0x89, 0x04, 0x16, 0x89, 0x44, 0x0e, 0x3a,
	0x8b, 0x7d, 0xfc, 0x66, 0x8b, 0x47, 0x63, 0x88, 0x44, 0x0e, 0x75, 0x8d, 0x44, 0x0e, 0x3a, 0x89,
	0x44, 0x16, 0x38, 0x66, 0xb8, 0x01, 0x00, 0x66, 0x89, 0x44, 0x16, 0x40, 0x66, 0x89, 0x44, 0x16,
	0x42, 0x8b, 0x47, 0x57, 0x89, 0x44, 0x0e, 0x3e, 0x8b, 0x47, 0x53, 0x89, 0x44, 0x0e, 0x42, 0x8d,
	0x47, 0x65, 0x89, 0x44, 0x16, 0x50, 0x66, 0x8b, 0x47, 0x0d, 0x66, 0x89, 0x44, 0x16, 0x1a, 0xc6,
	0x44, 0x0e, 0x54, 0x28, 0x8b, 0x47, 0x06, 0x25, 0x00, 0x00, 0x00, 0xc0, 0x3d, 0x00, 0x00, 0x00,
	0x80, 0x74, 0x0e, 0x3d, 0x00, 0x00, 0x00, 0x40, 0x75, 0x0e, 0xc6, 0x44, 0x0e, 0x54, 0x68, 0xeb,
	0x0c, 0xc6, 0x44, 0x0e, 0x54, 0xa8, 0xeb, 0x05, 0xc6, 0x44, 0x0e, 0x54, 0xe8, 0xb9, 0x80, 0x01,
	0x00, 0x00, 0xc6, 0x44, 0x0e, 0x55, 0x84, 0x66, 0xc7, 0x44, 0x0e, 0x4c, 0xc0, 0x00, 0x8b, 0x45,
	0xfc, 0x8b, 0x50, 0x79, 0x89, 0x54, 0x0e, 0x48, 0xc6, 0x44, 0x0e, 0x4e, 0x01, 0xc6, 0x44, 0x0e,
	0x51, 0x00, 0x8b, 0x78, 0x65, 0xba, 0x00, 0x02, 0x00, 0x00, 0x89, 0x7c, 0x16, 0x04, 0x8b, 0x78,
	0x69, 0x89, 0x7c, 0x16, 0x08, 0x8b, 0x40, 0x6d, 0x89, 0x44, 0x16, 0x0c, 0x8d, 0x44, 0x0e, 0x48,
	0xba, 0x00, 0x01, 0x00, 0x00, 0x89, 0x44, 0x16, 0x44, 0xc6, 0x44, 0x16, 0x4f, 0x00, 0xc6, 0x44,
	0x16, 0x4d, 0x01, 0x8b, 0x45, 0xfc, 0x8a, 0x40, 0x0b, 0x0c, 0x80, 0x88, 0x44, 0x16, 0x4a, 0x8b,
	0x45, 0xfc, 0x8a, 0x40, 0x0a, 0x88, 0x44, 0x16, 0x49, 0xfe, 0x44, 0x0e, 0x46, 0xba, 0x00, 0x01,
	0x00, 0x00, 0xc6, 0x44, 0x16, 0x54, 0x02, 0x56, 0xe8, 0x3b, 0x02, 0x00, 0x00, 0xba, 0x00, 0x01,
	0x00, 0x00, 0x8a, 0x44, 0x16, 0x55, 0x59, 0x22, 0xc0, 0x75, 0x07, 0x2b, 0xc0, 0x5b, 0x5e, 0x5f,
	0xc9, 0xc3, 0x3c, 0x08, 0x74, 0xd7, 0x3c, 0x0d, 0x74, 0xd3, 0x3c, 0x02, 0x75, 0x75, 0xf6, 0x44,
	0x16, 0x57, 0x80, 0x74, 0x09, 0x8b, 0x4d, 0xfc, 0xc6, 0x41, 0x03, 0x0a, 0xeb, 0x1c, 0xb8, 0x80,
	0x01, 0x00, 0x00, 0x80, 0x7c, 0x06, 0x7c, 0x00, 0x74, 0x09, 0x8b, 0x4d, 0xfc, 0xc6, 0x41, 0x03,
	0x04, 0xeb, 0x07, 0x8b, 0x4d, 0xfc, 0xc6, 0x41, 0x03, 0x01, 0xb8, 0x80, 0x01, 0x00, 0x00, 0x8a,
	0x44, 0x06, 0x7c, 0x8b, 0x4d, 0xfc, 0x88, 0x41, 0x04, 0xba, 0x00, 0x02, 0x00, 0x00, 0x8b, 0x04,
	0x16, 0x89, 0x41, 0x17, 0x66, 0x8b, 0x44, 0x16, 0x1a, 0x66, 0x89, 0x41, 0x0d, 0x2b, 0xd2, 0xb9,
	0x80, 0x01, 0x00, 0x00, 0xc6, 0x44, 0x0e, 0x46, 0x00, 0x8b, 0x45, 0xfc, 0x8b, 0x40, 0x75, 0x89,
	0x44, 0x0e, 0x32, 0x23, 0xc0, 0x75, 0x04, 0x89, 0x54, 0x0e, 0x36, 0x8b, 0x45, 0xfc, 0xe9, 0x7a,
	0xff, 0xff, 0xff, 0x3c, 0x01, 0x75, 0x10, 0xb8, 0x80, 0x01, 0x00, 0x00, 0x80, 0x7c, 0x06, 0x46,
	0x03, 0x0f, 0x82, 0x4a, 0xfe, 0xff, 0xff, 0xba, 0x00, 0x01, 0x00, 0x00, 0x8a, 0x44, 0x16, 0x55,
	0x3c, 0x05, 0x74, 0x04, 0x3c, 0x07, 0x75, 0x1b, 0xba, 0x00, 0x01, 0x00, 0x00, 0x66, 0xc7, 0x44,
	0x16, 0x56, 0x01, 0x00, 0xc6, 0x44, 0x16, 0x6a, 0x07, 0xc6, 0x44, 0x16, 0x54, 0x08, 0xe9, 0x24,
	0xff, 0xff, 0xff, 0x3c, 0x09, 0x74, 0x04, 0x3c, 0x06, 0x75, 0x1b, 0xba, 0x00, 0x01, 0x00, 0x00,
	0x66, 0xc7, 0x44, 0x16, 0x56, 0x01, 0x00, 0xc6, 0x44, 0x16, 0x6a, 0x08, 0xc6, 0x44, 0x16, 0x54,
	0x09, 0xe9, 0x01, 0xff, 0xff, 0xff, 0x3c, 0x0e, 0x75, 0x2b, 0xb9, 0x80, 0x01, 0x00, 0x00, 0x8b,
	0x44, 0x0e, 0x3a, 0xbb, 0x00, 0x02, 0x00, 0x00, 0x89, 0xc7, 0x2b, 0x3c, 0x1e, 0x01, 0x7c, 0x0e,
	0x3e, 0x01, 0x7c, 0x0e, 0x42, 0x2b, 0xc7, 0x89, 0x44, 0x0e, 0x3a, 0xc6, 0x44, 0x16, 0x54, 0x0d,
	0xe9, 0xd2, 0xfe, 0xff, 0xff, 0x8b, 0x4d, 0xfc, 0xc6, 0x41, 0x03, 0x27, 0x56, 0xe8, 0x86, 0x13,
	0x00, 0x00, 0x59, 0xe9, 0x35, 0xff, 0xff, 0xff, 0x55, 0x89, 0xe5, 0x57, 0x56, 0x8b, 0x7d, 0x08,
	0x8b, 0x75, 0x0c, 0xc7, 0x46, 0x75, 0x00, 0x00, 0x00, 0x00, 0x2b, 0xc0, 0xc6, 0x46, 0x03, 0x00,
	0xba, 0x80, 0x01, 0x00, 0x00, 0x83, 0x7c, 0x17, 0x32, 0x00, 0x75, 0x2d, 0x89, 0x74, 0x17, 0x36,
	0x89, 0x74, 0x17, 0x32, 0xc6, 0x44, 0x17, 0x46, 0x00, 0x57, 0xe8, 0x49, 0xfd, 0xff, 0xff, 0x59,
	0x83, 0xf8, 0x02, 0x77, 0x1f, 0xf6, 0x46, 0x0e, 0x81, 0x74, 0x19, 0x57, 0xe8, 0x37, 0xfd, 0xff,
	0xff, 0x59, 0x83, 0xf8, 0x02, 0x76, 0xf4, 0xeb, 0x0b, 0x8b, 0x4c, 0x17, 0x36, 0x89, 0x71, 0x75,
	0x89, 0x74, 0x17, 0x36, 0x5e, 0x5f, 0xc9, 0xc3, 0xc3, 0x00, 0x00, 0x00, 0x66, 0x8b, 0x54, 0x24,
	0x04, 0x2b, 0xc9, 0x66, 0x23, 0xd2, 0x8d, 0x52, 0xff, 0x74, 0x12, 0xe4, 0x61, 0x24, 0x10, 0x3a,
	0xc1, 0x74, 0xf8, 0x89, 0xc1, 0x66, 0x23, 0xd2, 0x8d, 0x52, 0xff, 0x75, 0xee, 0xc3, 0x90, 0x90,
	0x66, 0x8b, 0x54, 0x24, 0x04, 0x2b, 0xc9, 0x89, 0xd0, 0xc1, 0xe0, 0x05, 0x66, 0x03, 0xc2, 0x8d,
	0x14, 0x42, 0x66, 0x23, 0xd2, 0x8d, 0x52, 0xff, 0x74, 0x12, 0xe4, 0x61, 0x24, 0x10, 0x3a, 0xc1,
	0x74, 0xf8, 0x89, 0xc1, 0x66, 0x23, 0xd2, 0x8d, 0x52, 0xff, 0x75, 0xee, 0xc3, 0x90, 0x90, 0x90,
	0x55, 0x89, 0xe5, 0x56, 0x66, 0x8b, 0x75, 0x08, 0xc1, 0xe6, 0x02, 0x66, 0x23, 0xf6, 0x8d, 0x76,
	0xff, 0x74, 0x13, 0x68, 0xfa, 0x00, 0x00, 0x00, 0xe8, 0xb3, 0xff, 0xff, 0xff, 0x59, 0x66, 0x23,
	0xf6, 0x8d, 0x76, 0xff, 0x75, 0xed, 0x5e, 0xc9, 0xc3, 0x00, 0x00, 0x00, 0x8b, 0x44, 0x24, 0x04,
	0x0f, 0xb7, 0x48, 0x20, 0x8d, 0x51, 0x40, 0xb0, 0x8f, 0xee, 0x8d, 0x51, 0x41, 0xb0, 0x06, 0xee,
	0x8d, 0x51, 0x39, 0xb0, 0x15, 0xee, 0xc3, 0x90, 0xc8, 0x04, 0x00, 0x00, 0x57, 0x56, 0x53, 0x8b,
	0x75, 0x08, 0x89, 0xf2, 0xbf, 0x80, 0x02, 0x00, 0x00, 0x80, 0x7c, 0x3e, 0x18, 0x00, 0x0f, 0x85,
	0xed, 0x01, 0x00, 0x00, 0xbf, 0x80, 0x02, 0x00, 0x00, 0x8d, 0x44, 0x3a, 0x3c, 0x89, 0x44, 0x3a,
	0x2e, 0x8b, 0x4a, 0x08, 0x03, 0xc8, 0x2b, 0xca, 0x89, 0xcb, 0x83, 0xe3, 0x03, 0x89, 0x5d, 0xfc,
	0xbb, 0x04, 0x00, 0x00, 0x00, 0x2b, 0x5d, 0xfc, 0x83, 0xe3, 0x03, 0x03, 0xcb, 0x89, 0x4c, 0x3a,
	0x2a, 0x03, 0xc3, 0x89, 0x44, 0x3a, 0x2e, 0xb9, 0x80, 0x04, 0x00, 0x00, 0x8d, 0x4c, 0x08, 0x18,
	0x89, 0x4c, 0x3a, 0x22, 0x91, 0x2b, 0xff, 0x8b, 0x04, 0xbd, 0x5c, 0x29, 0x00, 0x00, 0x89, 0x04,
	0xb9, 0x47, 0x81, 0xff, 0x26, 0x01, 0x00, 0x00, 0x7c, 0xed, 0x2b, 0xff, 0x8b, 0x04, 0xbd, 0xb8,
	0x2e, 0x00, 0x00, 0xbb, 0x80, 0x02, 0x00, 0x00, 0x8b, 0x5c, 0x1a, 0x2a, 0x03, 0x1c, 0x85, 0x5c,
	0x29, 0x00, 0x00, 0x89, 0x1c, 0x81, 0x47, 0x83, 0xff, 0x29, 0x7c, 0xe0, 0x2b, 0xff, 0x8b, 0x04,
	0xbd, 0x08, 0x2e, 0x00, 0x00, 0xbb, 0x80, 0x02, 0x00, 0x00, 0x8b, 0x5c, 0x1a, 0x2a, 0x03, 0x1c,
	0x85, 0x5c, 0x29, 0x00, 0x00, 0x81, 0xc3, 0x98, 0x04, 0x00, 0x00, 0x89, 0x1c, 0x81, 0x47, 0x83,
	0xff, 0x2c, 0x7c, 0xda, 0xa1, 0xf4, 0x2d, 0x00, 0x00, 0x8d, 0x04, 0x81, 0xbf, 0x80, 0x07, 0x00,
	0x00, 0x89, 0x44, 0x3a, 0x40, 0xa1, 0xf8, 0x2d, 0x00, 0x00, 0x8d, 0x04, 0x81, 0x89, 0x44, 0x3a,
	0x44, 0xa1, 0xfc, 0x2d, 0x00, 0x00, 0x8d, 0x04, 0x81, 0x89, 0x44, 0x3a, 0x48, 0xa1, 0x00, 0x2e,
	0x00, 0x00, 0x8d, 0x44, 0x81, 0x02, 0x89, 0x44, 0x3a, 0x4c, 0xa1, 0x04, 0x2e, 0x00, 0x00, 0x8d,
	0x44, 0x81, 0x02, 0x89, 0x44, 0x3a, 0x50, 0x8b, 0x46, 0x24, 0x83, 0xc0, 0x2c, 0x89, 0x44, 0x3e,
	0x3c, 0xb8, 0x80, 0x02, 0x00, 0x00, 0x66, 0xc7, 0x44, 0x06, 0x3a, 0x00, 0x00, 0x8b, 0x44, 0x06,
	0x2a, 0x8d, 0x90, 0x48, 0x01, 0x00, 0x00, 0x89, 0x54, 0x3e, 0x54, 0x8d, 0x50, 0x58, 0x89, 0x54,
	0x3e, 0x58, 0x8d, 0x50, 0x70, 0x89, 0x54, 0x3e, 0x5c, 0x8d, 0x90, 0x88, 0x00, 0x00, 0x00, 0x89,
	0x54, 0x3e, 0x60, 0x8d, 0x90, 0xd0, 0x00, 0x00, 0x00, 0x89, 0x54, 0x3e, 0x64, 0x8d, 0x90, 0x10,
	0x01, 0x00, 0x00, 0x89, 0x54, 0x3e, 0x68, 0x8d, 0x90, 0x08, 0x01, 0x00, 0x00, 0x89, 0x54, 0x3e,
	0x6c, 0x8d, 0x50, 0x60, 0x89, 0x54, 0x3e, 0x70, 0x8d, 0x90, 0x20, 0x01, 0x00, 0x00, 0x89, 0x54,
	0x3e, 0x74, 0x8d, 0x50, 0x08, 0x89, 0x54, 0x3e, 0x78, 0x8d, 0x90, 0x60, 0x01, 0x00, 0x00, 0x89,
	0x54, 0x3e, 0x7c, 0x8d, 0x90, 0x80, 0x01, 0x00, 0x00, 0xbf, 0x00, 0x08, 0x00, 0x00, 0x89, 0x14,
	0x3e, 0x8d, 0x90, 0xa0, 0x01, 0x00, 0x00, 0x89, 0x54, 0x3e, 0x04, 0x8d, 0x90, 0x08, 0x02, 0x00,
	0x00, 0x89, 0x54, 0x3e, 0x08, 0x8d, 0x90, 0x88, 0x02, 0x00, 0x00, 0x89, 0x54, 0x3e, 0x0c, 0x8d,
	0x90, 0xa8, 0x02, 0x00, 0x00, 0x89, 0x54, 0x3e, 0x10, 0x05, 0x28, 0x03, 0x00, 0x00, 0x89, 0x44,
	0x3e, 0x14, 0xb8, 0x80, 0x02, 0x00, 0x00, 0x8b, 0x44, 0x01, 0x0c, 0x89, 0x44, 0x3e, 0x18, 0x56,
	0xe8, 0x63, 0x1a, 0x00, 0x00, 0x8a, 0x46, 0x31, 0x24, 0x08, 0x59, 0x22, 0xc0, 0x75, 0x08, 0x56,
	0xe8, 0xa3, 0x10, 0x00, 0x00, 0xeb, 0x06, 0x56, 0xe8, 0xa3, 0x16, 0x00, 0x00, 0x59, 0x6a, 0x00,
	0x56, 0xe8, 0xda, 0x10, 0x00, 0x00, 0x6a, 0x00, 0x56, 0xe8, 0xd2, 0x10, 0x00, 0x00, 0x56, 0xe8,
	0xe8, 0xfd, 0xff, 0xff, 0xbf, 0x80, 0x02, 0x00, 0x00, 0xc6, 0x44, 0x3e, 0x18, 0x01, 0x83, 0xc4,
	0x14, 0xb8, 0x00, 0x01, 0x00, 0x00, 0x8a, 0x4c, 0x06, 0x54, 0x80, 0xf9, 0x02, 0x75, 0x0f, 0x6a,
	0x00, 0x56, 0xe8, 0x45, 0x03, 0x00, 0x00, 0x59, 0x59, 0xe9, 0xd1, 0x00, 0x00, 0x00, 0x80, 0xf9,
	0x13, 0x75, 0x0c, 0x56, 0xe8, 0x8b, 0x1a, 0x00, 0x00, 0x59, 0xe9, 0xc0, 0x00, 0x00, 0x00, 0x80,
	0xf9, 0x03, 0x75, 0x08, 0x56, 0xe8, 0x2a, 0x0b, 0x00, 0x00, 0xeb, 0xed, 0x80, 0xf9, 0x0d, 0x75,
	0x08, 0x56, 0xe8, 0x19, 0x02, 0x00, 0x00, 0xeb, 0xe0, 0x80, 0xf9, 0x11, 0x75, 0x08, 0x56, 0xe8,
	0xd4, 0x19, 0x00, 0x00, 0xeb, 0xd3, 0x80, 0xf9, 0x12, 0x75, 0x08, 0x56, 0xe8, 0x1f, 0x1a, 0x00,
	0x00, 0xeb, 0xc6, 0x80, 0xf9, 0x07, 0x75, 0x08, 0x56, 0xe8, 0xca, 0x0c, 0x00, 0x00, 0xeb, 0xb9,
	0x80, 0xf9, 0x08, 0x75, 0x08, 0x56, 0xe8, 0x35, 0x0d, 0x00, 0x00, 0xeb, 0xac, 0x80, 0xf9, 0x09,
	0x75, 0x08, 0x56, 0xe8, 0xb4, 0x0d, 0x00, 0x00, 0xeb, 0x9f, 0x80, 0xf9, 0x04, 0x75, 0x08, 0x56,
	0xe8, 0xa7, 0x0b, 0x00, 0x00, 0xeb, 0x92, 0x80, 0xf9, 0x05, 0x75, 0x08, 0x56, 0xe8, 0xfe, 0x0b,
	0x00, 0x00, 0xeb, 0x85, 0x80, 0xf9, 0x0a, 0x75, 0x0b, 0x56, 0xe8, 0xc9, 0x0f, 0x00, 0x00, 0xe9,
	0x75, 0xff, 0xff, 0xff, 0xf6, 0x46, 0x18, 0x80, 0x74, 0x20, 0x80, 0xf9, 0x0e, 0x75, 0x0b, 0x56,
	0xe8, 0x33, 0x19, 0x00, 0x00, 0xe9, 0x5f, 0xff, 0xff, 0xff, 0x80, 0xf9, 0x0f, 0x75, 0x20, 0x56,
	0xe8, 0x03, 0x19, 0x00, 0x00, 0xe9, 0x4f, 0xff, 0xff, 0xff, 0x80, 0xf9, 0x14, 0x75, 0x0b, 0x56,
	0xe8, 0x57, 0x02, 0x00, 0x00, 0xe9, 0x3f, 0xff, 0xff, 0xff, 0xc6, 0x44, 0x06, 0x55, 0x10, 0x5b,
	0x5e, 0x5f, 0xc9, 0xc3, 0x83, 0xec, 0x24, 0x57, 0x56, 0x53, 0x8b, 0x54, 0x24, 0x34, 0x8b, 0x4c,
	0x24, 0x38, 0x66, 0x8b, 0x41, 0x7a, 0x89, 0x44, 0x24, 0x1c, 0x22, 0xc0, 0x0f, 0x84, 0x45, 0x01,
	0x00, 0x00, 0xfe, 0x4c, 0x24, 0x1c, 0x8b, 0x71, 0x70, 0x80, 0x7c, 0x24, 0x1c, 0x10, 0x76, 0x05,
	0xc6, 0x44, 0x24, 0x1c, 0x10, 0xbf, 0x80, 0x02, 0x00, 0x00, 0xc7, 0x44, 0x3a, 0x32, 0x00, 0x00,
	0x00, 0x00, 0x8b, 0x5c, 0x3a, 0x2e, 0x89, 0x5c, 0x24, 0x18, 0xb8, 0x80, 0x02, 0x00, 0x00, 0x8b,
	0x4c, 0x24, 0x18, 0x8d, 0x4c, 0x01, 0x08, 0x0f, 0xb6, 0x7c, 0x24, 0x1c, 0xc1, 0xe7, 0x03, 0x2b,
	0xcf, 0xbb, 0x00, 0x03, 0x00, 0x00, 0x8b, 0x44, 0x24, 0x18, 0x8d, 0x44, 0x18, 0x28, 0x2b, 0xc7,
	0x89, 0x44, 0x24, 0x0c, 0x2b, 0xc0, 0x89, 0x44, 0x24, 0x20, 0x3a, 0x44, 0x24, 0x1c, 0x0f, 0x87,
	0xb0, 0x00, 0x00, 0x00, 0x0f, 0xb6, 0x5c, 0x24, 0x20, 0x89, 0x5c, 0x24, 0x28, 0xb8, 0x80, 0x02,
	0x00, 0x00, 0x8b, 0x7c, 0x02, 0x22, 0x89, 0x7c, 0x24, 0x10, 0x8b, 0x46, 0x08, 0x89, 0x44, 0x24,
	0x14, 0x8b, 0x5c, 0x24, 0x28, 0x8b, 0x44, 0x24, 0x14, 0x8b, 0x7c, 0x24, 0x10, 0x89, 0x44, 0x9f,
	0x20, 0xb8, 0x80, 0x02, 0x00, 0x00, 0x8b, 0x44, 0x02, 0x32, 0x03, 0x06, 0xbf, 0x80, 0x02, 0x00,
	0x00, 0x89, 0x44, 0x3a, 0x32, 0x8b, 0x06, 0x89, 0xc7, 0xc1, 0xe8, 0x10, 0x89, 0x44, 0x24, 0x2c,
	0x66, 0x89, 0x39, 0x88, 0x41, 0x02, 0x8b, 0x44, 0x24, 0x28, 0xc1, 0xe0, 0x02, 0x89, 0x44, 0x24,
	0x24, 0xb8, 0x00, 0x08, 0x00, 0x00, 0x8b, 0x44, 0x02, 0x18, 0x03, 0x44, 0x24, 0x24, 0x89, 0x41,
	0x04, 0x8b, 0x44, 0x24, 0x0c, 0x66, 0x89, 0x38, 0x8b, 0x5c, 0x24, 0x2c, 0x8b, 0x44, 0x24, 0x0c,
	0x88, 0x58, 0x02, 0xb8, 0x00, 0x08, 0x00, 0x00, 0x8b, 0x7c, 0x02, 0x18, 0x03, 0x7c, 0x24, 0x24,
	0x8b, 0x44, 0x24, 0x0c, 0x89, 0x78, 0x04, 0xfe, 0x44, 0x24, 0x20, 0x83, 0xc1, 0x08, 0x83, 0x44,
	0x24, 0x0c, 0x08, 0x83, 0xc6, 0x0c, 0x8b, 0x44, 0x24, 0x1c, 0x38, 0x44, 0x24, 0x20, 0x0f, 0x86,
	0x50, 0xff, 0xff, 0xff, 0x0f, 0xb6, 0x44, 0x24, 0x1c, 0xc1, 0xe0, 0x03, 0xb9, 0x00, 0x08, 0x00,
	0x00, 0x8b, 0x7c, 0x0a, 0x0c, 0x2b, 0xf8, 0xbe, 0x00, 0x02, 0x00, 0x00, 0x8b, 0x5c, 0x24, 0x18,
	0x89, 0x7c, 0x33, 0x04, 0x8b, 0x4c, 0x0a, 0x14, 0x2b, 0xc8, 0xbf, 0x80, 0x02, 0x00, 0x00, 0x8b,
	0x5c, 0x24, 0x18, 0x89, 0x4c, 0x3b, 0x24, 0x5b, 0x5e, 0x5f, 0x83, 0xc4, 0x24, 0xc3, 0x90, 0x90,
	0x55, 0x89, 0xe5, 0x57, 0x56, 0x53, 0x8b, 0x7d, 0x08, 0xba, 0x00, 0x01, 0x00, 0x00, 0x8b, 0x4c,
	0x17, 0x40, 0x8a, 0x41, 0x2d, 0xb9, 0x80, 0x07, 0x00, 0x00, 0x8b, 0x4c, 0x0f, 0x40, 0x88, 0x01,
	0xbe, 0x80, 0x02, 0x00, 0x00, 0x8b, 0x5c, 0x37, 0x22, 0x8b, 0x4c, 0x17, 0x40, 0xb8, 0x80, 0x00,
	0x00, 0x00, 0x8b, 0x4c, 0x01, 0x08, 0x8b, 0x09, 0x89, 0x0b, 0x8b, 0x4c, 0x17, 0x40, 0x8b, 0x4c,
	0x01, 0x08, 0x8b, 0x49, 0x04, 0x89, 0x4b, 0x04, 0x8b, 0x4c, 0x17, 0x40, 0x8b, 0x4c, 0x01, 0x08,
	0x8b, 0x41, 0x08, 0x89, 0x43, 0x08, 0xff, 0x74, 0x17, 0x40, 0x57, 0xe8, 0x34, 0xfe, 0xff, 0xff,
	0x59, 0x59, 0x66, 0x83, 0x7c, 0x37, 0x3a, 0x00, 0x74, 0x0a, 0x6a, 0x00, 0x57, 0xe8, 0x8a, 0x00,
	0x00, 0x00, 0x59, 0x59, 0xbe, 0x80, 0x02, 0x00, 0x00, 0x80, 0x7c, 0x37, 0x19, 0x00, 0x75, 0x28,
	0xc6, 0x44, 0x37, 0x19, 0x01, 0xb8, 0x00, 0x08, 0x00, 0x00, 0xff, 0x74, 0x07, 0x04, 0x66, 0x8b,
	0x47, 0x20, 0x66, 0x83, 0xc0, 0x2c, 0x50, 0xe8, 0xbb, 0xee, 0xff, 0xff, 0xba, 0x00, 0x01, 0x00,
	0x00, 0xc6, 0x44, 0x17, 0x55, 0x00, 0x59, 0x59, 0x5b, 0x5e, 0x5f, 0xc9, 0xc3, 0x90, 0x90, 0x90,
	0x8b, 0x54, 0x24, 0x04, 0xb9, 0x00, 0x01, 0x00, 0x00, 0x80, 0x7c, 0x0a, 0x48, 0xff, 0x75, 0x19,
	0x8a, 0x44, 0x0a, 0x49, 0x3c, 0x80, 0x73, 0x11, 0x88, 0x44, 0x0a, 0x48, 0x8b, 0x44, 0x0a, 0x44,
	0x89, 0x44, 0x0a, 0x40, 0xc6, 0x44, 0x0a, 0x49, 0x80, 0xc3, 0x90, 0x90, 0x55, 0x89, 0xe5, 0x56,
	0x8b, 0x75, 0x08, 0x56, 0xe8, 0x37, 0x13, 0x00, 0x00, 0xb8, 0x80, 0x02, 0x00, 0x00, 0xc7, 0x44,
	0x06, 0x26, 0x00, 0x00, 0x00, 0x00, 0x59, 0x5e, 0xc9, 0xc3, 0x90, 0x90, 0xc8, 0x08, 0x00, 0x00,
	0x57, 0x56, 0x53, 0x8b, 0x7d, 0x08, 0x8b, 0x47, 0x1c, 0x89, 0x45, 0xfc, 0x2b, 0xc0, 0xbe, 0x00,
	0x01, 0x00, 0x00, 0xc6, 0x44, 0x37, 0x55, 0x00, 0xb9, 0x80, 0x02, 0x00, 0x00, 0x66, 0x8b, 0x4c,
	0x0f, 0x3a, 0x66, 0x23, 0xc9, 0x75, 0x10, 0x6a, 0x00, 0x57, 0xe8, 0x31, 0x0d, 0x00, 0x00, 0x66,
	0x89, 0x45, 0xfa, 0x59, 0x59, 0xeb, 0x0e, 0x66, 0x89, 0x4d, 0xfa, 0xb9, 0x80, 0x02, 0x00, 0x00,
	0x66, 0x89, 0x44, 0x0f, 0x3a, 0x66, 0x83, 0x7d, 0xfa, 0x00, 0x0f, 0x84, 0x80, 0x05, 0x00, 0x00,
	0x8a, 0x45, 0xfb, 0xa8, 0x80, 0x0f, 0x84, 0x71, 0x01, 0x00, 0x00, 0x66, 0x8b, 0x4d, 0xfa, 0x66,
	0x83, 0xe1, 0x20, 0x74, 0x1b, 0xbe, 0x00, 0x01, 0x00, 0x00, 0xc6, 0x44, 0x37, 0x48, 0xff, 0x57,
	0xe8, 0xab, 0x12, 0x00, 0x00, 0xc6, 0x44, 0x37, 0x55, 0x01, 0x59, 0xe9, 0x09, 0x06, 0x00, 0x00,
	0x66, 0x8b, 0x4d, 0xfa, 0x66, 0x83, 0xe1, 0x02, 0x74, 0x30, 0x57, 0xe8, 0x20, 0xff, 0xff, 0xff,
	0xbe, 0x00, 0x01, 0x00, 0x00, 0x8b, 0x44, 0x37, 0x40, 0x89, 0x44, 0x37, 0x5e, 0x0f, 0xb6, 0x44,
	0x37, 0x48, 0x80, 0xcc, 0x80, 0x66, 0x89, 0x44, 0x37, 0x56, 0xc6, 0x44, 0x37, 0x55, 0x02, 0xc6,
	0x44, 0x37, 0x48, 0xff, 0x59, 0xe9, 0x16, 0x05, 0x00, 0x00, 0x66, 0x8b, 0x4d, 0xfa, 0x66, 0x83,
	0xe1, 0x10, 0x74, 0x2a, 0x66, 0x8b, 0x47, 0x20, 0x66, 0x83, 0xc0, 0x2c, 0x50, 0xe8, 0x7e, 0xed,
	0xff, 0xff, 0x0f, 0xb7, 0x57, 0x20, 0x83, 0xc2, 0x0a, 0xec, 0x83, 0xe0, 0x0f, 0xbe, 0x00, 0x01,
	0x00, 0x00, 0x66, 0x89, 0x44, 0x37, 0x56, 0xc6, 0x44, 0x37, 0x55, 0x03, 0xeb, 0x8c, 0x66, 0x8b,
	0x4d, 0xfa, 0x66, 0x83, 0xe1, 0x08, 0x75, 0x0e, 0x66, 0x8b, 0x4d, 0xfa, 0x66, 0x83, 0xe1, 0x40,
	0x75, 0x04, 0xa8, 0x20, 0x74, 0x16, 0xbe, 0x00, 0x01, 0x00, 0x00, 0x66, 0xc7, 0x44, 0x37, 0x56,
	0xff, 0xff, 0xc6, 0x44, 0x37, 0x55, 0x03, 0xe9, 0x6d, 0x05, 0x00, 0x00, 0x66, 0x8b, 0x45, 0xfa,
	0x66, 0x83, 0xe0, 0x01, 0x0f, 0x84, 0xa6, 0x04, 0x00, 0x00, 0x57, 0xe8, 0x80, 0xfe, 0xff, 0xff,
	0xbe, 0x00, 0x01, 0x00, 0x00, 0x8b, 0x5c, 0x37, 0x40, 0x2b, 0xc0, 0xb9, 0x80, 0x00, 0x00, 0x00,
	0xc6, 0x44, 0x0b, 0x15, 0x00, 0xba, 0x00, 0x08, 0x00, 0x00, 0x59, 0x83, 0x7c, 0x17, 0x1c, 0x00,
	0x74, 0x0d, 0xb9, 0x80, 0x02, 0x00, 0x00, 0x89, 0x44, 0x0f, 0x36, 0x89, 0x44, 0x17, 0x1c, 0x66,
	0x8b, 0x47, 0x20, 0x66, 0x83, 0xc0, 0x24, 0x50, 0xe8, 0xe3, 0xec, 0xff, 0xff, 0x59, 0x66, 0x83,
	0x7d, 0xfa, 0x08, 0x74, 0x38, 0x25, 0x00, 0x00, 0x00, 0xff, 0x3d, 0x00, 0x00, 0x00, 0x20, 0x74,
	0x07, 0x3d, 0x00, 0x00, 0x00, 0x21, 0x75, 0x04, 0x23, 0xdb, 0x75, 0x21, 0xbe, 0x00, 0x01, 0x00,
	0x00, 0xc6, 0x44, 0x37, 0x48, 0xff, 0x57, 0xe8, 0x84, 0x11, 0x00, 0x00, 0xc6, 0x44, 0x37, 0x55,
	0x03, 0x66, 0xc7, 0x44, 0x37, 0x56, 0xff, 0xff, 0xe9, 0xcd, 0xfe, 0xff, 0xff, 0xb8, 0x80, 0x02,
	0x00, 0x00, 0x8b, 0x4c, 0x07, 0x32, 0x2b, 0x4c, 0x07, 0x36, 0x29, 0x4b, 0x38, 0xbe, 0x00, 0x01,
	0x00, 0x00, 0xc6, 0x44, 0x37, 0x55, 0x0e, 0xe9, 0xbd, 0x04, 0x00, 0x00, 0xbe, 0x00, 0x01, 0x00,
	0x00, 0xc6, 0x44, 0x37, 0x55, 0x03, 0x66, 0xc7, 0x44, 0x37, 0x56, 0xff, 0xff, 0x66, 0x83, 0x7d,
	0xfa, 0x08, 0x75, 0x12, 0xb9, 0x80, 0x02, 0x00, 0x00, 0xc7, 0x44, 0x0f, 0x36, 0x00, 0x00, 0x00,
	0x00, 0xe9, 0x34, 0xff, 0xff, 0xff, 0x66, 0x83, 0x7d, 0xfa, 0x06, 0x0f, 0x85, 0x43, 0x01, 0x00,
	0x00, 0xb8, 0x80, 0x02, 0x00, 0x00, 0xff, 0x4c, 0x07, 0x26, 0x66, 0x8b, 0x47, 0x20, 0x66, 0x83,
	0xc0, 0x2c, 0x50, 0xe8, 0x38, 0xec, 0xff, 0xff, 0x59, 0x80, 0x7c, 0x37, 0x49, 0x80, 0x73, 0x05,
	0xc6, 0x44, 0x37, 0x49, 0x81, 0xbe, 0x00, 0x01, 0x00, 0x00, 0xc6, 0x44, 0x37, 0x55, 0x04, 0x0f,
	0xb7, 0x57, 0x20, 0x83, 0xc2, 0x0a, 0xec, 0x83, 0xe0, 0x0f, 0x66, 0x89, 0x44, 0x37, 0x56, 0xba,
	0x00, 0x08, 0x00, 0x00, 0xc7, 0x44, 0x17, 0x1c, 0x00, 0x00, 0x00, 0x00, 0xb9, 0x80, 0x02, 0x00,
	0x00, 0x8b, 0x4c, 0x0f, 0x22, 0x0f, 0xb6, 0x49, 0x14, 0x66, 0x89, 0x4c, 0x37, 0x58, 0x66, 0x83,
	0xe1, 0x07, 0x3c, 0x08, 0x73, 0x12, 0x0f, 0xb6, 0xc9, 0x8d, 0x0c, 0xc1, 0x8d, 0x87, 0x00, 0x01,
	0x00, 0x00, 0x8a, 0x44, 0x08, 0x72, 0xeb, 0x1d, 0x0f, 0xb6, 0xc9, 0x8d, 0x0c, 0xc1, 0x8b, 0x54,
	0x17, 0x20, 0x0f, 0xb6, 0x44, 0x0a, 0x08, 0x8d, 0x0c, 0x40, 0xc1, 0xe1, 0x02, 0x8b, 0x44, 0x32,
	0x08, 0x8a, 0x44, 0x08, 0x0b, 0x3c, 0xff, 0x0f, 0x84, 0x96, 0x00, 0x00, 0x00, 0xb9, 0x80, 0x02,
	0x00, 0x00, 0xc6, 0x44, 0x0f, 0x19, 0x01, 0xb8, 0x80, 0x07, 0x00, 0x00, 0xff, 0x74, 0x07, 0x6c,
	0x66, 0x8b, 0x47, 0x20, 0x66, 0x83, 0xc0, 0x2c, 0x50, 0xe8, 0x99, 0xeb, 0xff, 0xff, 0x6a, 0x01,
	0x57, 0xe8, 0x9a, 0x0a, 0x00, 0x00, 0x83, 0xc4, 0x10, 0x66, 0x23, 0xc0, 0x75, 0x65, 0xb8, 0x80,
	0x02, 0x00, 0x00, 0x8b, 0x44, 0x07, 0x22, 0x8a, 0x40, 0x14, 0x3c, 0x20, 0x74, 0x08, 0x3c, 0x21,
	0x74, 0x04, 0x3c, 0x22, 0x75, 0x4d, 0xb9, 0x80, 0x02, 0x00, 0x00, 0xc6, 0x44, 0x0f, 0x19, 0x01,
	0xb8, 0x80, 0x07, 0x00, 0x00, 0xff, 0x74, 0x07, 0x6c, 0x66, 0x8b, 0x47, 0x20, 0x66, 0x83, 0xc0,
	0x2c, 0x50, 0xe8, 0x50, 0xeb, 0xff, 0xff, 0x6a, 0x01, 0x57, 0xe8, 0x51, 0x0a, 0x00, 0x00, 0x83,
	0xc4, 0x10, 0x66, 0x23, 0xc0, 0x75, 0x1c, 0xb8, 0x80, 0x02, 0x00, 0x00, 0x8b, 0x44, 0x07, 0x22,
	0x0f, 0xb6, 0x40, 0x14, 0xbe, 0x00, 0x01, 0x00, 0x00, 0x66, 0x89, 0x44, 0x37, 0x5a, 0xe9, 0x56,
	0x03, 0x00, 0x00, 0xbe, 0x00, 0x01, 0x00, 0x00, 0x66, 0xc7, 0x44, 0x37, 0x5a, 0x00, 0x00, 0xe9,
	0x45, 0x03, 0x00, 0x00, 0x57, 0xe8, 0x66, 0xfc, 0xff, 0xff, 0x8b, 0x5c, 0x37, 0x40, 0xba, 0x00,
	0x08, 0x00, 0x00, 0x59, 0x83, 0x7c, 0x17, 0x1c, 0x00, 0x74, 0x41, 0xc7, 0x44, 0x17, 0x1c, 0x00,
	0x00, 0x00, 0x00, 0x80, 0x7c, 0x37, 0x48, 0xff, 0x74, 0x32, 0x23, 0xdb, 0x74, 0x2e, 0x8b, 0x43,
	0x38, 0xb9, 0x80, 0x02, 0x00, 0x00, 0x2b, 0x44, 0x0f, 0x32, 0x89, 0x43, 0x38, 0xb9, 0x80, 0x00,
	0x00, 0x00, 0xc6, 0x44, 0x0b, 0x15, 0x00, 0x74, 0x13, 0xb9, 0x80, 0x02, 0x00, 0x00, 0x66, 0x8b,
	0x45, 0xfa, 0x66, 0x89, 0x44, 0x0f, 0x3a, 0xe9, 0x26, 0xfe, 0xff, 0xff, 0x66, 0x83, 0x7d, 0xfa,
	0x0b, 0x75, 0x7b, 0x66, 0x83, 0x7d, 0x0c, 0x00, 0x74, 0x1b, 0xb9, 0x80, 0x02, 0x00, 0x00, 0x66,
	0xc7, 0x44, 0x0f, 0x3a, 0x0b, 0x00, 0xbe, 0x00, 0x01, 0x00, 0x00, 0xc6, 0x44, 0x37, 0x55, 0x08,
	0xe9, 0xc4, 0x02, 0x00, 0x00, 0xb9, 0x80, 0x00, 0x00, 0x00, 0x80, 0x7c, 0x0b, 0x15, 0x00, 0x74,
	0x0c, 0xb8, 0x80, 0x00, 0x00, 0x00, 0x8b, 0x44, 0x03, 0x16, 0x89, 0x43, 0x38, 0xb9, 0x80, 0x02,
	0x00, 0x00, 0x8b, 0x44, 0x0f, 0x22, 0x8a, 0x40, 0x1c, 0x88, 0x43, 0x34, 0xbe, 0x00, 0x01, 0x00,
	0x00, 0x8b, 0x44, 0x37, 0x40, 0x89, 0x44, 0x37, 0x5e, 0x8b, 0x44, 0x0f, 0x22, 0x0f, 0xb6, 0x40,
	0x14, 0x66, 0x89, 0x44, 0x37, 0x56, 0xc6, 0x44, 0x37, 0x55, 0x02, 0xc6, 0x44, 0x37, 0x48, 0xff,
	0x66, 0x23, 0xc0, 0x0f, 0x84, 0xa7, 0x01, 0x00, 0x00, 0xe9, 0x6b, 0x02, 0x00, 0x00, 0x66, 0x83,
	0x7d, 0xfa, 0x0e, 0x74, 0x07, 0x66, 0x83, 0x7d, 0xfa, 0x10, 0x75, 0x5f, 0xb8, 0x80, 0x02, 0x00,
	0x00, 0xff, 0x44, 0x07, 0x26, 0x66, 0x83, 0x7d, 0xfa, 0x10, 0x75, 0x12, 0x8b, 0x43, 0x38, 0xb9,
	0x80, 0x00, 0x00, 0x00, 0x89, 0x04, 0x0b, 0xc6, 0x44, 0x0b, 0x15, 0x00, 0xeb, 0x11, 0x8b, 0x43,
	0x38, 0xb9, 0x80, 0x00, 0x00, 0x00, 0x89, 0x44, 0x0b, 0x16, 0xc6, 0x44, 0x0b, 0x15, 0x01, 0x66,
	0x83, 0x7d, 0x0c, 0x00, 0x74, 0x11, 0xb9, 0x80, 0x02, 0x00, 0x00, 0x66, 0xc7, 0x44, 0x0f, 0x3a,
	0x0e, 0x00, 0xe9, 0xf2, 0x00, 0x00, 0x00, 0xbe, 0x00, 0x01, 0x00, 0x00, 0xc6, 0x44, 0x37, 0x48,
	0xff, 0xc6, 0x44, 0x37, 0x55, 0x00, 0xe9, 0x35, 0x01, 0x00, 0x00, 0x66, 0x83, 0x7d, 0xfa, 0x09,
	0x75, 0x16, 0xbe, 0x00, 0x01, 0x00, 0x00, 0x66, 0xc7, 0x44, 0x37, 0x58, 0x00, 0x00, 0xc6, 0x44,
	0x37, 0x55, 0x06, 0xe9, 0x18, 0x01, 0x00, 0x00, 0x66, 0x83, 0x7d, 0xfa, 0x0a, 0x74, 0x07, 0x66,
	0x83, 0x7d, 0xfa, 0x11, 0x75, 0x72, 0x66, 0x83, 0x7d, 0xfa, 0x11, 0x75, 0x10, 0x8b, 0x43, 0x38,
	0xb9, 0x80, 0x00, 0x00, 0x00, 0x89, 0x04, 0x0b, 0xc6, 0x44, 0x0b, 0x15, 0x00, 0xbe, 0x00, 0x01,
	0x00, 0x00, 0x66, 0xc7, 0x44, 0x37, 0x56, 0x01, 0x00, 0x66, 0xc7, 0x44, 0x37, 0x5a, 0x00, 0x00,
	0xb8, 0x80, 0x02, 0x00, 0x00, 0x8b, 0x44, 0x07, 0x22, 0x8a, 0x40, 0x14, 0x88, 0x44, 0x37, 0x62,
	0x66, 0x83, 0x7d, 0x0c, 0x00, 0x74, 0x27, 0x66, 0x83, 0x7d, 0xfa, 0x11, 0x75, 0x16, 0xc6, 0x44,
	0x37, 0x55, 0x08, 0xb9, 0x80, 0x02, 0x00, 0x00, 0x66, 0xc7, 0x44, 0x0f, 0x3a, 0x0a, 0x00, 0xe9,
	0xac, 0x00, 0x00, 0x00, 0xc6, 0x44, 0x37, 0x55, 0x07, 0xe9, 0xa2, 0x00, 0x00, 0x00, 0xc6, 0x44,
	0x37, 0x55, 0x05, 0xe9, 0x98, 0x00, 0x00, 0x00, 0x66, 0x83, 0x7d, 0xfa, 0x0c, 0x75, 0x50, 0x8b,
	0x43, 0x38, 0xb9, 0x80, 0x00, 0x00, 0x00, 0x89, 0x04, 0x0b, 0xc6, 0x44, 0x0b, 0x15, 0x00, 0xb9,
	0x80, 0x02, 0x00, 0x00, 0xc6, 0x44, 0x0f, 0x19, 0x01, 0xba, 0x00, 0x08, 0x00, 0x00, 0xff, 0x74,
	0x17, 0x04, 0x66, 0x8b, 0x47, 0x20, 0x66, 0x83, 0xc0, 0x2c, 0x50, 0xe8, 0xf7, 0xe8, 0xff, 0xff,
	0x59, 0x59, 0x66, 0x83, 0x7d, 0x0c, 0x00, 0x74, 0x0c, 0xbe, 0x00, 0x01, 0x00, 0x00, 0xc6, 0x44,
	0x37, 0x55, 0x08, 0xeb, 0x4b, 0xbe, 0x00, 0x01, 0x00, 0x00, 0xe9, 0x02, 0xff, 0xff, 0xff, 0x66,
	0x83, 0x7d, 0xfa, 0x0d, 0x74, 0x0d, 0x66, 0x83, 0x7d, 0xfa, 0x12, 0x75, 0x33, 0xf6, 0x47, 0x18,
	0x80, 0x74, 0x2d, 0xb9, 0x80, 0x02, 0x00, 0x00, 0xc6, 0x44, 0x0f, 0x19, 0x01, 0xb8, 0x80, 0x07,
	0x00, 0x00, 0xff, 0x74, 0x07, 0x54, 0x66, 0x8b, 0x47, 0x20, 0x66, 0x83, 0xc0, 0x2c, 0x50, 0xe8,
	0xa3, 0xe8, 0xff, 0xff, 0xbe, 0x00, 0x01, 0x00, 0x00, 0xc6, 0x44, 0x37, 0x55, 0x00, 0x59, 0x59,
	0xb8, 0x00, 0x01, 0x00, 0x00, 0x80, 0x7c, 0x07, 0x55, 0x03, 0x0f, 0x84, 0xb9, 0x00, 0x00, 0x00,
	0xbe, 0x00, 0x01, 0x00, 0x00, 0x80, 0x7c, 0x37, 0x48, 0xff, 0x0f, 0x85, 0xa9, 0x00, 0x00, 0x00,
	0xb8, 0x80, 0x02, 0x00, 0x00, 0x80, 0x7c, 0x07, 0x19, 0x01, 0x74, 0x50, 0x80, 0x7c, 0x37, 0x49,
	0x80, 0x73, 0x49, 0xf6, 0x47, 0x18, 0x80, 0x74, 0x04, 0xb1, 0x10, 0xeb, 0x02, 0xb1, 0x08, 0xbe,
	0x00, 0x01, 0x00, 0x00, 0x8a, 0x44, 0x37, 0x49, 0x3a, 0x47, 0x03, 0x74, 0x04, 0x3a, 0xc1, 0x72,
	0x5b, 0x57, 0xe8, 0x99, 0xf9, 0xff, 0xff, 0xbe, 0x00, 0x01, 0x00, 0x00, 0x8b, 0x44, 0x37, 0x40,
	0x89, 0x44, 0x37, 0x5e, 0x0f, 0xb6, 0x44, 0x37, 0x48, 0x80, 0xcc, 0x80, 0x66, 0x89, 0x44, 0x37,
	0x56, 0xc6, 0x44, 0x37, 0x55, 0x02, 0xc6, 0x44, 0x37, 0x48, 0xff, 0x59, 0xb8, 0x80, 0x02, 0x00,
	0x00, 0x80, 0x7c, 0x07, 0x19, 0x00, 0x75, 0x41, 0xb8, 0x80, 0x02, 0x00, 0x00, 0x83, 0x7c, 0x07,
	0x26, 0x00, 0x74, 0x35, 0xb9, 0x80, 0x02, 0x00, 0x00, 0xc6, 0x44, 0x0f, 0x19, 0x02, 0xb8, 0x80,
	0x07, 0x00, 0x00, 0xff, 0x74, 0x07, 0x78, 0xe9, 0x78, 0x01, 0x00, 0x00, 0xb8, 0x80, 0x02, 0x00,
	0x00, 0x80, 0x7c, 0x07, 0x19, 0x02, 0x75, 0x25, 0x0f, 0xb7, 0x57, 0x20, 0x83, 0xc2, 0x14, 0xec,
	0xa8, 0x08, 0x74, 0x0a, 0xc6, 0x44, 0x37, 0x49, 0x81, 0x5b, 0x5e, 0x5f, 0xc9, 0xc3, 0xb0, 0x20,
	0xee, 0xb9, 0x80, 0x02, 0x00, 0x00, 0xc6, 0x44, 0x0f, 0x19, 0x02, 0xeb, 0xec, 0x6a, 0x00, 0x66,
	0x8b, 0x47, 0x20, 0x66, 0x83, 0xc0, 0x1c, 0x50, 0xe8, 0xaa, 0xe7, 0xff, 0xff, 0xba, 0x00, 0x08,
	0x00, 0x00, 0xc7, 0x44, 0x17, 0x1c, 0x00, 0x00, 0x00, 0x00, 0x8a, 0x44, 0x37, 0x49, 0xb9, 0x80,
	0x07, 0x00, 0x00, 0x8b, 0x4c, 0x0f, 0x50, 0x88, 0x01, 0xb9, 0x80, 0x07, 0x00, 0x00, 0x8b, 0x4c,
	0x0f, 0x4c, 0x88, 0x01, 0x8b, 0x5c, 0x37, 0x44, 0x59, 0x59, 0x23, 0xdb, 0x0f, 0x84, 0xe3, 0x00,
	0x00, 0x00, 0x8a, 0x43, 0x2d, 0xb9, 0x80, 0x07, 0x00, 0x00, 0x8b, 0x4c, 0x0f, 0x40, 0x88, 0x01,
	0xb8, 0x80, 0x00, 0x00, 0x00, 0xc6, 0x44, 0x03, 0x15, 0x00, 0x53, 0x57, 0xe8, 0x93, 0xf6, 0xff,
	0xff, 0x8a, 0x44, 0x37, 0x4d, 0xb9, 0x80, 0x07, 0x00, 0x00, 0x8b, 0x4c, 0x0f, 0x44, 0x88, 0x01,
	0xb8, 0x80, 0x02, 0x00, 0x00, 0x8b, 0x4c, 0x07, 0x22, 0xb8, 0x80, 0x00, 0x00, 0x00, 0x8b, 0x44,
	0x03, 0x08, 0x8b, 0x00, 0x89, 0x01, 0xb8, 0x80, 0x00, 0x00, 0x00, 0x8b, 0x44, 0x03, 0x08, 0x8b,
	0x40, 0x04, 0x89, 0x41, 0x04, 0xb8, 0x80, 0x00, 0x00, 0x00, 0x8b, 0x44, 0x03, 0x08, 0x8b, 0x40,
	0x08, 0x89, 0x41, 0x08, 0x8b, 0x54, 0x37, 0x4a, 0xb8, 0x80, 0x02, 0x00, 0x00, 0x8b, 0x4c, 0x07,
	0x22, 0x89, 0x51, 0x0c, 0x8a, 0x47, 0x31, 0x24, 0x02, 0x59, 0x59, 0x22, 0xc0, 0x74, 0x0d, 0xb8,
	0x80, 0x02, 0x00, 0x00, 0x8b, 0x44, 0x07, 0x22, 0x80, 0x60, 0x0c, 0xbf, 0xbe, 0x00, 0x01, 0x00,
	0x00, 0x66, 0x8b, 0x4c, 0x37, 0x50, 0xf6, 0x47, 0x18, 0x80, 0x74, 0x0b, 0x0f, 0xb6, 0x44, 0x37,
	0x53, 0xc1, 0xe0, 0x08, 0x66, 0x0b, 0xc8, 0xf6, 0x43, 0x53, 0x02, 0x74, 0x0d, 0x0f, 0xb7, 0x57,
	0x20, 0x83, 0xc2, 0x49, 0x2b, 0xc0, 0xee, 0xb0, 0x0f, 0xee, 0x0f, 0xb7, 0x77, 0x20, 0x8d, 0x56,
	0x05, 0x89, 0xc8, 0xee, 0xb8, 0x80, 0x00, 0x00, 0x00, 0x8b, 0x55, 0xfc, 0x80, 0x7c, 0x02, 0x31,
	0x00, 0x74, 0x12, 0x8d, 0x56, 0x03, 0x0f, 0xb7, 0xc9, 0xc1, 0xf9, 0x08, 0x80, 0xe1, 0xf8, 0xec,
	0x24, 0x07, 0x0a, 0xc1, 0xee, 0xb9, 0x80, 0x02, 0x00, 0x00, 0xc6, 0x44, 0x0f, 0x19, 0x01, 0xb8,
	0x00, 0x01, 0x00, 0x00, 0x80, 0x7c, 0x07, 0x4f, 0x00, 0x74, 0x1e, 0xb8, 0x80, 0x07, 0x00, 0x00,
	0xff, 0x74, 0x07, 0x7c, 0x66, 0x8b, 0x47, 0x20, 0x66, 0x83, 0xc0, 0x2c, 0x50, 0xe8, 0x65, 0xe6,
	0xff, 0xff, 0x59, 0x59, 0xe9, 0x90, 0xfe, 0xff, 0xff, 0xb8, 0x00, 0x08, 0x00, 0x00, 0xff, 0x34,
	0x07, 0xeb, 0xe1, 0x90, 0xc8, 0x04, 0x00, 0x00, 0x57, 0x56, 0x53, 0x8b, 0x75, 0x08, 0x8b, 0x46,
	0x1c, 0x89, 0x45, 0xfc, 0xbf, 0x00, 0x01, 0x00, 0x00, 0xc6, 0x44, 0x3e, 0x55, 0x00, 0x8b, 0x5c,
	0x3e, 0x40, 0x8a, 0x43, 0x2d, 0x53, 0xb9, 0x80, 0x07, 0x00, 0x00, 0x8b, 0x4c, 0x0e, 0x40, 0x56,
	0x88, 0x01, 0xe8, 0x5d, 0xf5, 0xff, 0xff, 0xb8, 0x80, 0x02, 0x00, 0x00, 0x8b, 0x4c, 0x06, 0x22,
	0xb8, 0x80, 0x00, 0x00, 0x00, 0x8b, 0x54, 0x03, 0x08, 0x8b, 0x12, 0x89, 0x11, 0x8b, 0x54, 0x03,
	0x08, 0x8b, 0x52, 0x04, 0x89, 0x51, 0x04, 0x8b, 0x44, 0x03, 0x08, 0x8b, 0x40, 0x08, 0x89, 0x41,
	0x08, 0x66, 0x8b, 0x44, 0x3e, 0x50, 0x66, 0x8b, 0x4e, 0x18, 0x66, 0x81, 0xe1, 0x80, 0x00, 0x5a,
	0x5a, 0x66, 0x23, 0xc9, 0x74, 0x0b, 0x0f, 0xb6, 0x4c, 0x3e, 0x53, 0xc1, 0xe1, 0x08, 0x66, 0x0b,
	0xc1, 0x0f, 0xb7, 0x4e, 0x20, 0x8d, 0x51, 0x05, 0xee, 0xba, 0x80, 0x00, 0x00, 0x00, 0x8b, 0x7d,
	0xfc, 0x80, 0x7c, 0x17, 0x31, 0x00, 0x74, 0x0a, 0x8d, 0x51, 0x03, 0x0f, 0xb7, 0xc0, 0xc1, 0xf8,
	0x08, 0xee, 0x6a, 0x00, 0x66, 0x8b, 0x46, 0x20, 0x66, 0x83, 0xc0, 0x1c, 0x50, 0xe8, 0xa5, 0xe5,
	0xff, 0xff, 0xb8, 0x80, 0x02, 0x00, 0x00, 0xc6, 0x44, 0x06, 0x19, 0x01, 0xb9, 0x80, 0x07, 0x00,
	0x00, 0xff, 0x74, 0x0e, 0x54, 0x66, 0x8b, 0x46, 0x20, 0x66, 0x83, 0xc0, 0x2c, 0x50, 0xe8, 0x84,
	0xe5, 0xff, 0xff, 0x83, 0xc4, 0x10, 0x5b, 0x5e, 0x5f, 0xc9, 0xc3, 0x90, 0xc8, 0x04, 0x00, 0x00,
	0x57, 0x56, 0x8b, 0x7d, 0x08, 0xbe, 0x00, 0x01, 0x00, 0x00, 0x66, 0x8b, 0x44, 0x37, 0x56, 0x88,
	0x45, 0xfe, 0x66, 0x8b, 0x44, 0x37, 0x58, 0x88, 0x45, 0xff, 0x8d, 0x45, 0xfd, 0x50, 0x50, 0x8d,
	0x45, 0xfe, 0x50, 0x8d, 0x45, 0xff, 0x50, 0x57, 0xe8, 0xf7, 0x0b, 0x00, 0x00, 0x83, 0xc4, 0x14,
	0x23, 0xc0, 0x74, 0x09, 0x66, 0xc7, 0x44, 0x37, 0x56, 0x00, 0x00, 0xeb, 0x09, 0x0f, 0xb6, 0x45,
	0xfe, 0x66, 0x89, 0x44, 0x37, 0x56, 0x0f, 0xb6, 0x45, 0xff, 0xbe, 0x00, 0x01, 0x00, 0x00, 0x66,
	0x89, 0x44, 0x37, 0x58, 0xc6, 0x44, 0x37, 0x55, 0x00, 0x5e, 0x5f, 0xc9, 0xc3, 0x90, 0x90, 0x90,
	0xc8, 0x04, 0x00, 0x00, 0x57, 0x56, 0x53, 0x8b, 0x5d, 0x08, 0x8b, 0x7b, 0x1c, 0xbe, 0x00, 0x01,
	0x00, 0x00, 0x66, 0x8b, 0x44, 0x33, 0x56, 0x88, 0x45, 0xfe, 0x66, 0x8b, 0x44, 0x33, 0x58, 0x88,
	0x45, 0xff, 0x8d, 0x45, 0xfc, 0x50, 0x8d, 0x45, 0xfd, 0x50, 0x8d, 0x45, 0xfe, 0x50, 0x8d, 0x45,
	0xff, 0x50, 0x53, 0xe8, 0x8c, 0x0b, 0x00, 0x00, 0x83, 0xc4, 0x14, 0x23, 0xc0, 0x74, 0x0e, 0xc6,
	0x44, 0x33, 0x55, 0x03, 0x66, 0xc7, 0x44, 0x33, 0x56, 0xff, 0xff, 0xeb, 0x43, 0xf6, 0x43, 0x18,
	0x80, 0x74, 0x07, 0x8a, 0x44, 0x33, 0x53, 0x08, 0x45, 0xfc, 0x0f, 0xb7, 0x4b, 0x20, 0x8d, 0x51,
	0x05, 0x8a, 0x45, 0xfd, 0xee, 0xb8, 0x80, 0x00, 0x00, 0x00, 0x80, 0x7c, 0x07, 0x31, 0x00, 0x74,
	0x07, 0x8d, 0x51, 0x03, 0x8a, 0x45, 0xfc, 0xee, 0x8a, 0x45, 0xfd, 0xbe, 0x00, 0x01, 0x00, 0x00,
	0x88, 0x44, 0x33, 0x50, 0x8a, 0x45, 0xfc, 0x88, 0x44, 0x33, 0x51, 0xc6, 0x44, 0x33, 0x55, 0x00,
	0x5b, 0x5e, 0x5f, 0xc9, 0xc3, 0x90, 0x90, 0x90, 0x55, 0x89, 0xe5, 0x57, 0x56, 0x53, 0x8b, 0x5d,
	0x08, 0xbf, 0x00, 0x01, 0x00, 0x00, 0x66, 0xc7, 0x44, 0x3b, 0x56, 0x01, 0x00, 0x2b, 0xf6, 0xc6,
	0x44, 0x3b, 0x55, 0x00, 0xb8, 0x80, 0x02, 0x00, 0x00, 0xc6, 0x44, 0x03, 0x19, 0x01, 0xb8, 0x80,
	0x07, 0x00, 0x00, 0xff, 0x74, 0x03, 0x6c, 0x66, 0x8b, 0x43, 0x20, 0x66, 0x83, 0xc0, 0x2c, 0x50,
	0xe8, 0x42, 0xe4, 0xff, 0xff, 0x6a, 0x01, 0x53, 0xe8, 0x43, 0x03, 0x00, 0x00, 0x83, 0xc4, 0x10,
	0x66, 0x23, 0xc0, 0x74, 0x11, 0x66, 0x89, 0x74, 0x3b, 0x56, 0xc6, 0x44, 0x3b, 0x55, 0x03, 0x66,
	0xc7, 0x44, 0x3b, 0x56, 0xff, 0xff, 0xb8, 0x80, 0x02, 0x00, 0x00, 0x8b, 0x44, 0x03, 0x22, 0x8a,
	0x40, 0x14, 0xbf, 0x00, 0x01, 0x00, 0x00, 0x88, 0x44, 0x3b, 0x62, 0x5b, 0x5e, 0x5f, 0xc9, 0xc3,
	0x55, 0x89, 0xe5, 0x57, 0x56, 0x8b, 0x7d, 0x08, 0xbe, 0x00, 0x01, 0x00, 0x00, 0x66, 0x83, 0x7c,
	0x37, 0x56, 0x00, 0x75, 0x2a, 0xc6, 0x44, 0x37, 0x55, 0x08, 0xb8, 0x80, 0x02, 0x00, 0x00, 0xc6,
	0x44, 0x07, 0x19, 0x01, 0xb8, 0x80, 0x07, 0x00, 0x00, 0xff, 0x74, 0x07, 0x54, 0x66, 0x8b, 0x47,
	0x20, 0x66, 0x83, 0xc0, 0x2c, 0x50, 0xe8, 0xcc, 0xe3, 0xff, 0xff, 0x59, 0x59, 0xeb, 0x46, 0xb8,
	0x80, 0x02, 0x00, 0x00, 0xc6, 0x44, 0x07, 0x19, 0x01, 0xb8, 0x80, 0x07, 0x00, 0x00, 0xff, 0x74,
	0x07, 0x58, 0x66, 0x8b, 0x47, 0x20, 0x66, 0x83, 0xc0, 0x2c, 0x50, 0xe8, 0xa7, 0xe3, 0xff, 0xff,
	0x6a, 0x01, 0x57, 0xe8, 0xa8, 0x02, 0x00, 0x00, 0x83, 0xc4, 0x10, 0x66, 0x23, 0xc0, 0x74, 0x0e,
	0xc6, 0x44, 0x37, 0x55, 0x03, 0x66, 0xc7, 0x44, 0x37, 0x56, 0xff, 0xff, 0xeb, 0x07, 0x57, 0xe8,
	0x08, 0x00, 0x00, 0x00, 0x59, 0x5e, 0x5f, 0xc9, 0xc3, 0x90, 0x90, 0x90, 0xc8, 0x04, 0x00, 0x00,
	0x57, 0x56, 0x53, 0x8b, 0x7d, 0x08, 0x2b, 0xc9, 0xbb, 0x00, 0x01, 0x00, 0x00, 0x0f, 0xb7, 0x44,
	0x1f, 0x56, 0x3b, 0xc8, 0x7d, 0x26, 0x8d, 0x87, 0x00, 0x01, 0x00, 0x00, 0x8a, 0x44, 0x08, 0x6a,
	0xbe, 0x80, 0x02, 0x00, 0x00, 0x8b, 0x54, 0x37, 0x22, 0x88, 0x44, 0x0a, 0x0c, 0x41, 0xbb, 0x00,
	0x01, 0x00, 0x00, 0x0f, 0xb7, 0x44, 0x1f, 0x56, 0x3b, 0xc8, 0x7c, 0xda, 0xbb, 0x00, 0x01, 0x00,
	0x00, 0x66, 0x8b, 0x44, 0x1f, 0x56, 0xb9, 0x80, 0x07, 0x00, 0x00, 0x8b, 0x54, 0x0f, 0x48, 0x88,
	0x02, 0xbe, 0x80, 0x02, 0x00, 0x00, 0xc6, 0x44, 0x37, 0x19, 0x01, 0x66, 0x83, 0x7c, 0x1f, 0x56,
	0x01, 0x75, 0x06, 0xff, 0x74, 0x0f, 0x5c, 0xeb, 0x04, 0xff, 0x74, 0x0f, 0x60, 0x66, 0x8b, 0x47,
	0x20, 0x66, 0x83, 0xc0, 0x2c, 0x50, 0xe8, 0xfc, 0xe2, 0xff, 0xff, 0x59, 0x59, 0x6a, 0x01, 0x57,
	0xe8, 0xfb, 0x01, 0x00, 0x00, 0x66, 0x89, 0x45, 0xfe, 0x89, 0xc1, 0x8a, 0x45, 0xff, 0x24, 0x80,
	0x5a, 0x5a, 0x22, 0xc0, 0x0f, 0x84, 0xf1, 0x00, 0x00, 0x00, 0x89, 0xc8, 0x66, 0x83, 0xe0, 0x01,
	0x0f, 0x84, 0xd8, 0x00, 0x00, 0x00, 0xbb, 0x00, 0x01, 0x00, 0x00, 0x0f, 0xb7, 0x44, 0x1f, 0x56,
	0xbe, 0x80, 0x02, 0x00, 0x00, 0x2b, 0x44, 0x37, 0x36, 0x66, 0x89, 0x44, 0x1f, 0x58, 0xc6, 0x44,
	0x37, 0x19, 0x01, 0xb9, 0x80, 0x07, 0x00, 0x00, 0xff, 0x74, 0x0f, 0x64, 0x66, 0x8b, 0x47, 0x20,
	0x66, 0x83, 0xc0, 0x2c, 0x50, 0xe8, 0x9d, 0xe2, 0xff, 0xff, 0x6a, 0x01, 0x57, 0xe8, 0x9e, 0x01,
	0x00, 0x00, 0x66, 0x89, 0x45, 0xfe, 0x89, 0xc1, 0x8a, 0x45, 0xff, 0x24, 0x80, 0x83, 0xc4, 0x10,
	0x22, 0xc0, 0x75, 0x7c, 0x66, 0x83, 0xf9, 0x05, 0x75, 0x0a, 0xc6, 0x44, 0x1f, 0x55, 0x09, 0x5b,
	0x5e, 0x5f, 0xc9, 0xc3, 0x66, 0x83, 0xf9, 0x02, 0x75, 0x25, 0xc6, 0x44, 0x1f, 0x55, 0x08, 0xc6,
	0x44, 0x37, 0x19, 0x01, 0xb8, 0x00, 0x08, 0x00, 0x00, 0xff, 0x74, 0x07, 0x04, 0x66, 0x8b, 0x47,
	0x20, 0x66, 0x83, 0xc0, 0x2c, 0x50, 0xe8, 0x4c, 0xe2, 0xff, 0xff, 0x59, 0x59, 0xeb, 0xd0, 0x66,
	0x83, 0xf9, 0x04, 0x75, 0x3b, 0xbe, 0x80, 0x02, 0x00, 0x00, 0xc6, 0x44, 0x37, 0x19, 0x01, 0xb8,
	0x00, 0x08, 0x00, 0x00, 0xff, 0x74, 0x07, 0x04, 0x66, 0x8b, 0x47, 0x20, 0x66, 0x83, 0xc0, 0x2c,
	0x50, 0xe8, 0x21, 0xe2, 0xff, 0xff, 0x6a, 0x01, 0x57, 0xe8, 0x22, 0x01, 0x00, 0x00, 0x66, 0x89,
	0x44, 0x37, 0x3a, 0x6a, 0x01, 0x57, 0xe8, 0xb1, 0xf3, 0xff, 0xff, 0x83, 0xc4, 0x18, 0xeb, 0x8f,
	0xc6, 0x44, 0x1f, 0x55, 0x03, 0x66, 0xc7, 0x44, 0x1f, 0x56, 0xff, 0xff, 0xeb, 0x81, 0x66, 0x83,
	0xe1, 0x10, 0x75, 0x0d, 0xbb, 0x00, 0x01, 0x00, 0x00, 0xeb, 0xe5, 0x66, 0x83, 0xf9, 0x0f, 0x75,
	0x19, 0xbb, 0x00, 0x01, 0x00, 0x00, 0x66, 0x8b, 0x44, 0x1f, 0x56, 0x66, 0x89, 0x44, 0x1f, 0x58,
	0xc6, 0x44, 0x1f, 0x55, 0x0a, 0xe9, 0x55, 0xff, 0xff, 0xff, 0x66, 0x83, 0xf9, 0x01, 0x75, 0x1b,
	0xbb, 0x00, 0x01, 0x00, 0x00, 0x66, 0xc7, 0x44, 0x1f, 0x58, 0x00, 0x00, 0xc6, 0x44, 0x1f, 0x55,
	0x08, 0xbe, 0x80, 0x02, 0x00, 0x00, 0xe9, 0x44, 0xff, 0xff, 0xff, 0x66, 0x83, 0xf9, 0x03, 0x75,
	0x11, 0xbb, 0x00, 0x01, 0x00, 0x00, 0x66, 0xc7, 0x44, 0x1f, 0x58, 0x00, 0x00, 0xe9, 0x53, 0xff,
	0xff, 0xff, 0x66, 0x83, 0xf9, 0x05, 0x75, 0x14, 0xbb, 0x00, 0x01, 0x00, 0x00, 0x66, 0x8b, 0x44,
	0x1f, 0x56, 0x66, 0x89, 0x44, 0x1f, 0x58, 0xe9, 0xfe, 0xfe, 0xff, 0xff, 0x66, 0x83, 0xf9, 0x02,
	0x75, 0x11, 0xbb, 0x00, 0x01, 0x00, 0x00, 0x66, 0x8b, 0x44, 0x1f, 0x56, 0x66, 0x89, 0x44, 0x1f,
	0x58, 0xeb, 0xa9, 0x66, 0x83, 0xf9, 0x04, 0x75, 0x14, 0xbb, 0x00, 0x01, 0x00, 0x00, 0x66, 0x8b,
	0x44, 0x1f, 0x56, 0x66, 0x89, 0x44, 0x1f, 0x58, 0xe9, 0x08, 0xff, 0xff, 0xff, 0xbb, 0x00, 0x01,
	0x00, 0x00, 0xe9, 0x39, 0xff, 0xff, 0xff, 0x90, 0x55, 0x89, 0xe5, 0x56, 0x8b, 0x75, 0x08, 0xb8,
	0x00, 0x01, 0x00, 0x00, 0xc6, 0x44, 0x06, 0x48, 0xff, 0x56, 0xe8, 0xf1, 0x05, 0x00, 0x00, 0x0f,
	0xb7, 0x56, 0x20, 0x42, 0xb0, 0x08, 0xee, 0x2b, 0xc0, 0x40, 0x59, 0x40, 0x3d, 0x88, 0x13, 0x00,
	0x00, 0x7c, 0xf8, 0x0f, 0xb7, 0x56, 0x20, 0x42, 0x2b, 0xc0, 0xee, 0x6a, 0x03, 0xe8, 0xfe, 0xec,
	0xff, 0xff, 0xb8, 0x00, 0x01, 0x00, 0x00, 0xc6, 0x44, 0x06, 0x55, 0x00, 0x59, 0x5e, 0xc9, 0xc3,
	0xc8, 0x14, 0x00, 0x00, 0x57, 0x56, 0x53, 0x8b, 0x7d, 0x08, 0xc7, 0x45, 0xf8, 0x00, 0x00, 0x00,
	0x00, 0x2b, 0xf6, 0xc6, 0x45, 0xf4, 0x00, 0xc6, 0x45, 0xf2, 0x00, 0xc7, 0x45, 0xfc, 0x00, 0x00,
	0x00, 0x00, 0x66, 0x8b, 0x4f, 0x20, 0x0f, 0xb7, 0xd1, 0x83, 0xc2, 0x14, 0xec, 0x88, 0x45, 0xf3,
	0xf6, 0x45, 0xf3, 0x03, 0x0f, 0x84, 0xa1, 0x02, 0x00, 0x00, 0x66, 0x83, 0xc1, 0x1c, 0x51, 0xe8,
	0xac, 0xe0, 0xff, 0xff, 0x93, 0x6a, 0x00, 0x66, 0x8b, 0x47, 0x20, 0x66, 0x83, 0xc0, 0x1c, 0x50,
	0xe8, 0xa2, 0xe0, 0xff, 0xff, 0x8a, 0x45, 0xf3, 0x24, 0x01, 0x83, 0xc4, 0x0c, 0x22, 0xc0, 0x74,
	0x11, 0x0f, 0xb7, 0x4f, 0x20, 0x8d, 0x51, 0x14, 0x2b, 0xc0, 0xee, 0x8d, 0x51, 0x0c, 0xec, 0x88,
	0x45, 0xf2, 0xb8, 0x00, 0x08, 0x00, 0x00, 0x83, 0x7c, 0x07, 0x1c, 0x00, 0x75, 0x04, 0x89, 0x5c,
	0x07, 0x1c, 0xb9, 0x80, 0x02, 0x00, 0x00, 0x8a, 0x5c, 0x0f, 0x19, 0xc6, 0x44, 0x0f, 0x19, 0x00,
	0x80, 0x7d, 0xf2, 0x00, 0x0f, 0x84, 0xdd, 0x00, 0x00, 0x00, 0xf6, 0x45, 0xf2, 0x10, 0x74, 0x29,
	0xf6, 0x45, 0xf2, 0x04, 0x75, 0x23, 0x80, 0xfb, 0x02, 0x75, 0x19, 0xf6, 0x45, 0xf3, 0x08, 0x74,
	0x13, 0xc6, 0x44, 0x0f, 0x19, 0x02, 0xb8, 0x80, 0x07, 0x00, 0x00, 0x8b, 0x44, 0x07, 0x78, 0x89,
	0x45, 0xfc, 0xeb, 0x05, 0x66, 0x81, 0xce, 0x00, 0x82, 0xf6, 0x45, 0xf2, 0x04, 0x74, 0x46, 0x66,
	0x8b, 0x47, 0x20, 0x66, 0x83, 0xc0, 0x30, 0x50, 0xe8, 0x13, 0xe0, 0xff, 0xff, 0x89, 0x45, 0xf8,
	0x59, 0x83, 0x7d, 0xf8, 0x13, 0x75, 0x2a, 0x80, 0xfb, 0x02, 0x75, 0x1e, 0xf6, 0x45, 0xf3, 0x08,
	0x74, 0x18, 0xb9, 0x80, 0x02, 0x00, 0x00, 0xc6, 0x44, 0x0f, 0x19, 0x02, 0xb8, 0x80, 0x07, 0x00,
	0x00, 0x8b, 0x44, 0x07, 0x78, 0x89, 0x45, 0xfc, 0xeb, 0x0b, 0x66, 0x81, 0xce, 0x00, 0x82, 0xeb,
	0x04, 0xc6, 0x45, 0xf4, 0x01, 0xf6, 0x45, 0xf2, 0x01, 0x74, 0x5c, 0x66, 0x8b, 0x47, 0x20, 0x66,
	0x83, 0xc0, 0x24, 0x50, 0xe8, 0xc7, 0xdf, 0xff, 0xff, 0x59, 0x3d, 0x00, 0x00, 0x00, 0x48, 0x75,
	0x23, 0x66, 0x8b, 0x47, 0x20, 0x66, 0x83, 0xc0, 0x2c, 0x50, 0xe8, 0xb1, 0xdf, 0xff, 0xff, 0x89,
	0x45, 0xfc, 0xb9, 0x80, 0x02, 0x00, 0x00, 0xc6, 0x44, 0x0f, 0x19, 0x01, 0x66, 0x81, 0xce, 0x00,
	0x80, 0x59, 0xeb, 0x23, 0x66, 0x8b, 0x47, 0x20, 0x66, 0x83, 0xc0, 0x24, 0x50, 0xe8, 0x8e, 0xdf,
	0xff, 0xff, 0x66, 0x8b, 0x47, 0x20, 0x66, 0x83, 0xc0, 0x2c, 0x50, 0xe8, 0x80, 0xdf, 0xff, 0xff,
	0x66, 0x81, 0xce, 0x00, 0xa0, 0x59, 0x59, 0xf6, 0x45, 0xf3, 0x02, 0x0f, 0x84, 0x50, 0x01, 0x00,
	0x00, 0x0f, 0xb7, 0x4f, 0x20, 0x8d, 0x51, 0x42, 0xec, 0x88, 0x45, 0xf1, 0x8d, 0x51, 0x43, 0xec,
	0x88, 0x45, 0xf0, 0x8d, 0x51, 0x0d, 0xec, 0x88, 0x45, 0xef, 0x8a, 0x4d, 0xf1, 0xb8, 0x80, 0x07,
	0x00, 0x00, 0x88, 0x4c, 0x07, 0x37, 0x8a, 0x4d, 0xf0, 0x88, 0x4c, 0x07, 0x38, 0x8a, 0x4d, 0xef,
	0x88, 0x4c, 0x07, 0x39, 0x8a, 0x4d, 0xf2, 0x88, 0x4c, 0x07, 0x3b, 0x8a, 0x4d, 0xf3, 0x88, 0x4c,
	0x07, 0x3a, 0x89, 0xf0, 0x66, 0x81, 0xce, 0x00, 0x80, 0xf6, 0x45, 0xf0, 0x02, 0x74, 0x07, 0x89,
	0xc6, 0x66, 0x81, 0xce, 0x08, 0x80, 0xf6, 0x45, 0xf1, 0x80, 0x74, 0x0b, 0x66, 0x83, 0xce, 0x01,
	0x57, 0xe8, 0x7e, 0x01, 0x00, 0x00, 0x59, 0xf6, 0x45, 0xf0, 0x04, 0x74, 0x08, 0x80, 0x65, 0xf1,
	0xfb, 0x66, 0x83, 0xce, 0x02, 0xf6, 0x45, 0xf1, 0x08, 0x74, 0x40, 0x66, 0x8b, 0x4f, 0x20, 0x0f,
	0xb7, 0xd1, 0x83, 0xc2, 0x4f, 0xec, 0x24, 0xbf, 0xee, 0x66, 0x83, 0xc1, 0x2c, 0x51, 0xe8, 0xdd,
	0xde, 0xff, 0xff, 0xb9, 0x80, 0x02, 0x00, 0x00, 0x2b, 0x44, 0x0f, 0x2a, 0x0f, 0xb7, 0xc0, 0x03,
	0x44, 0x0f, 0x2e, 0x59, 0x83, 0x78, 0x04, 0x06, 0x75, 0x0d, 0xc7, 0x45, 0xf8, 0x06, 0x00, 0x00,
	0x00, 0xc6, 0x45, 0xf4, 0x01, 0xeb, 0x04, 0x66, 0x83, 0xce, 0x08, 0xf6, 0x45, 0xf1, 0x04, 0x74,
	0x7c, 0xf6, 0x45, 0xf1, 0x10, 0x74, 0x0e, 0xb8, 0x80, 0x07, 0x00, 0x00, 0x8b, 0x44, 0x07, 0x78,
	0x89, 0x45, 0xfc, 0xeb, 0x68, 0x66, 0x8b, 0x47, 0x20, 0x66, 0x83, 0xc0, 0x24, 0x50, 0xe8, 0x8d,
	0xde, 0xff, 0xff, 0x59, 0x3d, 0x00, 0x00, 0x00, 0x48, 0x75, 0x47, 0x66, 0x8b, 0x47, 0x20, 0x66,
	0x83, 0xc0, 0x2c, 0x50, 0xe8, 0x77, 0xde, 0xff, 0xff, 0xb9, 0x80, 0x02, 0x00, 0x00, 0x2b, 0x44,
	0x0f, 0x2a, 0x0f, 0xb7, 0xc0, 0x03, 0x44, 0x0f, 0x2e, 0x8b, 0x40, 0x04, 0x89, 0x45, 0xf8, 0xc6,
	0x45, 0xf4, 0x01, 0x59, 0x83, 0xf8, 0x0e, 0x74, 0x05, 0x83, 0xf8, 0x10, 0x75, 0x1f, 0x0f, 0xb7,
	0x57, 0x20, 0x83, 0xc2, 0x0f, 0xec, 0xb9, 0x80, 0x02, 0x00, 0x00, 0xc6, 0x44, 0x0f, 0x19, 0x02,
	0xeb, 0x95, 0x66, 0x83, 0xce, 0x10, 0x57, 0xe8, 0x04, 0x03, 0x00, 0x00, 0x59, 0xf6, 0x45, 0xf1,
	0x02, 0x74, 0x04, 0x66, 0x83, 0xce, 0x20, 0xf6, 0x45, 0xf1, 0x01, 0x74, 0x04, 0x66, 0x83, 0xce,
	0x40, 0x0f, 0xb7, 0x57, 0x20, 0x83, 0xc2, 0x49, 0x2b, 0xc0, 0xee, 0x66, 0x83, 0x7d, 0x0c, 0x00,
	0x74, 0x15, 0x66, 0x23, 0xf6, 0x75, 0x10, 0x80, 0x7d, 0xf4, 0x00, 0x75, 0x0a, 0x83, 0x7d, 0xfc,
	0x00, 0x0f, 0x84, 0x2b, 0xfd, 0xff, 0xff, 0x80, 0x7d, 0xf4, 0x00, 0x74, 0x03, 0x8b, 0x75, 0xf8,
	0x83, 0x7d, 0xfc, 0x00, 0x74, 0x57, 0x0f, 0xb7, 0x4f, 0x20, 0x8d, 0x51, 0x14, 0xec, 0x88, 0x45,
	0xf3, 0xf6, 0x45, 0xf3, 0x01, 0x74, 0x0a, 0x2b, 0xc0, 0xee, 0x8d, 0x51, 0x0c, 0xec, 0x88, 0x45,
	0xf2, 0xf6, 0x45, 0xf3, 0x02, 0x74, 0x19, 0x0f, 0xb7, 0x4f, 0x20, 0x8d, 0x51, 0x42, 0xec, 0x88,
	0x45, 0xf1, 0x8d, 0x51, 0x43, 0xec, 0x88, 0x45, 0xf0, 0x8d, 0x51, 0x0d, 0xec, 0x88, 0x45, 0xef,
	0x66, 0x8b, 0x4f, 0x20, 0x0f, 0xb7, 0xd1, 0x83, 0xc2, 0x14, 0xec, 0x88, 0x45, 0xf3, 0xff, 0x75,
	0xfc, 0x66, 0x83, 0xc1, 0x2c, 0x51, 0xe8, 0x9c, 0xdd, 0xff, 0xff, 0x59, 0x59, 0x89, 0xf0, 0x5b,
	0x5e, 0x5f, 0xc9, 0xc3, 0xc8, 0x10, 0x00, 0x00, 0x57, 0x56, 0x53, 0xb8, 0x80, 0x07, 0x00, 0x00,
	0x8b, 0x4d, 0x08, 0x8a, 0x44, 0x01, 0x39, 0x89, 0x45, 0xf8, 0x8b, 0x45, 0x08, 0x66, 0x8b, 0x40,
	0x20, 0x66, 0x83, 0xc0, 0x2c, 0x50, 0xe8, 0x65, 0xdd, 0xff, 0xff, 0x89, 0x45, 0xf4, 0x8b, 0x45,
	0x08, 0x66, 0x8b, 0x40, 0x20, 0x66, 0x83, 0xc0, 0x24, 0x50, 0xe8, 0x51, 0xdd, 0xff, 0xff, 0x93,
	0x89, 0xd8, 0x25, 0x00, 0x00, 0x00, 0xff, 0x89, 0xde, 0x81, 0xe3, 0xff, 0xff, 0xff, 0x00, 0x59,
	0x59, 0x3d, 0x00, 0x00, 0x00, 0x20, 0x74, 0x43, 0x3d, 0x00, 0x00, 0x00, 0x21, 0x74, 0x3c, 0x8b,
	0x45, 0x08, 0x0f, 0xb7, 0x78, 0x20, 0x8d, 0x57, 0x20, 0xec, 0x89, 0xc1, 0x80, 0xe1, 0x7f, 0x83,
	0xe6, 0x7f, 0x2b, 0xce, 0x80, 0xe1, 0x7f, 0x8d, 0x57, 0x1b, 0xec, 0x0c, 0x04, 0xee, 0xf6, 0x45,
	0xf8, 0x20, 0x74, 0x01, 0x41, 0x0f, 0xb6, 0xc1, 0x03, 0xc3, 0xba, 0x80, 0x02, 0x00, 0x00, 0x8b,
	0x4d, 0x08, 0x89, 0x44, 0x11, 0x36, 0xe9, 0xbe, 0x01, 0x00, 0x00, 0xa9, 0x00, 0x00, 0x00, 0x01,
	0x0f, 0x85, 0x89, 0x00, 0x00, 0x00, 0x8b, 0x45, 0x08, 0x0f, 0xb7, 0x50, 0x20, 0x83, 0xc2, 0x20,
	0xec, 0x24, 0x7f, 0x89, 0xd9, 0x83, 0xe1, 0x7f, 0x2a, 0xc1, 0x89, 0xc1, 0x80, 0xe1, 0x7f, 0xf6,
	0x45, 0xf8, 0x20, 0x74, 0x01, 0x41, 0x8b, 0x45, 0x08, 0xf6, 0x40, 0x18, 0x80, 0x74, 0x10, 0x8b,
	0x45, 0x08, 0x0f, 0xb7, 0x50, 0x20, 0x83, 0xc2, 0x0f, 0xec, 0xa8, 0x20, 0x74, 0x01, 0x41, 0x8b,
	0x45, 0x08, 0x0f, 0xb7, 0x50, 0x20, 0x83, 0xc2, 0x05, 0xec, 0xa8, 0x1f, 0x74, 0x20, 0xf6, 0x45,
	0xf8, 0x40, 0x74, 0x01, 0x41, 0x8b, 0x45, 0x08, 0xf6, 0x40, 0x18, 0x80, 0x74, 0x10, 0x8b, 0x45,
	0x08, 0x0f, 0xb7, 0x50, 0x20, 0x83, 0xc2, 0x0f, 0xec, 0xa8, 0x40, 0x74, 0x01, 0x41, 0x0f, 0xb6,
	0xc1, 0x03, 0xd8, 0x8b, 0x45, 0x08, 0x0f, 0xb7, 0x50, 0x20, 0x83, 0xc2, 0x02, 0xec, 0xa8, 0x08,
	0x0f, 0x84, 0x8d, 0x00, 0x00, 0x00, 0x43, 0xec, 0x24, 0xb7, 0xe9, 0x83, 0x00, 0x00, 0x00, 0x8b,
	0x45, 0x08, 0x66, 0x8b, 0x48, 0x20, 0x0f, 0xb7, 0xf9, 0x8d, 0x57, 0x02, 0xec, 0xa8, 0x01, 0x74,
	0x72, 0x8d, 0x57, 0x45, 0xec, 0x89, 0x45, 0xf0, 0x66, 0x83, 0xc1, 0x30, 0x51, 0xe8, 0x3e, 0xdc,
	0xff, 0xff, 0xc7, 0x45, 0xfc, 0x00, 0x00, 0x00, 0x00, 0xbe, 0x00, 0x01, 0x00, 0x00, 0x8b, 0x4d,
	0x08, 0x8b, 0x54, 0x31, 0x44, 0x8b, 0x4d, 0x08, 0x8b, 0x74, 0x31, 0x40, 0x8b, 0x7a, 0x70, 0x66,
	0x8b, 0x4a, 0x7a, 0x5a, 0x2b, 0xd2, 0x3a, 0xd1, 0x73, 0x15, 0x3b, 0x47, 0x08, 0x75, 0x08, 0x8b,
	0x4f, 0x04, 0x89, 0x4d, 0xfc, 0xeb, 0x08, 0x42, 0x83, 0xc7, 0x0c, 0x3a, 0xd1, 0x72, 0xeb, 0x8b,
	0x7e, 0x70, 0x66, 0x8b, 0x4e, 0x7a, 0x83, 0x7d, 0xfc, 0x00, 0x74, 0xd8, 0x8b, 0x4d, 0xfc, 0x8b,
	0x45, 0xf0, 0x88, 0x01, 0x4b, 0x8b, 0x45, 0x08, 0x0f, 0xb7, 0x50, 0x20, 0x83, 0xc2, 0x02, 0xec,
	0x24, 0xbe, 0xee, 0x8b, 0x45, 0x08, 0x0f, 0xb7, 0x50, 0x20, 0x83, 0xc2, 0x1b, 0xec, 0x0c, 0x04,
	0xee, 0xb8, 0x00, 0x08, 0x00, 0x00, 0x8b, 0x4d, 0x08, 0x8b, 0x55, 0xf4, 0x3b, 0x54, 0x01, 0x08,
	0x72, 0x1e, 0x8b, 0x4d, 0x08, 0x8b, 0x4c, 0x01, 0x0c, 0x39, 0x4d, 0xf4, 0x77, 0x12, 0xba, 0x80,
	0x02, 0x00, 0x00, 0x8b, 0x45, 0x08, 0x8b, 0x44, 0x10, 0x2e, 0x8d, 0x44, 0x10, 0x08, 0xeb, 0x32,
	0xb8, 0x00, 0x08, 0x00, 0x00, 0x8b, 0x4d, 0x08, 0x8b, 0x55, 0xf4, 0x3b, 0x54, 0x01, 0x10, 0x72,
	0x4c, 0x8b, 0x4d, 0x08, 0x8b, 0x4c, 0x01, 0x14, 0x39, 0x4d, 0xf4, 0x77, 0x40, 0xba, 0x80, 0x02,
	0x00, 0x00, 0x8b, 0x45, 0x08, 0x8b, 0x44, 0x10, 0x2e, 0xba, 0x00, 0x03, 0x00, 0x00, 0x8d, 0x44,
	0x10, 0x28, 0x2b, 0x4d, 0xf4, 0x0f, 0xb6, 0xc9, 0xc1, 0xf9, 0x03, 0x0f, 0xb6, 0xd1, 0xd1, 0xe2,
	0xc1, 0xe2, 0x02, 0x2b, 0xc2, 0x2b, 0xd2, 0x3a, 0xd1, 0x77, 0x12, 0x8b, 0x30, 0x81, 0xe6, 0xff,
	0xff, 0xff, 0x00, 0x03, 0xde, 0x83, 0xc0, 0x08, 0x42, 0x3a, 0xd1, 0x76, 0xee, 0xba, 0x80, 0x02,
	0x00, 0x00, 0x8b, 0x4d, 0x08, 0x89, 0x5c, 0x11, 0x36, 0x5b, 0x5e, 0x5f, 0xc9, 0xc3, 0x90, 0x90,
	0xc8, 0x0c, 0x00, 0x00, 0x57, 0x56, 0x53, 0x8b, 0x7d, 0x08, 0x8b, 0x77, 0x1c, 0x0f, 0xb7, 0x4f,
	0x20, 0x8d, 0x51, 0x40, 0xec, 0x89, 0xc3, 0x8d, 0x51, 0x41, 0xec, 0x89, 0x45, 0xf8, 0x8d, 0x51,
	0x39, 0xec, 0x57, 0x89, 0x45, 0xfc, 0xe8, 0x65, 0xe1, 0xff, 0xff, 0xb8, 0x00, 0x01, 0x00, 0x00,
	0xc7, 0x44, 0x07, 0x40, 0x00, 0x00, 0x00, 0x00, 0xc6, 0x44, 0x07, 0x48, 0xff, 0xb8, 0x80, 0x02,
	0x00, 0x00, 0xc6, 0x44, 0x07, 0x19, 0x00, 0xb8, 0x00, 0x08, 0x00, 0x00, 0xc7, 0x44, 0x07, 0x1c,
	0x00, 0x00, 0x00, 0x00, 0x8a, 0x4f, 0x03, 0x80, 0xc9, 0x60, 0x0f, 0xb7, 0x57, 0x20, 0x83, 0xc2,
	0x14, 0xb0, 0x40, 0xee, 0x2b, 0xc0, 0xee, 0xb8, 0x80, 0x00, 0x00, 0x00, 0x8a, 0x44, 0x06, 0x30,
	0x5a, 0x3c, 0x19, 0x77, 0x04, 0xb0, 0x11, 0xeb, 0x2e, 0x3c, 0x25, 0x77, 0x04, 0xb0, 0x22, 0xeb,
	0x26, 0x3c, 0x32, 0x77, 0x0a, 0xf6, 0x47, 0x18, 0x40, 0x75, 0x04, 0xb0, 0x33, 0xeb, 0x18, 0x3c,
	0x32, 0x77, 0x0a, 0xf6, 0x47, 0x18, 0x40, 0x74, 0x04, 0xb0, 0x55, 0xeb, 0x0a, 0x3c, 0x42, 0x77,
	0x04, 0xb0, 0x44, 0xeb, 0x02, 0x2b, 0xc0, 0x0f, 0xb7, 0x77, 0x20, 0x8d, 0x56, 0x03, 0xee, 0x8d,
	0x56, 0x48, 0xb0, 0x0c, 0xee, 0x8d, 0x56, 0x4f, 0xb0, 0x80, 0xee, 0x8d, 0x56, 0x04, 0x89, 0xc8,
	0xee, 0x8d, 0x56, 0x4a, 0x83, 0xe1, 0x07, 0x2b, 0xc0, 0x40, 0xd3, 0xe0, 0xee, 0x8d, 0x56, 0x42,
	0xec, 0x88, 0x45, 0xf7, 0x8d, 0x56, 0x43, 0xec, 0x88, 0x45, 0xf6, 0x8d, 0x56, 0x0d, 0xec, 0x57,
	0x88, 0x45, 0xf5, 0xe8, 0xb0, 0xe0, 0xff, 0xff, 0x0f, 0xb7, 0x4f, 0x20, 0x8d, 0x51, 0x3b, 0xec,
	0x0c, 0x01, 0xee, 0x8d, 0x51, 0x40, 0x89, 0xd8, 0xee, 0x8d, 0x51, 0x41, 0x8b, 0x45, 0xf8, 0xee,
	0x8d, 0x51, 0x39, 0x8b, 0x45, 0xfc, 0xee, 0x8d, 0x51, 0x1c, 0x2b, 0xc0, 0xee, 0x59, 0x5b, 0x5e,
	0x5f, 0xc9, 0xc3, 0x90, 0x55, 0x89, 0xe5, 0x57, 0x56, 0x53, 0x8b, 0x5d, 0x08, 0x8b, 0x43, 0x1c,
	0x8a, 0x4b, 0x31, 0xf6, 0xc1, 0x80, 0x75, 0x36, 0x8a, 0x50, 0x12, 0x88, 0x53, 0x03, 0x8a, 0x50,
	0x10, 0x88, 0x53, 0x05, 0x8a, 0x50, 0x11, 0x88, 0x53, 0x04, 0x66, 0x8b, 0x50, 0x0e, 0x66, 0x89,
	0x53, 0x20, 0x66, 0xc7, 0x43, 0x22, 0x60, 0x00, 0x66, 0x8b, 0x40, 0x14, 0x66, 0x83, 0xe0, 0x1f,
	0x0c, 0x80, 0x0a, 0xc1, 0x88, 0x43, 0x31, 0x53, 0xe8, 0x7b, 0xe5, 0xff, 0xff, 0x59, 0xbf, 0x00,
	0x01, 0x00, 0x00, 0x80, 0x7c, 0x3b, 0x55, 0xff, 0x74, 0x0c, 0xc6, 0x44, 0x3b, 0x55, 0xff, 0x66,
	0xc7, 0x44, 0x3b, 0x56, 0x00, 0x00, 0x53, 0xe8, 0x78, 0xda, 0xff, 0xff, 0x2b, 0xf6, 0xbf, 0x00,
	0x01, 0x00, 0x00, 0xc6, 0x44, 0x3b, 0x54, 0x00, 0x53, 0xe8, 0x5e, 0xda, 0xff, 0xff, 0x59, 0x59,
	0x66, 0x23, 0xc0, 0x74, 0x06, 0x66, 0xb8, 0x01, 0x00, 0xeb, 0x38, 0xc6, 0x44, 0x3b, 0x54, 0x0c,
	0xc6, 0x44, 0x3b, 0x48, 0xff, 0xc6, 0x44, 0x3b, 0x49, 0x82, 0xb8, 0x80, 0x01, 0x00, 0x00, 0x89,
	0x74, 0x03, 0x36, 0x89, 0x74, 0x03, 0x32, 0xc6, 0x44, 0x03, 0x46, 0x00, 0xb8, 0x80, 0x02, 0x00,
	0x00, 0xc6, 0x44, 0x03, 0x18, 0x00, 0x53, 0xe8, 0xac, 0xe5, 0xff, 0xff, 0xc6, 0x43, 0x02, 0x01,
	0x2b, 0xc0, 0x59, 0x5b, 0x5e, 0x5f, 0xc9, 0xc3, 0x8b, 0x44, 0x24, 0x04, 0x23, 0xc0, 0x7d, 0x02,
	0xf7, 0xd8, 0xc3, 0x90, 0xc8, 0x24, 0x00, 0x00, 0x57, 0x56, 0x53, 0x8b, 0x4d, 0x08, 0xc6, 0x45,
	0xdc, 0x00, 0x8b, 0x71, 0x1c, 0x8b, 0x45, 0x0c, 0x0f, 0xb6, 0x00, 0xc1, 0xe0, 0x04, 0x89, 0x45,
	0xfc, 0xb8, 0xd0, 0x07, 0x00, 0x00, 0xba, 0x80, 0x00, 0x00, 0x00, 0x0f, 0xb6, 0x74, 0x16, 0x30,
	0x66, 0x99, 0x66, 0xf7, 0xfe, 0x89, 0x45, 0xf0, 0xf6, 0x41, 0x18, 0x40, 0x74, 0x08, 0x8a, 0x45,
	0xf0, 0xd0, 0xe8, 0x89, 0x45, 0xf0, 0x80, 0x7d, 0xf0, 0x32, 0x75, 0x08, 0xc6, 0x45, 0xe0, 0x03,
	0xb0, 0x03, 0xeb, 0x06, 0xc6, 0x45, 0xe0, 0x05, 0xb0, 0x05, 0xc7, 0x45, 0xf4, 0xff, 0xff, 0x00,
	0x00, 0x81, 0x7d, 0xfc, 0x20, 0x03, 0x00, 0x00, 0x72, 0x08, 0x8b, 0x45, 0xe0, 0x89, 0x45, 0xe4,
	0xeb, 0x23, 0x81, 0x7d, 0xfc, 0x90, 0x01, 0x00, 0x00, 0x72, 0x0c, 0x80, 0x7d, 0xf0, 0x19, 0x75,
	0x06, 0xc6, 0x45, 0xe4, 0x03, 0xeb, 0x0e, 0xc6, 0x45, 0xe4, 0x01, 0x80, 0x7d, 0xf0, 0x19, 0x75,
	0x04, 0xc6, 0x45, 0xdc, 0x80, 0x89, 0x45, 0xf8, 0x8b, 0x45, 0xe4, 0x38, 0x45, 0xf8, 0x72, 0x6a,
	0xb2, 0x0b, 0x0f, 0xb6, 0x75, 0xf8, 0x0f, 0xb6, 0x04, 0x35, 0x5c, 0x2f, 0x00, 0x00, 0x0f, 0xb6,
	0x4d, 0xf0, 0x0f, 0xaf, 0xc1, 0x0f, 0xb6, 0xfa, 0x0f, 0xaf, 0xc7, 0x8b, 0x5d, 0xfc, 0x2b, 0xd8,
	0x53, 0xe8, 0x32, 0xff, 0xff, 0xff, 0x83, 0xc4, 0x04, 0x3b, 0x45, 0xf4, 0x73, 0x2b, 0x0f, 0xb6,
	0x04, 0x35, 0x5c, 0x2f, 0x00, 0x00, 0x0f, 0xaf, 0xc1, 0x0f, 0xaf, 0xc7, 0x39, 0x45, 0xfc, 0x77,
	0x18, 0x8b, 0x4d, 0xfc, 0x2b, 0xc8, 0x51, 0xe8, 0x0c, 0xff, 0xff, 0xff, 0x89, 0x45, 0xf4, 0x89,
	0x55, 0xe8, 0x8b, 0x45, 0xf8, 0x89, 0x45, 0xec, 0x59, 0x4a, 0x80, 0xfa, 0x04, 0x73, 0xa3, 0xfe,
	0x4d, 0xf8, 0x8b, 0x45, 0xe4, 0x38, 0x45, 0xf8, 0x73, 0x96, 0x0f, 0xb6, 0x45, 0xec, 0xc1, 0xe0,
	0x04, 0x0f, 0xb6, 0x4d, 0xe0, 0x03, 0xc8, 0x0f, 0xb6, 0x45, 0xdc, 0x0b, 0xc1, 0x8b, 0x4d, 0x18,
	0x88, 0x01, 0x8b, 0x45, 0x10, 0x80, 0x38, 0x07, 0x76, 0x06, 0x8b, 0x45, 0x10, 0xc6, 0x00, 0x07,
	0x0f, 0xb6, 0x55, 0xe8, 0x8d, 0x4a, 0xfc, 0xc1, 0xe1, 0x05, 0x8b, 0x45, 0x10, 0x0f, 0xb6, 0x00,
	0x03, 0xc1, 0x8b, 0x4d, 0x14, 0x88, 0x01, 0x0f, 0xb6, 0x45, 0xec, 0x0f, 0xb6, 0x04, 0x05, 0x5c,
	0x2f, 0x00, 0x00, 0x0f, 0xb6, 0x4d, 0xf0, 0x0f, 0xaf, 0xc1, 0x0f, 0xaf, 0xc2, 0x89, 0xc1, 0xc1,
	0xf9, 0x03, 0xc1, 0xe9, 0x1c, 0x03, 0xc8, 0xc1, 0xf9, 0x04, 0x8b, 0x45, 0x0c, 0x88, 0x08, 0x2b,
	0xc0, 0x5b, 0x5e, 0x5f, 0xc9, 0xc3, 0x90, 0x90, 0x8b, 0x4c, 0x24, 0x04, 0xb8, 0x00, 0x01, 0x00,
	0x00, 0x66, 0x83, 0x7c, 0x01, 0x56, 0x00, 0x74, 0x07, 0xc6, 0x44, 0x01, 0x53, 0x08, 0xeb, 0x05,
	0xc6, 0x44, 0x01, 0x53, 0x00, 0xc3, 0x90, 0x90, 0x55, 0x89, 0xe5, 0x56, 0x8b, 0x75, 0x08, 0xba,
	0x00, 0x01, 0x00, 0x00, 0x8b, 0x44, 0x16, 0x5e, 0xb9, 0x00, 0x08, 0x00, 0x00, 0x89, 0x44, 0x0e,
	0x20, 0x66, 0xc7, 0x44, 0x16, 0x56, 0x01, 0x00, 0xc6, 0x44, 0x16, 0x55, 0x00, 0x6a, 0x01, 0xe8,
	0x8c, 0xe3, 0xff, 0xff, 0x59, 0x5e, 0xc9, 0xc3, 0x50, 0x57, 0x56, 0x53, 0x8b, 0x74, 0x24, 0x14,
	0x0f, 0xb7, 0x7e, 0x20, 0x8d, 0x57, 0x40, 0x89, 0x54, 0x24, 0x0c, 0xec, 0x0f, 0xb6, 0xc8, 0xc1,
	0xe1, 0x10, 0x8d, 0x5f, 0x41, 0x89, 0xda, 0xec, 0x0f, 0xb6, 0xc0, 0xc1, 0xe0, 0x08, 0x0b, 0xc8,
	0x83, 0xc7, 0x39, 0x89, 0xfa, 0xec, 0x0f, 0xb6, 0xc0, 0x0b, 0xc8, 0x8b, 0x54, 0x24, 0x0c, 0x2b,
	0xc0, 0xee, 0x89, 0xda, 0xee, 0x89, 0xfa, 0xee, 0xb8, 0x00, 0x01, 0x00, 0x00, 0xc6, 0x44, 0x06,
	0x55, 0x00, 0x89, 0x4c, 0x06, 0x5e, 0x5b, 0x5e, 0x5f, 0x83, 0xc4, 0x04, 0xc3, 0x90, 0x90, 0x90,
	0x56, 0x8b, 0x54, 0x24, 0x08, 0xb8, 0x00, 0x01, 0x00, 0x00, 0x8b, 0x4c, 0x02, 0x5e, 0xc6, 0x44,
	0x02, 0x55, 0x00, 0x0f, 0xb7, 0x72, 0x20, 0x8d, 0x56, 0x39, 0x89, 0xc8, 0xee, 0x8d, 0x56, 0x41,
	0x0f, 0xb7, 0xc1, 0xc1, 0xf8, 0x08, 0xee, 0x8d, 0x56, 0x40, 0x89, 0xc8, 0xc1, 0xe8, 0x10, 0xee,
	0x5e, 0xc3, 0x90, 0x90, 0x56, 0x8b, 0x74, 0x24, 0x08, 0xb1, 0x11, 0x0f, 0xb7, 0x56, 0x20, 0x83,
	0xc2, 0x14, 0xec, 0xa8, 0x03, 0x74, 0x02, 0xb1, 0x12, 0xb8, 0x00, 0x01, 0x00, 0x00, 0x88, 0x4c,
	0x06, 0x55, 0x5e, 0xc3, 0x00, 0x00, 0x00, 0x00, 0x00, 0x00, 0x00, 0x00, 0x00, 0x00, 0x08, 0x98,
	0x97, 0x97, 0x97, 0x97, 0x00, 0x00, 0x00, 0x50, 0x38, 0x00, 0x00, 0x00, 0x00, 0xfe, 0x07, 0x7c,
	0x00, 0x00, 0x00, 0x00, 0x01, 0x00, 0x00, 0x0f, 0x14, 0x00, 0x00, 0x00, 0x00, 0x40, 0x4f, 0x7a,
	0x00, 0x00, 0x00, 0x00, 0x00, 0x00, 0x54, 0x72, 0x00, 0x00, 0x00, 0x00, 0x00, 0x00, 0x08, 0x98,
	0x06, 0x00, 0x00, 0x00, 0x00, 0x00, 0x1a, 0x72, 0x00, 0x00, 0x00, 0x00, 0x40, 0xbf, 0x0c, 0x80,
	0x50, 0x00, 0x00, 0x00, 0x00, 0x00, 0x08, 0x98, 0x07, 0x00, 0x00, 0x00, 0x00, 0x00, 0x08, 0x98,
	0x13, 0x00, 0x00, 0x00, 0x08, 0x00, 0x00, 0x58, 0x00, 0x00, 0x00, 0x00, 0x40, 0x00, 0x00, 0x60,
	0x00, 0x00, 0x00, 0x00, 0x00, 0x00, 0x08, 0x98, 0x00, 0x00, 0x00, 0x00, 0x00, 0x00, 0x0b, 0x86,
	0xb0, 0x00, 0x00, 0x00, 0x00, 0x00, 0x0a, 0x9f, 0x03, 0x00, 0x00, 0x00, 0x00, 0x00, 0x08, 0x98,
	0x01, 0x00, 0x00, 0x00, 0x00, 0x00, 0x0b, 0x86, 0xa0, 0x00, 0x00, 0x00, 0x00, 0x00, 0x0a, 0x9f,
	0x03, 0x00, 0x00, 0x00, 0x00, 0x00, 0x08, 0x98, 0x01, 0x00, 0x00, 0x00, 0x00, 0x00, 0x00, 0x0e,
	0x0c, 0x00, 0x00, 0x00, 0x00, 0x00, 0x08, 0x80, 0xd0, 0x00, 0x00, 0x00, 0x01, 0x00, 0x00, 0x0e,
	0x0c, 0x00, 0x00, 0x00, 0x06, 0x00, 0x0c, 0x80, 0xe8, 0x00, 0x00, 0x00, 0x0c, 0x00, 0x0c, 0x80,
	0xe8, 0x00, 0x00, 0x00, 0x0d, 0x00, 0x0c, 0x80, 0xe8, 0x00, 0x00, 0x00, 0x00, 0x00, 0x0b, 0x9e,
	0x05, 0x00, 0x00, 0x00, 0x00, 0x00, 0x0a, 0x9f, 0x04, 0x00, 0x00, 0x00, 0x00, 0x00, 0x08, 0x98,
	0x02, 0x00, 0x00, 0x00, 0x00, 0x7f, 0x02, 0x7c, 0x00, 0x00, 0x00, 0x00, 0x00, 0x00, 0x00, 0x48,
	0x00, 0x00, 0x00, 0x00, 0x00, 0x01, 0x07, 0x7a, 0x00, 0x00, 0x00, 0x00, 0x00, 0x00, 0x08, 0x98,
	0x0f, 0x00, 0x00, 0x00, 0x40, 0x00, 0x00, 0x60, 0x00, 0x00, 0x00, 0x00, 0x01, 0x00, 0x00, 0x0f,
	0x14, 0x00, 0x00, 0x00, 0x00, 0x00, 0x08, 0x98, 0x00, 0x00, 0x00, 0x00, 0x00, 0x7f, 0x02, 0x7c,
	0x00, 0x00, 0x00, 0x00, 0x40, 0x00, 0x00, 0x60, 0x00, 0x00, 0x00, 0x00, 0x00, 0x00, 0x00, 0x48,
	0x00, 0x00, 0x00, 0x00, 0x00, 0x01, 0x07, 0x7a, 0x00, 0x00, 0x00, 0x00, 0x00, 0x00, 0x08, 0x98,
	0x00, 0x00, 0x00, 0x00, 0x08, 0x00, 0x00, 0x60, 0x00, 0x00, 0x00, 0x00, 0x40, 0x00, 0x00, 0x60,
	0x00, 0x00, 0x00, 0x00, 0x00, 0x00, 0x08, 0x80, 0xa0, 0x01, 0x00, 0x00, 0x00, 0x00, 0x00, 0x41,
	0x10, 0x00, 0x00, 0x00, 0x00, 0x00, 0x0b, 0x9e, 0x09, 0x00, 0x00, 0x00, 0x00, 0x00, 0x0a, 0x82,
	0xa0, 0x01, 0x00, 0x00, 0x00, 0x00, 0x08, 0x98, 0x08, 0x00, 0x00, 0x00, 0x00, 0x00, 0x00, 0x41,
	0x10, 0x00, 0x00, 0x00, 0x00, 0xfe, 0x07, 0x7c, 0x00, 0x00, 0x00, 0x00, 0x00, 0x00, 0x0b, 0x82,
	0xa0, 0x01, 0x00, 0x00, 0x00, 0x00, 0x00, 0x0e, 0x0c, 0x00, 0x00, 0x00, 0x00, 0x00, 0x0b, 0x81,
	0x00, 0x02, 0x00, 0x00, 0x00, 0x00, 0x0a, 0x80, 0xa0, 0x02, 0x00, 0x00, 0x00, 0x00, 0x0a, 0x83,
	0xd8, 0x01, 0x00, 0x00, 0x00, 0x00, 0x0a, 0x82, 0xf0, 0x01, 0x00, 0x00, 0x00, 0x00, 0x0a, 0x87,
	0x40, 0x03, 0x00, 0x00, 0x00, 0x00, 0x0a, 0x86, 0x88, 0x04, 0x00, 0x00, 0x00, 0x00, 0x08, 0x98,
	0x08, 0x00, 0x00, 0x00, 0x08, 0x00, 0x00, 0x60, 0x00, 0x00, 0x00, 0x00, 0x01, 0x00, 0x00, 0x0b,
	0x1c, 0x00, 0x00, 0x00, 0x00, 0x00, 0x08, 0x80, 0xa0, 0x01, 0x00, 0x00, 0x00, 0x00, 0x00, 0x0a,
	0x00, 0x00, 0x00, 0x00, 0x00, 0x00, 0x08, 0x80, 0xa0, 0x01, 0x00, 0x00, 0x00, 0x00, 0x08, 0x80,
	0x08, 0x02, 0x00, 0x00, 0x00, 0x00, 0x00, 0x21, 0x00, 0x00, 0x00, 0x00, 0x00, 0x00, 0x00, 0x21,
	0x00, 0x00, 0x00, 0x00, 0x00, 0x00, 0x00, 0x21, 0x00, 0x00, 0x00, 0x00, 0x00, 0x00, 0x00, 0x21,
	0x00, 0x00, 0x00, 0x00, 0x00, 0x00, 0x00, 0x21, 0x00, 0x00, 0x00, 0x00, 0x00, 0x00, 0x00, 0x21,
	0x00, 0x00, 0x00, 0x00, 0x00, 0x00, 0x00, 0x21, 0x00, 0x00, 0x00, 0x00, 0x00, 0x00, 0x00, 0x21,
	0x00, 0x00, 0x00, 0x00, 0x00, 0x00, 0x00, 0x21, 0x00, 0x00, 0x00, 0x00, 0x00, 0x00, 0x00, 0x21,
	0x00, 0x00, 0x00, 0x00, 0x00, 0x00, 0x00, 0x21, 0x00, 0x00, 0x00, 0x00, 0x00, 0x00, 0x00, 0x21,
	0x00, 0x00, 0x00, 0x00, 0x00, 0x00, 0x00, 0x21, 0x00, 0x00, 0x00, 0x00, 0x00, 0x00, 0x00, 0x21,
	0x00, 0x00, 0x00, 0x00, 0x00, 0x00, 0x00, 0x21, 0x00, 0x00, 0x00, 0x00, 0x00, 0x00, 0x00, 0x21,
	0x00, 0x00, 0x00, 0x00, 0x00, 0x00, 0x00, 0x21, 0x20, 0x00, 0x00, 0x00, 0x00, 0x00, 0x0b, 0x8b,
	0xd8, 0x01, 0x00, 0x00, 0x00, 0x00, 0x08, 0x88, 0xb8, 0x01, 0x00, 0x00, 0x00, 0x00, 0x08, 0x80,
	0xa8, 0x02, 0x00, 0x00, 0x00, 0x00, 0x00, 0x20, 0x00, 0x00, 0x00, 0x00, 0x00, 0x00, 0x00, 0x20,
	0x00, 0x00, 0x00, 0x00, 0x00, 0x00, 0x00, 0x20, 0x00, 0x00, 0x00, 0x00, 0x00, 0x00, 0x00, 0x20,
	0x00, 0x00, 0x00, 0x00, 0x00, 0x00, 0x00, 0x20, 0x00, 0x00, 0x00, 0x00, 0x00, 0x00, 0x00, 0x20,
	0x00, 0x00, 0x00, 0x00, 0x00, 0x00, 0x00, 0x20, 0x00, 0x00, 0x00, 0x00, 0x00, 0x00, 0x00, 0x20,
	0x00, 0x00, 0x00, 0x00, 0x00, 0x00, 0x00, 0x20, 0x00, 0x00, 0x00, 0x00, 0x00, 0x00, 0x00, 0x20,
	0x00, 0x00, 0x00, 0x00, 0x00, 0x00, 0x00, 0x20, 0x00, 0x00, 0x00, 0x00, 0x00, 0x00, 0x00, 0x20,
	0x00, 0x00, 0x00, 0x00, 0x00, 0x00, 0x00, 0x20, 0x00, 0x00, 0x00, 0x00, 0x00, 0x00, 0x00, 0x20,
	0x00, 0x00, 0x00, 0x00, 0x00, 0x00, 0x00, 0x20, 0x00, 0x00, 0x00, 0x00, 0x00, 0x00, 0x00, 0x20,
	0x00, 0x00, 0x00, 0x00, 0x00, 0x00, 0x00, 0x20, 0x20, 0x00, 0x00, 0x00, 0x00, 0x00, 0x0b, 0x8b,
	0xd8, 0x01, 0x00, 0x00, 0x00, 0x00, 0x08, 0x88, 0xb8, 0x01, 0x00, 0x00, 0x01, 0x00, 0x00, 0x0f,
	0x14, 0x00, 0x00, 0x00, 0x00, 0x00, 0x0c, 0x80, 0x88, 0x03, 0x00, 0x00, 0x0a, 0x00, 0x0c, 0x80,
	0xb0, 0x03, 0x00, 0x00, 0x0b, 0x00, 0x0c, 0x80, 0xb0, 0x03, 0x00, 0x00, 0x02, 0x00, 0x0c, 0x80,
	0xc0, 0x03, 0x00, 0x00, 0x03, 0x00, 0x0c, 0x80, 0x18, 0x04, 0x00, 0x00, 0x04, 0x00, 0x0c, 0x80,
	0x38, 0x04, 0x00, 0x00, 0x23, 0x00, 0x0c, 0x80, 0x20, 0x04, 0x00, 0x00, 0x00, 0x00, 0x08, 0x98,
	0x0a, 0x00, 0x00, 0x00, 0x00, 0x7f, 0x02, 0x7c, 0x00, 0x00, 0x00, 0x00, 0x40, 0x00, 0x00, 0x60,
	0x00, 0x00, 0x00, 0x00, 0x00, 0x00, 0x00, 0x48, 0x00, 0x00, 0x00, 0x00, 0x00, 0x01, 0x07, 0x7a,
	0x00, 0x00, 0x00, 0x00, 0x00, 0x00, 0x08, 0x98, 0x0b, 0x00, 0x00, 0x00, 0x40, 0x00, 0x00, 0x60,
	0x00, 0x00, 0x00, 0x00, 0x00, 0x00, 0x08, 0x98, 0x0b, 0x00, 0x00, 0x00, 0x40, 0x00, 0x00, 0x60,
	0x00, 0x00, 0x00, 0x00, 0x00, 0x00, 0x0b, 0x87, 0xd8, 0x03, 0x00, 0x00, 0x00, 0x00, 0x08, 0x98,
	0x0c, 0x00, 0x00, 0x00, 0x01, 0x00, 0x00, 0x0f, 0x14, 0x00, 0x00, 0x00, 0x00, 0x00, 0x0c, 0x80,
	0x88, 0x03, 0x00, 0x00, 0x0a, 0x00, 0x0c, 0x80, 0xb0, 0x03, 0x00, 0x00, 0x0b, 0x00, 0x0c, 0x80,
	0xb0, 0x03, 0x00, 0x00, 0x02, 0x00, 0x0c, 0x80, 0xc0, 0x03, 0x00, 0x00, 0x03, 0x00, 0x0c, 0x80,
	0xc0, 0x03, 0x00, 0x00, 0x04, 0x00, 0x0c, 0x80, 0x60, 0x04, 0x00, 0x00, 0x00, 0x00, 0x08, 0x98,
	0x11, 0x00, 0x00, 0x00, 0x00, 0x00, 0x08, 0x98, 0x0d, 0x00, 0x00, 0x00, 0x40, 0x00, 0x00, 0x60,
	0x00, 0x00, 0x00, 0x00, 0x01, 0x00, 0x00, 0x0f, 0x15, 0x00, 0x00, 0x00, 0x00, 0x00, 0x08, 0x98,
	0x12, 0x00, 0x00, 0x00, 0x00, 0x7f, 0x02, 0x7c, 0x00, 0x00, 0x00, 0x00, 0x40, 0x00, 0x00, 0x60,
	0x00, 0x00, 0x00, 0x00, 0x00, 0x00, 0x00, 0x48, 0x00, 0x00, 0x00, 0x00, 0x00, 0x01, 0x07, 0x7a,
	0x00, 0x00, 0x00, 0x00, 0x00, 0x00, 0x08, 0x98, 0x0e, 0x00, 0x00, 0x00, 0x00, 0x7f, 0x02, 0x7c,
	0x00, 0x00, 0x00, 0x00, 0x40, 0x00, 0x00, 0x60, 0x00, 0x00, 0x00, 0x00, 0x00, 0x00, 0x00, 0x48,
	0x00, 0x00, 0x00, 0x00, 0x00, 0x01, 0x07, 0x7a, 0x00, 0x00, 0x00, 0x00, 0x00, 0x00, 0x08, 0x98,
	0x10, 0x00, 0x00, 0x00, 0x00, 0x00, 0x08, 0x98, 0x09, 0x00, 0x00, 0x00, 0x00, 0x00, 0x08, 0x98,
	0x79, 0x79, 0x79, 0x79, 0x7c, 0x00, 0x00, 0x00, 0x66, 0x00, 0x00, 0x00, 0x28, 0x00, 0x00, 0x00,
	0x58, 0x00, 0x00, 0x00, 0x60, 0x00, 0x00, 0x00, 0x07, 0x00, 0x00, 0x00, 0x29, 0x00, 0x00, 0x00,
	0x2d, 0x00, 0x00, 0x00, 0x45, 0x00, 0x00, 0x00, 0x67, 0x00, 0x00, 0x00, 0x79, 0x00, 0x00, 0x00,
	0x7d, 0x00, 0x00, 0x00, 0x83, 0x00, 0x00, 0x00, 0x85, 0x00, 0x00, 0x00, 0x87, 0x00, 0x00, 0x00,
	0x89, 0x00, 0x00, 0x00, 0x8b, 0x00, 0x00, 0x00, 0x8d, 0x00, 0x00, 0x00, 0x8f, 0x00, 0x00, 0x00,
	0x91, 0x00, 0x00, 0x00, 0x93, 0x00, 0x00, 0x00, 0x95, 0x00, 0x00, 0x00, 0x97, 0x00, 0x00, 0x00,
	0x99, 0x00, 0x00, 0x00, 0x9b, 0x00, 0x00, 0x00, 0x9d, 0x00, 0x00, 0x00, 0x9f, 0x00, 0x00, 0x00,
	0xa1, 0x00, 0x00, 0x00, 0xa3, 0x00, 0x00, 0x00, 0xab, 0x00, 0x00, 0x00, 0xad, 0x00, 0x00, 0x00,
	0xaf, 0x00, 0x00, 0x00, 0xb1, 0x00, 0x00, 0x00, 0xb3, 0x00, 0x00, 0x00, 0xb5, 0x00, 0x00, 0x00,
	0xb7, 0x00, 0x00, 0x00, 0xb9, 0x00, 0x00, 0x00, 0xbb, 0x00, 0x00, 0x00, 0xbd, 0x00, 0x00, 0x00,
	0xbf, 0x00, 0x00, 0x00, 0xc1, 0x00, 0x00, 0x00, 0xc3, 0x00, 0x00, 0x00, 0xc5, 0x00, 0x00, 0x00,
	0xc7, 0x00, 0x00, 0x00, 0xc9, 0x00, 0x00, 0x00, 0xcb, 0x00, 0x00, 0x00, 0xd1, 0x00, 0x00, 0x00,
	0xf7, 0x00, 0x00, 0x00, 0x0b, 0x01, 0x00, 0x00, 0x03, 0x00, 0x00, 0x00, 0x11, 0x00, 0x00, 0x00,
	0x1d, 0x00, 0x00, 0x00, 0x23, 0x00, 0x00, 0x00, 0x2b, 0x00, 0x00, 0x00, 0x2f, 0x00, 0x00, 0x00,
	0x31, 0x00, 0x00, 0x00, 0x33, 0x00, 0x00, 0x00, 0x57, 0x00, 0x00, 0x00, 0x59, 0x00, 0x00, 0x00,
	0x5d, 0x00, 0x00, 0x00, 0x61, 0x00, 0x00, 0x00, 0x65, 0x00, 0x00, 0x00, 0x69, 0x00, 0x00, 0x00,
	0x6b, 0x00, 0x00, 0x00, 0x6d, 0x00, 0x00, 0x00, 0x6f, 0x00, 0x00, 0x00, 0x71, 0x00, 0x00, 0x00,
	0x73, 0x00, 0x00, 0x00, 0x7b, 0x00, 0x00, 0x00, 0x7f, 0x00, 0x00, 0x00, 0x81, 0x00, 0x00, 0x00,
	0xa5, 0x00, 0x00, 0x00, 0xa7, 0x00, 0x00, 0x00, 0xa9, 0x00, 0x00, 0x00, 0xcd, 0x00, 0x00, 0x00,
	0xcf, 0x00, 0x00, 0x00, 0xd3, 0x00, 0x00, 0x00, 0xd5, 0x00, 0x00, 0x00, 0xd7, 0x00, 0x00, 0x00,
	0xd9, 0x00, 0x00, 0x00, 0xdb, 0x00, 0x00, 0x00, 0xdd, 0x00, 0x00, 0x00, 0xdf, 0x00, 0x00, 0x00,
	0xf3, 0x00, 0x00, 0x00, 0xf9, 0x00, 0x00, 0x00, 0xfb, 0x00, 0x00, 0x00, 0xfd, 0x00, 0x00, 0x00,
	0xff, 0x00, 0x00, 0x00, 0x01, 0x01, 0x00, 0x00, 0x03, 0x01, 0x00, 0x00, 0x06, 0x02, 0x03, 0x04,
	0x06, 0x08, 0x00, 0x00, 0x00, 0x00, 0x00, 0x00, 0x00, 0x00, 0x00, 0x00, 0x00, 0x00, 0x00, 0x00,
	0x00, 0x00, 0x00, 0x00, 0x00, 0x00, 0x00, 0x00, 0x00, 0x00, 0x00, 0x00, 0x00, 0x00, 0x00, 0x00,
	0x00, 0x00, 0x00, 0x00, 0x00, 0x00, 0x00, 0x00, 0x00, 0x00, 0x00, 0x00, 0x00, 0x00, 0x00, 0x00,
	0x00, 0x00, 0x00, 0x00, 0x00, 0x00, 0x00, 0x00, 0x00, 0x00, 0x00, 0x00, 0x00, 0x00, 0x00, 0x00,
	0x00, 0x00, 0x00, 0x00, 0x00, 0x00, 0x00, 0x00, 0x00, 0x00, 0x00, 0x00, 0x00, 0x00, 0x00, 0x00,
	0x00, 0x00, 0x00, 0x00, 0x00, 0x00, 0x00, 0x00, 0x00, 0x00, 0x00, 0x00, 0x00, 0x00, 0x00, 0x00,
	0x00, 0x00, 0x00, 0x00, 0x00, 0x00, 0x00, 0x00, 0x00, 0x00, 0x00, 0x00, 0x00, 0x00, 0x00, 0x00,
	0x00, 0x00, 0x00, 0x00, 0x00, 0x00, 0x00, 0x00, 0x00, 0x00, 0x00, 0x00, 0x00, 0x00, 0x00, 0x00,
	0x00, 0x00, 0x00, 0x00, 0x00, 0x00, 0x00, 0x00, 0x00, 0x00, 0x00, 0x00, 0x00, 0x00, 0x00, 0x00,
	0x00, 0x00, 0x00, 0x00, 0x00, 0x00, 0x00, 0x00, 0x00, 0x00, 0x00, 0x00, 0x00, 0x00, 0x00, 0x00,
	0x00, 0x00, 0x00, 0x00, 0x00, 0x00, 0x00, 0x00, 0x00, 0x00, 0x00, 0x00, 0x00, 0x00, 0x00, 0x00,
	0x00, 0x00, 0x00, 0x00, 0x00, 0x00, 0x00, 0x00, 0x00, 0x00, 0x00, 0x00, 0x00, 0x00, 0x00, 0x00,
	0x00, 0x00, 0x00, 0x00, 0x00, 0x00, 0x00, 0x00, 0x00, 0x00, 0x00, 0x00, 0x00, 0x00, 0x00, 0x00,
	0x00, 0x00, 0x00, 0x00, 0x00, 0x00, 0x00, 0x00, 0x00, 0x00, 0x00, 0x00, 0x00, 0x00, 0x00, 0x00,
	0x00, 0x00, 0x00, 0x00, 0x00, 0x00, 0x00, 0x00, 0x00, 0x00, 0x00, 0x00, 0x00, 0x00, 0x00, 0x00,
	0x00, 0x00, 0x00, 0x00, 0x00, 0x00, 0x00, 0x00, 0x00, 0x00, 0x00, 0x00, 0x00, 0x00, 0x00, 0x00,
	0x00, 0x00, 0x00, 0x00, 0x00, 0x00, 0x00, 0x00, 0x00, 0x00, 0x00, 0x00, 0x00, 0x00, 0x00, 0x00,
	0x00, 0x00, 0x00, 0x00, 0x00, 0x00, 0x00, 0x00, 0x00, 0x00, 0x00, 0x00, 0x00, 0x00, 0x00, 0x00,
	0x00, 0x00, 0x00, 0x00, 0x00, 0x00, 0x00, 0x00, 0x00, 0x00, 0x00, 0x00, 0x00, 0x00, 0x00, 0x00,
	0x00, 0x00, 0x00, 0x00, 0x00, 0x00, 0x00, 0x00, 0x00, 0x00, 0x00, 0x00, 0x00, 0x00, 0x00, 0x00,
	0x00, 0x00, 0x00, 0x00, 0x00, 0x00, 0x00, 0x00, 0x00, 0x00, 0x00, 0x00, 0x00, 0x00, 0x00, 0x00,
	0x00, 0x00, 0x00, 0x00, 0x00, 0x00, 0x00, 0x00, 0x00, 0x00, 0x00, 0x00, 0x00, 0x00, 0x00, 0x00,
	0x00, 0x00, 0x00, 0x00, 0x00, 0x00, 0x00, 0x00, 0x00, 0x00, 0x00, 0x00, 0x00, 0x00, 0x00, 0x00,
	0x00, 0x00, 0x00, 0x00, 0x00, 0x00, 0x00, 0x00, 0x00, 0x00, 0x00, 0x00, 0x00, 0x00, 0x00, 0x00,
	0x00, 0x00, 0x00, 0x00, 0x00, 0x00, 0x00, 0x00, 0x00, 0x00, 0x00, 0x00, 0x00, 0x00, 0x00, 0x00,
	0x00, 0x00, 0x00, 0x00, 0x00, 0x00, 0x00, 0x00, 0x00, 0x00, 0x00, 0x00, 0x00, 0x00, 0x00, 0x00,
	0x00, 0x00, 0x00, 0x00, 0x00, 0x00, 0x00, 0x00, 0x00, 0x00, 0x00, 0x00, 0x00, 0x00, 0x00, 0x00,
	0x00, 0x00, 0x00, 0x00, 0x00, 0x00, 0x00, 0x00, 0x00, 0x00, 0x00, 0x00, 0x00, 0x00, 0x00, 0x00,
	0x00, 0x00, 0x00, 0x00, 0x00, 0x00, 0x00, 0x00, 0x00, 0x00, 0x00, 0x00, 0x00, 0x00, 0x00, 0x00,
	0x00, 0x00, 0x00, 0x00, 0x00, 0x00, 0x00, 0x00, 0x00, 0x00, 0x00, 0x00, 0x00, 0x00, 0x00, 0x00,
	0x00, 0x00, 0x00, 0x00, 0x00, 0x00, 0x00, 0x00, 0x00, 0x00, 0x00, 0x00, 0x00, 0x00, 0x00, 0x00,
	0x00, 0x00, 0x00, 0x00, 0x00, 0x00, 0x00, 0x00, 0x00, 0x00, 0x00, 0x00, 0x00, 0x00, 0x00, 0x00,
	0x00, 0x00, 0x00, 0x00, 0x00, 0x00, 0x00, 0x00, 0x00, 0x00, 0x00, 0x00, 0x00, 0x00, 0x00, 0x00,
	0x00, 0x00, 0x00, 0x00, 0x00, 0x00, 0x00, 0x00, 0x00, 0x00, 0x00, 0x00, 0x00, 0x00, 0x00, 0x00,
	0x00, 0x00, 0x00, 0x00, 0x00, 0x00, 0x00, 0x00, 0x00, 0x00, 0x00, 0x00, 0x00, 0x00, 0x00, 0x00,
	0x00, 0x00, 0x00, 0x00, 0x00, 0x00, 0x00, 0x00, 0x00, 0x00, 0x00, 0x00, 0x00, 0x00, 0x00, 0x00,
	0x00, 0x00, 0x00, 0x00, 0x00, 0x00, 0x00, 0x00, 0x00, 0x00, 0x00, 0x00, 0x00, 0x00, 0x00, 0x00,
	0x00, 0x00, 0x00, 0x00, 0x00, 0x00, 0x00, 0x00, 0x00, 0x00, 0x00, 0x00, 0x00, 0x00, 0x00, 0x00,
	0x00, 0x00, 0x00, 0x00, 0x00, 0x00, 0x00, 0x00, 0x00, 0x00, 0x00, 0x00, 0x00, 0x00, 0x00, 0x00,
	0x00, 0x00, 0x00, 0x00, 0x00, 0x00, 0x00, 0x00, 0x00, 0x00, 0x00, 0x00, 0x00, 0x00, 0x00, 0x00,
	0x00, 0x00, 0x00, 0x00, 0x00, 0x00, 0x00, 0x00, 0x00, 0x00, 0x00, 0x00, 0x00, 0x00, 0x00, 0x00,
	0x00, 0x00, 0x00, 0x00, 0x00, 0x00, 0x00, 0x00, 0x00, 0x00, 0x00, 0x00, 0x00, 0x00, 0x00, 0x00,
	0x00, 0x00, 0x00, 0x00, 0x00, 0x00, 0x00, 0x00, 0x00, 0x00, 0x00, 0x00, 0x00, 0x00, 0x00, 0x00,
	0x00, 0x00, 0x00, 0x00, 0x00, 0x00, 0x00, 0x00, 0x00, 0x00, 0x00, 0x00, 0x00, 0x00, 0x00, 0x00,
	0x00, 0x00, 0x00, 0x00, 0x00, 0x00, 0x00, 0x00, 0x00, 0x00, 0x00, 0x00, 0x00, 0x00, 0x00, 0x00,
	0x00, 0x00, 0x00, 0x00, 0x00, 0x00, 0x00, 0x00, 0x00, 0x00, 0x00, 0x00, 0x00, 0x00, 0x00, 0x00,
	0x00, 0x00, 0x00, 0x00, 0x00, 0x00, 0x00, 0x00, 0x00, 0x00, 0x00, 0x00, 0x00, 0x00, 0x00, 0x00,
	0x00, 0x00, 0x00, 0x00, 0x00, 0x00, 0x00, 0x00, 0x00, 0x00, 0x00, 0x00, 0x00, 0x00, 0x00, 0x00,
	0x00, 0x00, 0x00, 0x00, 0x00, 0x00, 0x00, 0x00, 0x00, 0x00, 0x00, 0x00, 0x00, 0x00, 0x00, 0x00,
	0x00, 0x00, 0x00, 0x00, 0x00, 0x00, 0x00, 0x00, 0x00, 0x00, 0x00, 0x00, 0x00, 0x00, 0x00, 0x00,
	0x00, 0x00, 0x00, 0x00, 0x00, 0x00, 0x00, 0x00, 0x00, 0x00, 0x00, 0x00, 0x00, 0x00, 0x00, 0x00,
	0x00, 0x00, 0x00, 0x00, 0x00, 0x00, 0x00, 0x00, 0x00, 0x00, 0x00, 0x00, 0x00, 0x00, 0x00, 0x00,
	0x00, 0x00, 0x00, 0x00, 0x00, 0x00, 0x00, 0x00, 0x00, 0x00, 0x00, 0x00, 0x00, 0x00, 0x00, 0x00,
	0x00, 0x00, 0x00, 0x00, 0x00, 0x00, 0x00, 0x00, 0x00, 0x00, 0x00, 0x00, 0x00, 0x00, 0x00, 0x00,
	0x00, 0x00, 0x00, 0x00, 0x00, 0x00, 0x00, 0x00, 0x00, 0x00, 0x00, 0x00, 0x00, 0x00, 0x00, 0x00,
	0x00, 0x00, 0x00, 0x00, 0x00, 0x00, 0x00, 0x00, 0x00, 0x00, 0x00, 0x00, 0x00, 0x00, 0x00, 0x00,
	0x00, 0x00, 0x00, 0x00, 0x00, 0x00, 0x00, 0x00, 0x00, 0x00, 0x00, 0x00, 0x00, 0x00, 0x00, 0x00,
	0x00, 0x00, 0x00, 0x00, 0x00, 0x00, 0x00, 0x00, 0x00, 0x00, 0x00, 0x00, 0x00, 0x00, 0x00, 0x00,
	0x00, 0x00, 0x00, 0x00, 0x00, 0x00, 0x00, 0x00, 0x00, 0x00, 0x00, 0x00, 0x00, 0x00, 0x00, 0x00,
	0x00, 0x00, 0x00, 0x00, 0x00, 0x00, 0x00, 0x00, 0x00, 0x00, 0x00, 0x00, 0x00, 0x00, 0x00, 0x00,
	0x00, 0x00, 0x00, 0x00, 0x00, 0x00, 0x00, 0x00, 0x00, 0x00, 0x00, 0x00, 0x00, 0x00, 0x00, 0x00,
	0x00, 0x00, 0x00, 0x00, 0x00, 0x00, 0x00, 0x00, 0x00, 0x00, 0x00, 0x00, 0x00, 0x00, 0x00, 0x00,
	0x00, 0x00, 0x00, 0x00, 0x00, 0x00, 0x00, 0x00, 0x00, 0x00, 0x00, 0x00, 0x00, 0x00, 0x00, 0x00,
	0x00, 0x00, 0x00, 0x00, 0x00, 0x00, 0x00, 0x00, 0x00, 0x00, 0x00, 0x00, 0x00, 0x00, 0x00, 0x00,
	0x00, 0x00, 0x00, 0x00, 0x00, 0x00, 0x00, 0x00, 0x00, 0x00, 0x00, 0x00, 0x00, 0x00, 0x00, 0x00,
	0x00, 0x00, 0x00, 0x00, 0x00, 0x00, 0x00, 0x00, 0x00, 0x00, 0x00, 0x00, 0x00, 0x00, 0x00, 0x00,
	0x00, 0x00, 0x00, 0x00, 0x00, 0x00, 0x00, 0x00, 0x00, 0x00, 0x00, 0x00, 0x00, 0x00, 0x00, 0x00,
	0x00, 0x00, 0x00, 0x00, 0x00, 0x00, 0x00, 0x00, 0x00, 0x00, 0x00, 0x00, 0x00, 0x00, 0x00, 0x00,
	0x00, 0x00, 0x00, 0x00, 0x00, 0x00, 0x00, 0x00, 0x00, 0x00, 0x00, 0x00, 0x00, 0x00, 0x00, 0x00,
	0x00, 0x00, 0x00, 0x00, 0x00, 0x00, 0x00, 0x00, 0x00, 0x00, 0x00, 0x00, 0x00, 0x00, 0x00, 0x00,
	0x00, 0x00, 0x00, 0x00, 0x00, 0x00, 0x00, 0x00, 0x00, 0x00, 0x00, 0x00, 0x00, 0x00, 0x00, 0x00,
	0x00, 0x00, 0x00, 0x00, 0x00, 0x00, 0x00, 0x00, 0x00, 0x00, 0x00, 0x00, 0x00, 0x00, 0x00, 0x00,
	0x00, 0x00, 0x00, 0x00, 0x00, 0x00, 0x00, 0x00, 0x00, 0x00, 0x00, 0x00, 0x00, 0x00, 0x00, 0x00,
	0x00, 0x00, 0x00, 0x00, 0x00, 0x00, 0x00, 0x00, 0x00, 0x00, 0x00, 0x00, 0x00, 0x00, 0x00, 0x00,
	0x00, 0x00, 0x00, 0x00, 0x00, 0x00, 0x00, 0x00, 0x00, 0x00, 0x00, 0x00, 0x00, 0x00, 0x00, 0x00,
	0x00, 0x00, 0x00, 0x00, 0x00, 0x00, 0x00, 0x00, 0x00, 0x00, 0x00, 0x00, 0x00, 0x00, 0x00, 0x00,
	0x00, 0x00, 0x00, 0x00, 0x00, 0x00, 0x00, 0x00, 0x00, 0x00, 0x00, 0x00, 0x00, 0x00, 0x00, 0x00,
	0x00, 0x00, 0x00, 0x00, 0x00, 0x00, 0x00, 0x00, 0x00, 0x00, 0x00, 0x00, 0x00, 0x00, 0x00, 0x00,
	0x00, 0x00, 0x00, 0x00, 0x00, 0x00, 0x00, 0x00, 0x00, 0x00, 0x00, 0x00, 0x00, 0x00, 0x00, 0x00,
	0x00, 0x00, 0x00, 0x00, 0x00, 0x00, 0x00, 0x00, 0x00, 0x00, 0x00, 0x00, 0x00, 0x00, 0x00, 0x00,
	0x00, 0x00, 0x00, 0x00, 0x00, 0x00, 0x00, 0x00, 0x00, 0x00, 0x00, 0x00, 0x00, 0x00, 0x00, 0x00,
	0x00, 0x00, 0x00, 0x00, 0x00, 0x00, 0x00, 0x00, 0x00, 0x00, 0x00, 0x00, 0x00, 0x00, 0x00, 0x00,
	0x00, 0x00, 0x00, 0x00, 0x00, 0x00, 0x00, 0x00, 0x00, 0x00, 0x00, 0x00, 0x00, 0x00, 0x00, 0x00,
	0x00, 0x00, 0x00, 0x00, 0x00, 0x00, 0x00, 0x00, 0x00, 0x00, 0x00, 0x00, 0x00, 0x00, 0x00, 0x00,
	0x00, 0x00, 0x00, 0x00, 0x00, 0x00, 0x00, 0x00, 0x00, 0x00, 0x00, 0x00, 0x00, 0x00, 0x00, 0x00,
	0x00, 0x00, 0x00, 0x00, 0x00, 0x00, 0x00, 0x00, 0x00, 0x00, 0x00, 0x00, 0x00, 0x00, 0x00, 0x00,
	0x00, 0x00, 0x00, 0x00, 0x00, 0x00, 0x00, 0x00, 0x00, 0x00, 0x00, 0x00, 0x00, 0x00, 0x00, 0x00,
	0x00, 0x00, 0x00, 0x00, 0x00, 0x00, 0x00, 0x00, 0x00, 0x00, 0x00, 0x00, 0x00, 0x00, 0x00, 0x00,
	0x00, 0x00, 0x00, 0x00, 0x00, 0x00, 0x00, 0x00, 0x00, 0x00, 0x00, 0x00, 0x00, 0x00, 0x00, 0x00,
	0x00, 0x00, 0x00, 0x00, 0x00, 0x00, 0x00, 0x00, 0x00, 0x00, 0x00, 0x00, 0x00, 0x00, 0x00, 0x00,
	0x00, 0x00, 0x00, 0x00, 0x00, 0x00, 0x00, 0x00, 0x00, 0x00, 0x00, 0x00, 0x00, 0x00, 0x00, 0x00,
	0x00, 0x00, 0x00, 0x00, 0x00, 0x00, 0x00, 0x00, 0x00, 0x00, 0x00, 0x00, 0x00, 0x00, 0x00, 0x00,
	0x00, 0x00, 0x00, 0x00, 0x00, 0x00, 0x00, 0x00, 0x00, 0x00, 0x00, 0x00, 0x00, 0x00, 0x00, 0x00,
	0x00, 0x00, 0x00, 0x00, 0x00, 0x00, 0x00, 0x00, 0x00, 0x00, 0x00, 0x00, 0x00, 0x00, 0x00, 0x00,
	0x00, 0x00, 0x00, 0x00, 0x00, 0x00, 0x00, 0x00, 0x00, 0x00, 0x00, 0x00, 0x00, 0x00, 0x00, 0x00,
	0x00, 0x00, 0x00, 0x00, 0x00, 0x00, 0x00, 0x00, 0x00, 0x00, 0x00, 0x00, 0x00, 0x00, 0x00, 0x00,
	0x00, 0x00, 0x00, 0x00, 0x00, 0x00, 0x00, 0x00, 0x00, 0x00, 0x00, 0x00, 0x00, 0x00, 0x00, 0x00,
	0x00, 0x00, 0x00, 0x00, 0x00, 0x00, 0x00, 0x00, 0x00, 0x00, 0x00, 0x00, 0x00, 0x00, 0x00, 0x00,
	0x00, 0x00, 0x00, 0x00, 0x00, 0x00, 0x00, 0x00, 0x00, 0x00, 0x00, 0x00, 0x00, 0x00, 0x00, 0x00,
	0x00, 0x00, 0x00, 0x00, 0x00, 0x00, 0x00, 0x00, 0x00, 0x00, 0x00, 0x00, 0x00, 0x00, 0x00, 0x00,
	0x00, 0x00, 0x00, 0x00, 0x00, 0x00, 0x00, 0x00, 0x00, 0x00, 0x00, 0x00, 0x00, 0x00, 0x00, 0x00,
	0x00, 0x00, 0x00, 0x00, 0x00, 0x00, 0x00, 0x00, 0x00, 0x00, 0x00, 0x00, 0x00, 0x00, 0x00, 0x00,
	0x00, 0x00, 0x00, 0x00, 0x00, 0x00, 0x00, 0x00, 0x00, 0x00, 0x00, 0x00, 0x00, 0x00, 0x00, 0x00,
	0x00, 0x00, 0x00, 0x00, 0x00, 0x00, 0x00, 0x00, 0x00, 0x00, 0x00, 0x00, 0x00, 0x00, 0x00, 0x00,
	0x00, 0x00, 0x00, 0x00, 0x00, 0x00, 0x00, 0x00, 0x00, 0x00, 0x00, 0x00, 0x00, 0x00, 0x00, 0x00,
	0x00, 0x00, 0x00, 0x00, 0x00, 0x00, 0x00, 0x00, 0x00, 0x00, 0x00, 0x00, 0x00, 0x00, 0x00, 0x00,
	0x00, 0x00, 0x00, 0x00, 0x00, 0x00, 0x00, 0x00, 0x00, 0x00, 0x00, 0x00, 0x00, 0x00, 0x00, 0x00,
	0x00, 0x00, 0x00, 0x00, 0x00, 0x00, 0x00, 0x00, 0x00, 0x00, 0x00, 0x00, 0x00, 0x00, 0x00, 0x00,
	0x00, 0x00, 0x00, 0x00, 0x00, 0x00, 0x00, 0x00, 0x00, 0x00, 0x00, 0x00, 0x00, 0x00, 0x00, 0x00,
	0x00, 0x00, 0x00, 0x00, 0x00, 0x00, 0x00, 0x00, 0x00, 0x00, 0x00, 0x00, 0x00, 0x00, 0x00, 0x00,
	0x00, 0x00, 0x00, 0x00, 0x00, 0x00, 0x00, 0x00, 0x00, 0x00, 0x00, 0x00, 0x00, 0x00, 0x00, 0x00,
	0x00, 0x00, 0x00, 0x00, 0x00, 0x00, 0x00, 0x00, 0x00, 0x00, 0x00, 0x00, 0x00, 0x00, 0x00, 0x00,
	0x00, 0x00, 0x00, 0x00, 0x00, 0x00, 0x00, 0x00, 0x00, 0x00, 0x00, 0x00, 0x00, 0x00, 0x00, 0x00,
	0x00, 0x00, 0x00, 0x00, 0x00, 0x00, 0x00, 0x00, 0x00, 0x00, 0x00, 0x00, 0x00, 0x00, 0x00, 0x00,
	0x00, 0x00, 0x00, 0x00, 0x00, 0x00, 0x00, 0x00, 0x00, 0x00, 0x00, 0x00, 0x00, 0x00, 0x00, 0x00,
	0x00, 0x00, 0x00, 0x00, 0x00, 0x00, 0x00, 0x00, 0x00, 0x00, 0x00, 0x00, 0x00, 0x00, 0x00, 0x00,
	0x00, 0x00, 0x00, 0x00, 0x00, 0x00, 0x00, 0x00, 0x00, 0x00, 0x00, 0x00, 0x00, 0x00, 0x00, 0x00,
	0x00, 0x00, 0x00, 0x00, 0x00, 0x00, 0x00, 0x00, 0x00, 0x00, 0x00, 0x00, 0x00, 0x00, 0x00, 0x00,
	0x00, 0x00, 0x00, 0x00, 0x00, 0x00, 0x00, 0x00, 0x00, 0x00, 0x00, 0x00, 0x00, 0x00, 0x00, 0x00,
	0x00, 0x00, 0x00, 0x00, 0x00, 0x00, 0x00, 0x00, 0x00, 0x00, 0x00, 0x00, 0x00, 0x00, 0x00, 0x00,
	0x00, 0x00, 0x00, 0x00, 0x00, 0x00, 0x00, 0x00, 0x00, 0x00, 0x00, 0x00, 0x00, 0x00, 0x00, 0x00,
	0x00, 0x00, 0x00, 0x00, 0x00, 0x00, 0x00, 0x00, 0x00, 0x00, 0x00, 0x00, 0x00, 0x00, 0x00, 0x00,
	0x00, 0x00, 0x00, 0x00, 0x00, 0x00, 0x00, 0x00, 0x00, 0x00, 0x00, 0x00, 0x00, 0x00, 0x00, 0x00,
	0x00, 0x00, 0x00, 0x00, 0x00, 0x00, 0x00, 0x00, 0x00, 0x00, 0x00, 0x00, 0x00, 0x00, 0x00, 0x00,
	0x00, 0x00, 0x00, 0x00, 0x00, 0x00, 0x00, 0x00, 0x00, 0x00, 0x00, 0x00, 0x00, 0x00, 0x00, 0x00,
	0x00, 0x00, 0x00, 0x00, 0x00, 0x00, 0x00, 0x00, 0x00, 0x00, 0x00, 0x00, 0x00, 0x00, 0x00, 0x00,
	0x00, 0x00, 0x00, 0x00, 0x00, 0x00, 0x00, 0x00, 0x00, 0x00, 0x00, 0x00, 0x00, 0x00, 0x00, 0x00,
	0x00, 0x00, 0x00, 0x00, 0x00, 0x00, 0x00, 0x00, 0x00, 0x00, 0x00, 0x00, 0x00, 0x00, 0x00, 0x00,
	0x00, 0x00, 0x00, 0x00, 0x00, 0x00, 0x00, 0x00, 0x00, 0x00, 0x00, 0x00, 0x00, 0x00, 0x00, 0x00,
	0x00, 0x00, 0x00, 0x00, 0x00, 0x00, 0x00, 0x00, 0x00, 0x00, 0x00, 0x00, 0x00, 0x00, 0x00, 0x00,
	0x00, 0x00, 0x00, 0x00, 0x00, 0x00, 0x00, 0x00, 0x00, 0x00, 0x00, 0x00, 0x00, 0x00, 0x00, 0x00,
	0x00, 0x00, 0x00, 0x00, 0x00, 0x00, 0x00, 0x00, 0x00, 0x00, 0x00, 0x00, 0x00, 0x00, 0x00, 0x00,
	0x00, 0x00, 0x00, 0x00, 0x00, 0x00, 0x00, 0x00, 0x00, 0x00, 0x00, 0x00, 0x00, 0x00, 0x00, 0x00,
	0x00, 0x00, 0x00, 0x00, 0x00, 0x00, 0x00, 0x00, 0x00, 0x00, 0x00, 0x00, 0x00, 0x00, 0x00, 0x00,
	0x00, 0x00, 0x00, 0x00, 0x00, 0x00, 0x00, 0x00, 0x00, 0x00, 0x00, 0x00, 0x00, 0x00, 0x00, 0x00,
	0x00, 0x00, 0x00, 0x00, 0x00, 0x00, 0x00, 0x00, 0x00, 0x00, 0x00, 0x00, 0x00, 0x00, 0x00, 0x00,
	0x00, 0x00, 0x00, 0x00, 0x00, 0x00, 0x00, 0x00, 0x00, 0x00, 0x00, 0x00, 0x00, 0x00, 0x00, 0x00,
	0x00, 0x00, 0x00, 0x00, 0x00, 0x00, 0x00, 0x00, 0x00, 0x00, 0x00, 0x00, 0x00, 0x00, 0x00, 0x00,
	0x00, 0x00, 0x00, 0x00, 0x00, 0x00, 0x00, 0x00, 0x00, 0x00, 0x00, 0x00, 0x00, 0x00, 0x00, 0x00,
	0x00, 0x00, 0x00, 0x00, 0x00, 0x00, 0x00, 0x00, 0x00, 0x00, 0x00, 0x00, 0x00, 0x00, 0x00, 0x00,
	0x00, 0x00, 0x00, 0x00, 0x00, 0x00, 0x00, 0x00, 0x00, 0x00, 0x00, 0x00, 0x00, 0x00, 0x00, 0x00,
	0x00, 0x00, 0x00, 0x00, 0x00, 0x00, 0x00, 0x00, 0x00, 0x00, 0x00, 0x00, 0x00, 0x00, 0x00, 0x00,
	0x00, 0x00, 0x00, 0x00, 0x00, 0x00, 0x00, 0x00, 0x00, 0x00, 0x00, 0x00, 0x00, 0x00, 0x00, 0x00,
	0x00, 0x00, 0x00, 0x00, 0x00, 0x00, 0x00, 0x00, 0x00, 0x00, 0x00, 0x00, 0x00, 0x00, 0x00, 0x00,
	0x00, 0x00, 0x00, 0x00, 0x00, 0x00, 0x00, 0x00, 0x00, 0x00, 0x00, 0x00, 0x00, 0x00, 0x00, 0x00,
	0x00, 0x00, 0x00, 0x00, 0x00, 0x00, 0x00, 0x00, 0x00, 0x00, 0x00, 0x00, 0x00, 0x00, 0x00, 0x00,
	0x00, 0x00, 0x00, 0x00, 0x00, 0x00, 0x00, 0x00, 0x00, 0x00, 0x00, 0x00, 0x00, 0x00, 0x00, 0x00,
	0x00, 0x00, 0x00, 0x00, 0x00, 0x00, 0x00, 0x00, 0x00, 0x00, 0x00, 0x00, 0x00, 0x00, 0x00, 0x00,
	0x00, 0x00, 0x00, 0x00, 0x00, 0x00, 0x00, 0x00, 0x00, 0x00, 0x00, 0x00, 0x00, 0x00, 0x00, 0x00,
	0x00, 0x00, 0x00, 0x00, 0x00, 0x00, 0x00, 0x00, 0x00, 0x00, 0x00, 0x00, 0x00, 0x00, 0x00, 0x00,
	0x00, 0x00, 0x00, 0x00, 0x00, 0x00, 0x00, 0x00, 0x00, 0x00, 0x00, 0x00, 0x00, 0x00, 0x00, 0x00,
	0x00, 0x00, 0x00, 0x00, 0x00, 0x00, 0x00, 0x00, 0x00, 0x00, 0x00, 0x00, 0x00, 0x00, 0x00, 0x00,
	0x00, 0x00, 0x00, 0x00, 0x00, 0x00, 0x00, 0x00, 0x00, 0x00, 0x00, 0x00, 0x00, 0x00, 0x00, 0x00,
	0x00, 0x00, 0x00, 0x00, 0x00, 0x00, 0x00, 0x00, 0x00, 0x00, 0x00, 0x00, 0x00, 0x00, 0x00, 0x00,
	0x00, 0x00, 0x00, 0x00, 0x00, 0x00, 0x00, 0x00, 0x00, 0x00, 0x00, 0x00, 0x00, 0x00, 0x00, 0x00,
	0x00, 0x00, 0x00, 0x00, 0x00, 0x00, 0x00, 0x00, 0x00, 0x00, 0x00, 0x00, 0x00, 0x00, 0x00, 0x00,
	0x00, 0x00, 0x00, 0x00, 0x00, 0x00, 0x00, 0x00, 0x00, 0x00, 0x00, 0x00, 0x00, 0x00, 0x00, 0x00,
	0x00, 0x00, 0x00, 0x00, 0x00, 0x00, 0x00, 0x00, 0x00, 0x00, 0x00, 0x00, 0x00, 0x00, 0x00, 0x00,
	0x00, 0x00, 0x00, 0x00, 0x00, 0x00, 0x00, 0x00, 0x00, 0x00, 0x00, 0x00, 0x00, 0x00, 0x00, 0x00,
	0x00, 0x00, 0x00, 0x00, 0x00, 0x00, 0x00, 0x00, 0x00, 0x00, 0x00, 0x00, 0x00, 0x00, 0x00, 0x00,
	0x00, 0x00, 0x00, 0x00, 0x00, 0x00, 0x00, 0x00, 0x00, 0x00, 0x00, 0x00, 0x00, 0x00, 0x00, 0x00,
	0x00, 0x00, 0x00, 0x00, 0x00, 0x00, 0x00, 0x00, 0x00, 0x00, 0x00, 0x00, 0x00, 0x00, 0x00, 0x00,
	0x00, 0x00, 0x00, 0x00, 0x00, 0x00, 0x00, 0x00, 0x00, 0x00, 0x00, 0x00, 0x00, 0x00, 0x00, 0x00,
	0x00, 0x00, 0x00, 0x00, 0x00, 0x00, 0x00, 0x00, 0x00, 0x00, 0x00, 0x00, 0x00, 0x00, 0x00, 0x00,
	0x00, 0x00, 0x00, 0x00, 0x00, 0x00, 0x00, 0x00, 0x00, 0x00, 0x00, 0x00, 0x00, 0x00, 0x00, 0x00,
	0x00, 0x00, 0x00, 0x00, 0x00, 0x00, 0x00, 0x00, 0x00, 0x00, 0x00, 0x00, 0x00, 0x00, 0x00, 0x00,
	0x00, 0x00, 0x00, 0x00, 0x00, 0x00, 0x00, 0x00, 0x00, 0x00, 0x00, 0x00, 0x00, 0x00, 0x00, 0x00,
	0x00, 0x00, 0x00, 0x00, 0x00, 0x00, 0x00, 0x00, 0x00, 0x00, 0x00, 0x00, 0x00, 0x00, 0x00, 0x00,
	0x00, 0x00, 0x00, 0x00, 0x00, 0x00, 0x00, 0x00, 0x00, 0x00, 0x00, 0x00, 0x00, 0x00, 0x00, 0x00,
	0x00, 0x00, 0x00, 0x00, 0x00, 0x00, 0x00, 0x00, 0x00, 0x00, 0x00, 0x00, 0x00, 0x00, 0x00, 0x00,
	0x00, 0x00, 0x00, 0x00, 0x00, 0x00, 0x00, 0x00, 0x00, 0x00, 0x00, 0x00, 0x00, 0x00, 0x00, 0x00,
	0x00, 0x00, 0x00, 0x00, 0x00, 0x00, 0x00, 0x00, 0x00, 0x00, 0x00, 0x00, 0x00, 0x00, 0x00, 0x00,
	0x00, 0x00, 0x00, 0x00, 0x00, 0x00, 0x00, 0x00, 0x00, 0x00, 0x00, 0x00, 0x00, 0x00, 0x00, 0x00,
	0x00, 0x00, 0x00, 0x00, 0x00, 0x00, 0x00, 0x00, 0x00, 0x00, 0x00, 0x00, 0x00, 0x00, 0x00, 0x00,
	0x00, 0x00, 0x00, 0x00, 0x00, 0x00, 0x00, 0x00, 0x00, 0x00, 0x00, 0x00, 0x00, 0x00, 0x00, 0x00,
	0x00, 0x00, 0x00, 0x00, 0x00, 0x00, 0x00, 0x00, 0x00, 0x00, 0x00, 0x00, 0x00, 0x00, 0x00, 0x00,
	0x00, 0x00, 0x00, 0x00, 0x00, 0x00, 0x00, 0x00, 0x00, 0x00, 0x00, 0x00, 0x00, 0x00, 0x00, 0x00,
	0x00, 0x00, 0x00, 0x00, 0x00, 0x00, 0x00, 0x00, 0x00, 0x00, 0x00, 0x00, 0x00, 0x00, 0x00, 0x00,
	0x00, 0x00, 0x00, 0x00, 0x00, 0x00, 0x00, 0x00, 0x00, 0x00, 0x00, 0x00, 0x00, 0x00, 0x00, 0x00,
	0x00, 0x00, 0x00, 0x00, 0x00, 0x00, 0x00, 0x00, 0x00, 0x00, 0x00, 0x00, 0x00, 0x00, 0x00, 0x00,
	0x00, 0x00, 0x00, 0x00, 0x00, 0x00, 0x00, 0x00, 0x00, 0x00, 0x00, 0x00, 0x00, 0x00, 0x00, 0x00,
	0x00, 0x00, 0x00, 0x00, 0x00, 0x00, 0x00, 0x00, 0x00, 0x00, 0x00, 0x00, 0x00, 0x00, 0x00, 0x00,
	0x00, 0x00, 0x00, 0x00, 0x00, 0x00, 0x00, 0x00, 0x00, 0x00, 0x00, 0x00, 0x00, 0x00, 0x00, 0x00,
	0x00, 0x00, 0x00, 0x00, 0x00, 0x00, 0x00, 0x00, 0x00, 0x00, 0x00, 0x00, 0x00, 0x00, 0x00, 0x00,
	0x00, 0x00, 0x00, 0x00, 0x00, 0x00, 0x00, 0x00, 0x00, 0x00, 0x00, 0x00, 0x00, 0x00, 0x00, 0x00,
	0x00, 0x00, 0x00, 0x00, 0x00, 0x00, 0x00, 0x00, 0x00, 0x00, 0x00, 0x00, 0x00, 0x00, 0x00, 0x00,
	0x00, 0x00, 0x00, 0x00, 0x00, 0x00, 0x00, 0x00, 0x00, 0x00, 0x00, 0x00, 0x00, 0x00, 0x00, 0x00,
	0x00, 0x00, 0x00, 0x00, 0x00, 0x00, 0x00, 0x00, 0x00, 0x00, 0x00, 0x00, 0x00, 0x00, 0x00, 0x00,
	0x00, 0x00, 0x00, 0x00, 0x00, 0x00, 0x00, 0x00, 0x00, 0x00, 0x00, 0x00, 0x00, 0x00, 0x00, 0x00,
	0x00, 0x00, 0x00, 0x00, 0x00, 0x00, 0x00, 0x00, 0x00, 0x00, 0x00, 0x00, 0x00, 0x00, 0x00, 0x00,
	0x00, 0x00, 0x00, 0x00, 0x00, 0x00, 0x00, 0x00, 0x00, 0x00, 0x00, 0x00, 0x00, 0x00, 0x00, 0x00,
	0x00, 0x00, 0x00, 0x00, 0x00, 0x00, 0x00, 0x00, 0x00, 0x00, 0x00, 0x00, 0x00, 0x00, 0x00, 0x00,
	0x00, 0x00, 0x00, 0x00, 0x00, 0x00, 0x00, 0x00, 0x00, 0x00, 0x00, 0x00, 0x00, 0x00, 0x00, 0x00,
	0x00, 0x00, 0x00, 0x00, 0x00, 0x00, 0x00, 0x00, 0x00, 0x00, 0x00, 0x00, 0x00, 0x00, 0x00, 0x00,
	0x00, 0x00, 0x00, 0x00, 0x00, 0x00, 0x00, 0x00, 0x00, 0x00, 0x00, 0x00, 0x00, 0x00, 0x00, 0x00,
	0x00, 0x00, 0x00, 0x00, 0x00, 0x00, 0x00, 0x00, 0x00, 0x00, 0x00, 0x00, 0x00, 0x00, 0x00, 0x00,
	0x00, 0x00, 0x00, 0x00, 0x00, 0x00, 0x00, 0x00, 0x00, 0x00, 0x00, 0x00, 0x00, 0x00, 0x00, 0x00,
	0x00, 0x00, 0x00, 0x00, 0x00, 0x00, 0x00, 0x00, 0x00, 0x00, 0x00, 0x00, 0x00, 0x00, 0x00, 0x00,
	0x00, 0x00, 0x00, 0x00, 0x00, 0x00, 0x00, 0x00, 0x00, 0x00, 0x00, 0x00, 0x00, 0x00, 0x00, 0x00,
	0x00, 0x00, 0x00, 0x00, 0x00, 0x00, 0x00, 0x00, 0x00, 0x00, 0x00, 0x00, 0x00, 0x00, 0x00, 0x00,
	0x00, 0x00, 0x00, 0x00, 0x00, 0x00, 0x00, 0x00, 0x00, 0x00, 0x00, 0x00, 0x00, 0x00, 0x00, 0x00,
	0x00, 0x00, 0x00, 0x00, 0x00, 0x00, 0x00, 0x00, 0x00, 0x00, 0x00, 0x00, 0x00, 0x00, 0x00, 0x00,
	0x00, 0x00, 0x00, 0x00, 0x00, 0x00, 0x00, 0x00, 0x00, 0x00, 0x00, 0x00, 0x00, 0x00, 0x00, 0x00,
	0x00, 0x00, 0x00, 0x00, 0x00, 0x00, 0x00, 0x00, 0x00, 0x00, 0x00, 0x00, 0x00, 0x00, 0x00, 0x00,
	0x00, 0x00, 0x00, 0x00, 0x00, 0x00, 0x00, 0x00, 0x00, 0x00, 0x00, 0x00, 0x00, 0x00, 0x00, 0x00,
	0x00, 0x00, 0x00, 0x00, 0x00, 0x00, 0x00, 0x00, 0x00, 0x00, 0x00, 0x00, 0x00, 0x00, 0x00, 0x00,
	0x00, 0x00, 0x00, 0x00, 0x00, 0x00, 0x00, 0x00, 0x00, 0x00, 0x00, 0x00, 0x00, 0x00, 0x00, 0x00,
	0x00, 0x00, 0x00, 0x00, 0x00, 0x00, 0x00, 0x00, 0x00, 0x00, 0x00, 0x00, 0x00, 0x00, 0x00, 0x00,
	0x00, 0x00, 0x00, 0x00, 0x00, 0x00, 0x00, 0x00, 0x00, 0x00, 0x00, 0x00, 0x00, 0x00, 0x00, 0x00,
	0x00, 0x00, 0x00, 0x00, 0x00, 0x00, 0x00, 0x00, 0x00, 0x00, 0x00, 0x00, 0x00, 0x00, 0x00, 0x00,
	0x00, 0x00, 0x00, 0x00, 0x00, 0x00, 0x00, 0x00, 0x00, 0x00, 0x00, 0x00, 0x00, 0x00, 0x00, 0x00,
	0x00, 0x00, 0x00, 0x00, 0x00, 0x00, 0x00, 0x00, 0x00, 0x00, 0x00, 0x00, 0x00, 0x00, 0x00, 0x00,
	0x00, 0x00, 0x00, 0x00, 0x00, 0x00, 0x00, 0x00, 0x00, 0x00, 0x00, 0x00, 0x00, 0x00, 0x00, 0x00,
	0x00, 0x00, 0x00, 0x00, 0x00, 0x00, 0x00, 0x00, 0x00, 0x00, 0x00, 0x00, 0x00, 0x00, 0x00, 0x00,
	0x00, 0x00, 0x00, 0x00, 0x00, 0x00, 0x00, 0x00, 0x00, 0x00, 0x00, 0x00, 0x00, 0x00, 0x00, 0x00,
	0x00, 0x00, 0x00, 0x00, 0x00, 0x00, 0x00, 0x00, 0x00, 0x00, 0x00, 0x00, 0x00, 0x00, 0x00, 0x00,
	0x00, 0x00, 0x00, 0x00, 0x00, 0x00, 0x00, 0x00, 0x00, 0x00, 0x00, 0x00, 0x00, 0x00, 0x00, 0x00,
	0x00, 0x00, 0x00, 0x00, 0x00, 0x00, 0x00, 0x00, 0x00, 0x00, 0x00, 0x00, 0x00, 0x00, 0x00, 0x00,
	0x00, 0x00, 0x00, 0x00, 0x00, 0x00, 0x00, 0x00, 0x00, 0x00, 0x00, 0x00, 0x00, 0x00, 0x00, 0x00,
	0x00, 0x00, 0x00, 0x00, 0x00, 0x00, 0x00, 0x00, 0x00, 0x00, 0x00, 0x00, 0x00, 0x00, 0x00, 0x00,
	0x00, 0x00, 0x00, 0x00, 0x00, 0x00, 0x00, 0x00, 0x00, 0x00, 0x00, 0x00, 0x00, 0x00, 0x00, 0x00,
	0x00, 0x00, 0x00, 0x00, 0x00, 0x00, 0x00, 0x00, 0x00, 0x00, 0x00, 0x00, 0x00, 0x00, 0x00, 0x00,
	0x00, 0x00, 0x00, 0x00, 0x00, 0x00, 0x00, 0x00, 0x00, 0x00, 0x00, 0x00, 0x00, 0x00, 0x00, 0x00,
	0x00, 0x00, 0x00, 0x00, 0x00, 0x00, 0x00, 0x00, 0x00, 0x00, 0x00, 0x00, 0x00, 0x00, 0x00, 0x00,
	0x00, 0x00, 0x00, 0x00, 0x00, 0x00, 0x00, 0x00, 0x00, 0x00, 0x00, 0x00, 0x00, 0x00, 0x00, 0x00,
	0x00, 0x00, 0x00, 0x00, 0x00, 0x00, 0x00, 0x00, 0x00, 0x00, 0x00, 0x00, 0x00, 0x00, 0x00, 0x00,
	0x00, 0x00, 0x00, 0x00, 0x00, 0x00, 0x00, 0x00, 0x00, 0x00, 0x00, 0x00, 0x00, 0x00, 0x00, 0x00,
	0x00, 0x00, 0x00, 0x00, 0x00, 0x00, 0x00, 0x00, 0x00, 0x00, 0x00, 0x00, 0x00, 0x00, 0x00, 0x00,
	0x00, 0x00, 0x00, 0x00, 0x00, 0x00, 0x00, 0x00, 0x00, 0x00, 0x00, 0x00, 0x00, 0x00, 0x00, 0x00,
	0x00, 0x00, 0x00, 0x00, 0x00, 0x00, 0x00, 0x00, 0x00, 0x00, 0x00, 0x00, 0x00, 0x00, 0x00, 0x00,
	0x00, 0x00, 0x00, 0x00, 0x00, 0x00, 0x00, 0x00, 0x00, 0x00, 0x00, 0x00, 0x00, 0x00, 0x00, 0x00,
	0x00, 0x00, 0x00, 0x00, 0x00, 0x00, 0x00, 0x00, 0x00, 0x00, 0x00, 0x00, 0x00, 0x00, 0x00, 0x00,
	0x00, 0x00, 0x00, 0x00, 0x00, 0x00, 0x00, 0x00, 0x00, 0x00, 0x00, 0x00, 0x00, 0x00, 0x00, 0x00,
	0x00, 0x00, 0x00, 0x00, 0x00, 0x00, 0x00, 0x00, 0x00, 0x00, 0x00, 0x00, 0x00, 0x00, 0x00, 0x00,
	0x00, 0x00, 0x00, 0x00, 0x00, 0x00, 0x00, 0x00, 0x00, 0x00, 0x00, 0x00, 0x00, 0x00, 0x00, 0x00,
	0x00, 0x00, 0x00, 0x00, 0x00, 0x00, 0x00, 0x00, 0x00, 0x00, 0x00, 0x00, 0x00, 0x00, 0x00, 0x00,
	0x00, 0x00, 0x00, 0x00, 0x00, 0x00, 0x00, 0x00, 0x00, 0x00, 0x00, 0x00, 0x00, 0x00, 0x00, 0x00,
	0x00, 0x00, 0x00, 0x00, 0x00, 0x00, 0x00, 0x00, 0x00, 0x00, 0x00, 0x00, 0x00, 0x00, 0x00, 0x00,
	0x00, 0x00, 0x00, 0x00, 0x00, 0x00, 0x00, 0x00, 0x00, 0x00, 0x00, 0x00, 0x00, 0x00, 0x00, 0x00,
	0x00, 0x00, 0x00, 0x00, 0x00, 0x00, 0x00, 0x00, 0x00, 0x00, 0x00, 0x00, 0x00, 0x00, 0x00, 0x00,
	0x00, 0x00, 0x00, 0x00, 0x00, 0x00, 0x00, 0x00, 0x00, 0x00, 0x00, 0x00, 0x00, 0x00, 0x00, 0x00,
	0x00, 0x00, 0x00, 0x00, 0x00, 0x00, 0x00, 0x00, 0x00, 0x00, 0x00, 0x00, 0x00, 0x00, 0x00, 0x00,
	0x00, 0x00, 0x00, 0x00, 0x00, 0x00, 0x00, 0x00, 0x00, 0x00, 0x00, 0x00, 0x00, 0x00, 0x00, 0x00,
	0x00, 0x00, 0x00, 0x00, 0x00, 0x00, 0x00, 0x00, 0x00, 0x00, 0x00, 0x00, 0x00, 0x00, 0x00, 0x00,
	0x00, 0x00, 0x00, 0x00, 0x00, 0x00, 0x00, 0x00, 0x00, 0x00, 0x00, 0x00, 0x00, 0x00, 0x00, 0x00,
	0x00, 0x00, 0x00, 0x00, 0x00, 0x00, 0x00, 0x00, 0x00, 0x00, 0x00, 0x00, 0x00, 0x00, 0x00, 0x00,
	0x00, 0x00, 0x00, 0x00, 0x00, 0x00, 0x00, 0x00, 0x00, 0x00, 0x00, 0x00, 0x00, 0x00, 0x00, 0x00,
	0x00, 0x00, 0x00, 0x00, 0x00, 0x00, 0x00, 0x00, 0x00, 0x00, 0x00, 0x00, 0x00, 0x00, 0x00, 0x00,
	0x00, 0x00, 0x00, 0x00, 0x00, 0x00, 0x00, 0x00, 0x00, 0x00, 0x00, 0x00, 0x00, 0x00, 0x00, 0x00,
	0x00, 0x00, 0x00, 0x00, 0x00, 0x00, 0x00, 0x00, 0x00, 0x00, 0x00, 0x00, 0x00, 0x00, 0x00, 0x00,
	0x00, 0x00, 0x00, 0x00, 0x00, 0x00, 0x00, 0x00, 0x00, 0x00, 0x00, 0x00, 0x00, 0x00, 0x00, 0x00,
	0x00, 0x00, 0x00, 0x00, 0x00, 0x00, 0x00, 0x00, 0x00, 0x00, 0x00, 0x00, 0x00, 0x00, 0x00, 0x00,
	0x00, 0x00, 0x00, 0x00, 0x00, 0x00, 0x00, 0x00, 0x00, 0x00, 0x00, 0x00, 0x00, 0x00, 0x00, 0x00,
	0x00, 0x00, 0x00, 0x00, 0x00, 0x00, 0x00, 0x00, 0x00, 0x00, 0x00, 0x00, 0x00, 0x00, 0x00, 0x00,
	0x00, 0x00, 0x00, 0x00, 0x00, 0x00, 0x00, 0x00, 0x00, 0x00, 0x00, 0x00, 0x00, 0x00, 0x00, 0x00,
	0x00, 0x00, 0x00, 0x00, 0x00, 0x00, 0x00, 0x00, 0x00, 0x00, 0x00, 0x00, 0x00, 0x00, 0x00, 0x00,
	0x00, 0x00, 0x00, 0x00, 0x00, 0x00, 0x00, 0x00, 0x00, 0x00, 0x00, 0x00, 0x00, 0x00, 0x00, 0x00,
	0x00, 0x00, 0x00, 0x00, 0x00, 0x00, 0x00, 0x00, 0x00, 0x00, 0x00, 0x00, 0x00, 0x00, 0x00, 0x00,
	0x00, 0x00, 0x00, 0x00, 0x00, 0x00, 0x00, 0x00, 0x00, 0x00, 0x00, 0x00, 0x00, 0x00, 0x00, 0x00,
	0x00, 0x00, 0x00, 0x00, 0x00, 0x00, 0x00, 0x00, 0x00, 0x00, 0x00, 0x00, 0x00, 0x00, 0x00, 0x00,
	0x00, 0x00, 0x00, 0x00, 0x00, 0x00, 0x00, 0x00, 0x00, 0x00, 0x00, 0x00, 0x00, 0x00, 0x00, 0x00,
	0x00, 0x00, 0x00, 0x00, 0x00, 0x00, 0x00, 0x00, 0x00, 0x00, 0x00, 0x00, 0x00, 0x00, 0x00, 0x00,
	0x00, 0x00, 0x00, 0x00, 0x00, 0x00, 0x00, 0x00, 0x00, 0x00, 0x00, 0x00, 0x00, 0x00, 0x00, 0x00,
	0x00, 0x00, 0x00, 0x00, 0x00, 0x00, 0x00, 0x00, 0x00, 0x00, 0x00, 0x00, 0x00, 0x00, 0x00, 0x00,
	0x00, 0x00, 0x00, 0x00, 0x00, 0x00, 0x00, 0x00, 0x00, 0x00, 0x00, 0x00, 0x00, 0x00, 0x00, 0x00,
	0x00, 0x00, 0x00, 0x00, 0x00, 0x00, 0x00, 0x00, 0x00, 0x00, 0x00, 0x00, 0x00, 0x00, 0x00, 0x00,
	0x00, 0x00, 0x00, 0x00, 0x00, 0x00, 0x00, 0x00, 0x00, 0x00, 0x00, 0x00, 0x00, 0x00, 0x00, 0x00,
	0x00, 0x00, 0x00, 0x00, 0x00, 0x00, 0x00, 0x00, 0x00, 0x00, 0x00, 0x00, 0x00, 0x00, 0x00, 0x00,
	0x00, 0x00, 0x00, 0x00, 0x00, 0x00, 0x00, 0x00, 0x00, 0x00, 0x00, 0x00, 0x00, 0x00, 0x00, 0x00,
	0x00, 0x00, 0x00, 0x00, 0x00, 0x00, 0x00, 0x00, 0x00, 0x00, 0x00, 0x00, 0x00, 0x00, 0x00, 0x00,
	0x00, 0x00, 0x00, 0x00, 0x00, 0x00, 0x00, 0x00, 0x00, 0x00, 0x00, 0x00, 0x00, 0x00, 0x00, 0x00,
	0x00, 0x00, 0x00, 0x00, 0x00, 0x00, 0x00, 0x00, 0x00, 0x00, 0x00, 0x00, 0x00, 0x00, 0x00, 0x00,
	0x00, 0x00, 0x00, 0x00, 0x00, 0x00, 0x00, 0x00, 0x00, 0x00, 0x00, 0x00, 0x00, 0x00, 0x00, 0x00,
	0x00, 0x00, 0x00, 0x00, 0x00, 0x00, 0x00, 0x00, 0x00, 0x00, 0x00, 0x00, 0x00, 0x00, 0x00, 0x00,
	0x00, 0x00, 0x00, 0x00, 0x00, 0x00, 0x00, 0x00, 0x00, 0x00, 0x00, 0x00, 0x00, 0x00, 0x00, 0x00,
	0x00, 0x00, 0x00, 0x00, 0x00, 0x00, 0x00, 0x00, 0x00, 0x00, 0x00, 0x00, 0x00, 0x00, 0x00, 0x00,
	0x00, 0x00, 0x00, 0x00, 0x00, 0x00, 0x00, 0x00, 0x00, 0x00, 0x00, 0x00, 0x00, 0x00, 0x00, 0x00,
	0x00, 0x00, 0x00, 0x00, 0x00, 0x00, 0x00, 0x00, 0x00, 0x00, 0x00, 0x00, 0x00, 0x00, 0x00, 0x00,
	0x00, 0x00, 0x00, 0x00, 0x00, 0x00, 0x00, 0x00, 0x00, 0x00, 0x00, 0x00, 0x00, 0x00, 0x00, 0x00,
	0x00, 0x00, 0x00, 0x00, 0x00, 0x00, 0x00, 0x00, 0x00, 0x00, 0x00, 0x00, 0x00, 0x00, 0x00, 0x00,
	0x00, 0x00, 0x00, 0x00, 0x00, 0x00, 0x00, 0x00, 0x00, 0x00, 0x00, 0x00, 0x00, 0x00, 0x00, 0x00,
	0x00, 0x00, 0x00, 0x00, 0x00, 0x00, 0x00, 0x00, 0x00, 0x00, 0x00, 0x00, 0x00, 0x00, 0x00, 0x00,
	0x00, 0x00, 0x00, 0x00, 0x00, 0x00, 0x00, 0x00, 0x00, 0x00, 0x00, 0x00, 0x00, 0x00, 0x00, 0x00,
	0x00, 0x00, 0x00, 0x00, 0x00, 0x00, 0x00, 0x00, 0x00, 0x00, 0x00, 0x00, 0x00, 0x00, 0x00, 0x00,
	0x00, 0x00, 0x00, 0x00, 0x00, 0x00, 0x00, 0x00, 0x00, 0x00, 0x00, 0x00, 0x00, 0x00, 0x00, 0x00,
	0x00, 0x00, 0x00, 0x00, 0x00, 0x00, 0x00, 0x00, 0x00, 0x00, 0x00, 0x00, 0x00, 0x00, 0x00, 0x00,
	0x00, 0x00, 0x00, 0x00, 0x00, 0x00, 0x00, 0x00, 0x00, 0x00, 0x00, 0x00, 0x00, 0x00, 0x00, 0x00,
	0x00, 0x00, 0x00, 0x00, 0x00, 0x00, 0x00, 0x00, 0x00, 0x00, 0x00, 0x00, 0x00, 0x00, 0x00, 0x00,
	0x00, 0x00, 0x00, 0x00, 0x00, 0x00, 0x00, 0x00, 0x00, 0x00, 0x00, 0x00, 0x00, 0x00, 0x00, 0x00,
	0x00, 0x00, 0x00, 0x00, 0x00, 0x00, 0x00, 0x00, 0x00, 0x00, 0x00, 0x00, 0x00, 0x00, 0x00, 0x00,
	0x00, 0x00, 0x00, 0x00, 0x00, 0x00, 0x00, 0x00, 0x00, 0x00, 0x00, 0x00, 0x00, 0x00, 0x00, 0x00,
	0x00, 0x00, 0x00, 0x00, 0x00, 0x00, 0x00, 0x00, 0x00, 0x00, 0x00, 0x00, 0x00, 0x00, 0x00, 0x00,
	0x00, 0x00, 0x00, 0x00, 0x00, 0x00, 0x00, 0x00, 0x00, 0x00, 0x00, 0x00, 0x00, 0x00, 0x00, 0x00,
	0x00, 0x00, 0x00, 0x00, 0x00, 0x00, 0x00, 0x00, 0x00, 0x00, 0x00, 0x00, 0x00, 0x00, 0x00, 0x00,
	0x00, 0x00, 0x00, 0x00, 0x00, 0x00, 0x00, 0x00, 0x00, 0x00, 0x00, 0x00, 0x00, 0x00, 0x00, 0x00,
	0x00, 0x00, 0x00, 0x00, 0x00, 0x00, 0x00, 0x00, 0x00, 0x00, 0x00, 0x00, 0x00, 0x00, 0x00, 0x00,
	0x00, 0x00, 0x00, 0x00, 0x00, 0x00, 0x00, 0x00, 0x00, 0x00, 0x00, 0x00, 0x00, 0x00, 0x00, 0x00,
	0x00, 0x00, 0x00, 0x00, 0x00, 0x00, 0x00, 0x00, 0x00, 0x00, 0x00, 0x00, 0x00, 0x00, 0x00, 0x00,
	0x00, 0x00, 0x00, 0x00, 0x00, 0x00, 0x00, 0x00, 0x00, 0x00, 0x00, 0x00, 0x00, 0x00, 0x00, 0x00,
	0x00, 0x00, 0x00, 0x00, 0x00, 0x00, 0x00, 0x00, 0x00, 0x00, 0x00, 0x00, 0x00, 0x00, 0x00, 0x00,
	0x00, 0x00, 0x00, 0x00, 0x00, 0x00, 0x00, 0x00, 0x00, 0x00, 0x00, 0x00, 0x00, 0x00, 0x00, 0x00,
	0x00, 0x00, 0x00, 0x00, 0x00, 0x00, 0x00, 0x00, 0x00, 0x00, 0x00, 0x00, 0x00, 0x00, 0x00, 0x00,
	0x00, 0x00, 0x00, 0x00, 0x00, 0x00, 0x00, 0x00, 0x00, 0x00, 0x00, 0x00, 0x00, 0x00, 0x00, 0x00,
	0x00, 0x00, 0x00, 0x00, 0x00, 0x00, 0x00, 0x00, 0x00, 0x00, 0x00, 0x00, 0x00, 0x00, 0x00, 0x00,
	0x00, 0x00, 0x00, 0x00, 0x00, 0x00, 0x00, 0x00, 0x00, 0x00, 0x00, 0x00, 0x00, 0x00, 0x00, 0x00,
	0x00, 0x00, 0x00, 0x00, 0x00, 0x00, 0x00, 0x00, 0x00, 0x00, 0x00, 0x00, 0x00, 0x00, 0x00, 0x00,
	0x00, 0x00, 0x00, 0x00, 0x00, 0x00, 0x00, 0x00, 0x00, 0x00, 0x00, 0x00, 0x00, 0x00, 0x00, 0x00,
	0x00, 0x00, 0x00, 0x00, 0x00, 0x00, 0x00, 0x00, 0x00, 0x00, 0x00, 0x00, 0x00, 0x00, 0x00, 0x00,
	0x00, 0x00, 0x00, 0x00, 0x00, 0x00, 0x00, 0x00, 0x00, 0x00, 0x00, 0x00, 0x00, 0x00, 0x00, 0x00,
	0x00, 0x00, 0x00, 0x00, 0x00, 0x00, 0x00, 0x00, 0x00, 0x00, 0x00, 0x00, 0x00, 0x00, 0x00, 0x00,
	0x00, 0x00, 0x00, 0x00, 0x00, 0x00, 0x00, 0x00, 0x00, 0x00, 0x00, 0x00, 0x00, 0x00, 0x00, 0x00,
	0x00, 0x00, 0x00, 0x00, 0x00, 0x00, 0x00, 0x00, 0x00, 0x00, 0x00, 0x00, 0x00, 0x00, 0x00, 0x00,
	0x00, 0x00, 0x00, 0x00, 0x00, 0x00, 0x00, 0x00, 0x00, 0x00, 0x00, 0x00, 0x00, 0x00, 0x00, 0x00,
	0x00, 0x00, 0x00, 0x00, 0x00, 0x00, 0x00, 0x00, 0x00, 0x00, 0x00, 0x00, 0x00, 0x00, 0x00, 0x00,
	0x00, 0x00, 0x00, 0x00, 0x00, 0x00, 0x00, 0x00, 0x00, 0x00, 0x00, 0x00, 0x00, 0x00, 0x00, 0x00,
	0x00, 0x00, 0x00, 0x00, 0x00, 0x00, 0x00, 0x00, 0x00, 0x00, 0x00, 0x00, 0x00, 0x00, 0x00, 0x00,
	0x00, 0x00, 0x00, 0x00, 0x00, 0x00, 0x00, 0x00, 0x00, 0x00, 0x00, 0x00, 0x00, 0x00, 0x00, 0x00,
	0x00, 0x00, 0x00, 0x00, 0x00, 0x00, 0x00, 0x00, 0x00, 0x00, 0x00, 0x00, 0x00, 0x00, 0x00, 0x00,
	0x00, 0x00, 0x00, 0x00, 0x00, 0x00, 0x00, 0x00, 0x00, 0x00, 0x00, 0x00, 0x00, 0x00, 0x00, 0x00,
	0x00, 0x00, 0x00, 0x00, 0x00, 0x00, 0x00, 0x00, 0x00, 0x00, 0x00, 0x00, 0x00, 0x00, 0x00, 0x00,
	0x00, 0x00, 0x00, 0x00, 0x00, 0x00, 0x00, 0x00, 0x00, 0x00, 0x00, 0x00, 0x00, 0x00, 0x00, 0x00,
	0x00, 0x00, 0x00, 0x00, 0x00, 0x00, 0x00, 0x00, 0x00, 0x00, 0x00, 0x00, 0x00, 0x00, 0x00, 0x00,
	0x00, 0x00, 0x00, 0x00, 0x00, 0x00, 0x00, 0x00, 0x00, 0x00, 0x00, 0x00, 0x00, 0x00, 0x00, 0x00,
	0x00, 0x00, 0x00, 0x00, 0x00, 0x00, 0x00, 0x00, 0x00, 0x00, 0x00, 0x00, 0x00, 0x00, 0x00, 0x00,
	0x00, 0x00, 0x00, 0x00, 0x00, 0x00, 0x00, 0x00, 0x00, 0x00, 0x00, 0x00, 0x00, 0x00, 0x00, 0x00,
	0x00, 0x00, 0x00, 0x00, 0x00, 0x00, 0x00, 0x00, 0x00, 0x00, 0x00, 0x00, 0x00, 0x00, 0x00, 0x00,
	0x00, 0x00, 0x00, 0x00, 0x00, 0x00, 0x00, 0x00, 0x00, 0x00, 0x00, 0x00, 0x00, 0x00, 0x00, 0x00,
	0x00, 0x00, 0x00, 0x00, 0x00, 0x00, 0x00, 0x00, 0x00, 0x00, 0x00, 0x00, 0x00, 0x00, 0x00, 0x00,
	0x00, 0x00, 0x00, 0x00, 0x00, 0x00, 0x00, 0x00, 0x00, 0x00, 0x00, 0x00, 0x00, 0x00, 0x00, 0x00,
	0x00, 0x00, 0x00, 0x00, 0x00, 0x00, 0x00, 0x00, 0x00, 0x00, 0x00, 0x00, 0x00, 0x00, 0x00, 0x00,
	0x00, 0x00, 0x00, 0x00, 0x00, 0x00, 0x00, 0x00, 0x00, 0x00, 0x00, 0x00, 0x00, 0x00, 0x00, 0x00,
	0x00, 0x00, 0x00, 0x00, 0x00, 0x00, 0x00, 0x00, 0x00, 0x00, 0x00, 0x00, 0x00, 0x00, 0x00, 0x00,
	0x00, 0x00, 0x00, 0x00, 0x00, 0x00, 0x00, 0x00, 0x00, 0x00, 0x00, 0x00, 0x00, 0x00, 0x00, 0x00,
	0x00, 0x00, 0x00, 0x00, 0x00, 0x00, 0x00, 0x00, 0x00, 0x00, 0x00, 0x00, 0x00, 0x00, 0x00, 0x00,
	0x00, 0x00, 0x00, 0x00, 0x00, 0x00, 0x00, 0x00, 0x00, 0x00, 0x00, 0x00, 0x00, 0x00, 0x00, 0x00,
	0x00, 0x00, 0x00, 0x00, 0x00, 0x00, 0x00, 0x00, 0x00, 0x00, 0x00, 0x00, 0x00, 0x00, 0x00, 0x00,
	0x00, 0x00, 0x00, 0x00, 0x00, 0x00, 0x00, 0x00, 0x00, 0x00, 0x00, 0x00, 0x00, 0x00, 0x00, 0x00,
	0x00, 0x00, 0x00, 0x00, 0x00, 0x00, 0x00, 0x00, 0x00, 0x00, 0x00, 0x00, 0x00, 0x00, 0x00, 0x00,
	0x00, 0x00, 0x00, 0x00, 0x00, 0x00, 0x00, 0x00, 0x00, 0x00, 0x00, 0x00, 0x00, 0x00, 0x00, 0x00,
	0x00, 0x00, 0x00, 0x00, 0x00, 0x00, 0x00, 0x00, 0x00, 0x00, 0x00, 0x00, 0x00, 0x00, 0x00, 0x00,
	0x00, 0x00, 0x00, 0x00, 0x00, 0x00, 0x00, 0x00, 0x00, 0x00, 0x00, 0x00, 0x00, 0x00, 0x00, 0x00,
	0x00, 0x00, 0x00, 0x00, 0x00, 0x00, 0x00, 0x00, 0x00, 0x00, 0x00, 0x00, 0x00, 0x00, 0x00, 0x00,
	0x00, 0x00, 0x00, 0x00, 0x00, 0x00, 0x00, 0x00, 0x00, 0x00, 0x00, 0x00, 0x00, 0x00, 0x00, 0x00,
	0x00, 0x00, 0x00, 0x00, 0x00, 0x00, 0x00, 0x00, 0x00, 0x00, 0x00, 0x00, 0x00, 0x00, 0x00, 0x00,
	0x00, 0x00, 0x00, 0x00, 0x00, 0x00, 0x00, 0x00, 0x00, 0x00, 0x00, 0x00, 0x00, 0x00, 0x00, 0x00,
	0x00, 0x00, 0x00, 0x00, 0x00, 0x00, 0x00, 0x00, 0x00, 0x00, 0x00, 0x00, 0x00, 0x00, 0x00, 0x00,
	0x00, 0x00, 0x00, 0x00, 0x00, 0x00, 0x00, 0x00, 0x00, 0x00, 0x00, 0x00, 0x00, 0x00, 0x00, 0x00,
	0x00, 0x00, 0x00, 0x00, 0x00, 0x00, 0x00, 0x00, 0x00, 0x00, 0x00, 0x00, 0x00, 0x00, 0x00, 0x00,
	0x00, 0x00, 0x00, 0x00, 0x00, 0x00, 0x00, 0x00, 0x00, 0x00, 0x00, 0x00, 0x00, 0x00, 0x00, 0x00,
	0x00, 0x00, 0x00, 0x00, 0x00, 0x00, 0x00, 0x00, 0x00, 0x00, 0x00, 0x00, 0x00, 0x00, 0x00, 0x00,
	0x00, 0x00, 0x00, 0x00, 0x00, 0x00, 0x00, 0x00, 0x00, 0x00, 0x00, 0x00, 0x00, 0x00, 0x00, 0x00,
	0x00, 0x00, 0x00, 0x00, 0x00, 0x00, 0x00, 0x00, 0x00, 0x00, 0x00, 0x00, 0x00, 0x00, 0x00, 0x00,
	0x00, 0x00, 0x00, 0x00, 0x00, 0x00, 0x00, 0x00, 0x00, 0x00, 0x00, 0x00, 0x00, 0x00, 0x00, 0x00,
	0x00, 0x00, 0x00, 0x00, 0x00, 0x00, 0x00, 0x00, 0x00, 0x00, 0x00, 0x00, 0x00, 0x00, 0x00, 0x00,
	0x00, 0x00, 0x00, 0x00, 0x00, 0x00, 0x00, 0x00, 0x00, 0x00, 0x00, 0x00, 0x00, 0x00, 0x00, 0x00,
	0x00, 0x00, 0x00, 0x00, 0x00, 0x00, 0x00, 0x00, 0x00, 0x00, 0x00, 0x00, 0x00, 0x00, 0x00, 0x00,
	0x00, 0x00, 0x00, 0x00, 0x00, 0x00, 0x00, 0x00, 0x00, 0x00, 0x00, 0x00, 0x00, 0x00, 0x00, 0x00,
	0x00, 0x00, 0x00, 0x00, 0x00, 0x00, 0x00, 0x00, 0x00, 0x00, 0x00, 0x00, 0x00, 0x00, 0x00, 0x00,
	0x00, 0x00, 0x00, 0x00, 0x00, 0x00, 0x00, 0x00, 0x00, 0x00, 0x00, 0x00, 0x00, 0x00, 0x00, 0x00,
	0x00, 0x00, 0x00, 0x00, 0x00, 0x00, 0x00, 0x00, 0x00, 0x00, 0x00, 0x00, 0x00, 0x00, 0x00, 0x00,
	0x00, 0x00, 0x00, 0x00, 0x00, 0x00, 0x00, 0x00, 0x00, 0x00, 0x00, 0x00, 0x00, 0x00, 0x00, 0x00,
	0x00, 0x00, 0x00, 0x00, 0x00, 0x00, 0x00, 0x00, 0x00, 0x00, 0x00, 0x00, 0x00, 0x00, 0x00, 0x00,
	0x00, 0x00, 0x00, 0x00, 0x00, 0x00, 0x00, 0x00, 0x00, 0x00, 0x00, 0x00, 0x00, 0x00, 0x00, 0x00,
	0x00, 0x00, 0x00, 0x00, 0x00, 0x00, 0x00, 0x00, 0x00, 0x00, 0x00, 0x00, 0x00, 0x00, 0x00, 0x00,
	0x00, 0x00, 0x00, 0x00, 0x00, 0x00, 0x00, 0x00, 0x00, 0x00, 0x00, 0x00, 0x00, 0x00, 0x00, 0x00,
	0x00, 0x00, 0x00, 0x00, 0x00, 0x00, 0x00, 0x00, 0x00, 0x00, 0x00, 0x00, 0x00, 0x00, 0x00, 0x00,
	0x00, 0x00, 0x00, 0x00, 0x00, 0x00, 0x00, 0x00, 0x00, 0x00, 0x00, 0x00, 0x00, 0x00, 0x00, 0x00,
	0x00, 0x00, 0x00, 0x00, 0x00, 0x00, 0x00, 0x00, 0x00, 0x00, 0x00, 0x00, 0x00, 0x00, 0x00, 0x00,
	0x00, 0x00, 0x00, 0x00, 0x00, 0x00, 0x00, 0x00, 0x00, 0x00, 0x00, 0x00, 0x00, 0x00, 0x00, 0x00,
	0x00, 0x00, 0x00, 0x00, 0x00, 0x00, 0x00, 0x00, 0x00, 0x00, 0x00, 0x00, 0x00, 0x00, 0x00, 0x00,
	0x00, 0x00, 0x00, 0x00, 0x00, 0x00, 0x00, 0x00, 0x00, 0x00, 0x00, 0x00, 0x00, 0x00, 0x00, 0x00,
	0x00, 0x00, 0x00, 0x00, 0x00, 0x00, 0x00, 0x00, 0x00, 0x00, 0x00, 0x00, 0x00, 0x00, 0x00, 0x00,
	0x00, 0x00, 0x00, 0x00, 0x00, 0x00, 0x00, 0x00, 0x00, 0x00, 0x00, 0x00, 0x00, 0x00, 0x00, 0x00,
	0x00, 0x00, 0x00, 0x00, 0x00, 0x00, 0x00, 0x00, 0x00, 0x00, 0x00, 0x00, 0x00, 0x00, 0x00, 0x00,
	0x00, 0x00, 0x00, 0x00, 0x00, 0x00, 0x00, 0x00, 0x00, 0x00, 0x00, 0x00, 0x00, 0x00, 0x00, 0x00,
	0x00, 0x00, 0x00, 0x00, 0x00, 0x00, 0x00, 0x00, 0x00, 0x00, 0x00, 0x00, 0x00, 0x00, 0x00, 0x00,
	0x00, 0x00, 0x00, 0x00, 0x00, 0x00, 0x00, 0x00, 0x00, 0x00, 0x00, 0x00, 0x00, 0x00, 0x00, 0x00,
	0x00, 0x00, 0x00, 0x00, 0x00, 0x00, 0x00, 0x00, 0x00, 0x00, 0x00, 0x00, 0x00, 0x00, 0x00, 0x00,
	0x00, 0x00, 0x00, 0x00, 0x00, 0x00, 0x00, 0x00, 0x00, 0x00, 0x00, 0x00, 0x00, 0x00, 0x00, 0x00,
	0x00, 0x00, 0x00, 0x00, 0x00, 0x00, 0x00, 0x00, 0x00, 0x00, 0x00, 0x00, 0x00, 0x00, 0x00, 0x00,
	0x00, 0x00, 0x00, 0x00, 0x00, 0x00, 0x00, 0x00, 0x00, 0x00, 0x00, 0x00, 0x00, 0x00, 0x00, 0x00,
	0x00, 0x00, 0x00, 0x00, 0x00, 0x00, 0x00, 0x00, 0x00, 0x00, 0x00, 0x00, 0x00, 0x00, 0x00, 0x00,
	0x00, 0x00, 0x00, 0x00, 0x00, 0x00, 0x00, 0x00, 0x00, 0x00, 0x00, 0x00, 0x00, 0x00, 0x00, 0x00,
	0x00, 0x00, 0x00, 0x00, 0x00, 0x00, 0x00, 0x00, 0x00, 0x00, 0x00, 0x00, 0x00, 0x00, 0x00, 0x00,
	0x00, 0x00, 0x00, 0x00, 0x00, 0x00, 0x00, 0x00, 0x00, 0x00, 0x00, 0x00, 0x00, 0x00, 0x00, 0x00,
	0x00, 0x00, 0x00, 0x00, 0x00, 0x00, 0x00, 0x00, 0x00, 0x00, 0x00, 0x00, 0x00, 0x00, 0x00, 0x00,
	0x00, 0x00, 0x00, 0x00, 0x00, 0x00, 0x00, 0x00, 0x00, 0x00, 0x00, 0x00, 0x00, 0x00, 0x00, 0x00,
	0x00, 0x00, 0x00, 0x00, 0x00, 0x00, 0x00, 0x00, 0x00, 0x00, 0x00, 0x00, 0x00, 0x00, 0x00, 0x00,
	0x00, 0x00, 0x00, 0x00, 0x00, 0x00, 0x00, 0x00, 0x00, 0x00, 0x00, 0x00, 0x00, 0x00, 0x00, 0x00,
	0x00, 0x00, 0x00, 0x00, 0x00, 0x00, 0x00, 0x00, 0x00, 0x00, 0x00, 0x00, 0x00, 0x00, 0x00, 0x00,
	0x00, 0x00, 0x00, 0x00, 0x00, 0x00, 0x00, 0x00, 0x00, 0x00, 0x00, 0x00, 0x00, 0x00, 0x00, 0x00,
	0x00, 0x00, 0x00, 0x00, 0x00, 0x00, 0x00, 0x00, 0x00, 0x00, 0x00, 0x00, 0x00, 0x00, 0x00, 0x00,
	0x00, 0x00, 0x00, 0x00, 0x00, 0x00, 0x00, 0x00, 0x00, 0x00, 0x00, 0x00, 0x00, 0x00, 0x00, 0x00,
	0x00, 0x00, 0x00, 0x00, 0x00, 0x00, 0x00, 0x00, 0x00, 0x00, 0x00, 0x00, 0x00, 0x00, 0x00, 0x00,
	0x00, 0x00, 0x00, 0x00, 0x00, 0x00, 0x00, 0x00, 0x00, 0x00, 0x00, 0x00, 0x00, 0x00, 0x00, 0x00,
	0x00, 0x00, 0x00, 0x00, 0x00, 0x00, 0x00, 0x00, 0x00, 0x00, 0x00, 0x00, 0x00, 0x00, 0x00, 0x00,
	0x00, 0x00, 0x00, 0x00, 0x00, 0x00, 0x00, 0x00, 0x00, 0x00, 0x00, 0x00, 0x00, 0x00, 0x00, 0x00,
	0x00, 0x00, 0x00, 0x00, 0x00, 0x00, 0x00, 0x00, 0x00, 0x00, 0x00, 0x00, 0x00, 0x00, 0x00, 0x00,
	0x00, 0x00, 0x00, 0x00, 0x00, 0x00, 0x00, 0x00, 0x00, 0x00, 0x00, 0x00, 0x00, 0x00, 0x00, 0x00,
	0x00, 0x00, 0x00, 0x00, 0x00, 0x00, 0x00, 0x00, 0x00, 0x00, 0x00, 0x00, 0x00, 0x00, 0x00, 0x00,
	0x00, 0x00, 0x00, 0x00, 0x00, 0x00, 0x00, 0x00, 0x00, 0x00, 0x00, 0x00, 0x00, 0x00, 0x00, 0x00,
	0x00, 0x00, 0x00, 0x00, 0x00, 0x00, 0x00, 0x00, 0x00, 0x00, 0x00, 0x00, 0x00, 0x00, 0x00, 0x00,
	0x00, 0x00, 0x00, 0x00, 0x00, 0x00, 0x00, 0x00, 0x00, 0x00, 0x00, 0x00, 0x00, 0x00, 0x00, 0x00,
	0x00, 0x00, 0x00, 0x00, 0x00, 0x00, 0x00, 0x00, 0x00, 0x00, 0x00, 0x00, 0x00, 0x00, 0x00, 0x00,
	0x00, 0x00, 0x00, 0x00, 0x00, 0x00, 0x00, 0x00, 0x00, 0x00, 0x00, 0x00, 0x00, 0x00, 0x00, 0x00,
	0x00, 0x00, 0x00, 0x00, 0x00, 0x00, 0x00, 0x00, 0x00, 0x00, 0x00, 0x00, 0x00, 0x00, 0x00, 0x00,
	0x00, 0x00, 0x00, 0x00, 0x00, 0x00, 0x00, 0x00, 0x00, 0x00, 0x00, 0x00, 0x00, 0x00, 0x00, 0x00,
	0x00, 0x00, 0x00, 0x00, 0x00, 0x00, 0x00, 0x00, 0x00, 0x00, 0x00, 0x00, 0x00, 0x00, 0x00, 0x00,
	0x00, 0x00, 0x00, 0x00, 0x00, 0x00, 0x00, 0x00, 0x00, 0x00, 0x00, 0x00, 0x00, 0x00, 0x00, 0x00,
	0x00, 0x00, 0x00, 0x00, 0x00, 0x00, 0x00, 0x00, 0x00, 0x00, 0x00, 0x00, 0x00, 0x00, 0x00, 0x00,
	0x00, 0x00, 0x00, 0x00, 0x00, 0x00, 0x00, 0x00, 0x00, 0x00, 0x00, 0x00, 0x00, 0x00, 0x00, 0x00,
	0x00, 0x00, 0x00, 0x00, 0x00, 0x00, 0x00, 0x00, 0x00, 0x00, 0x00, 0x00, 0x00, 0x00, 0x00, 0x00,
	0x00, 0x00, 0x00, 0x00, 0x00, 0x00, 0x00, 0x00, 0x00, 0x00, 0x00, 0x00, 0x00, 0x00, 0x00, 0x00,
	0x00, 0x01, 0x00, 0x00, 0x00, 0x00, 0x00, 0x00, 0x00, 0x00, 0x00, 0x00, 0x00, 0x00, 0x00, 0x00,
	0x00, 0x00, 0x00, 0x00, 0x00, 0x00, 0x00, 0x00, 0x00, 0x00, 0x00, 0x00, 0x00, 0x00, 0x00, 0x00,
	0x00, 0x00, 0x00, 0x00, 0x00, 0x00, 0x00, 0x00, 0x00, 0x00, 0x00, 0x00, 0x00, 0x00, 0x00, 0x00,
	0x00, 0x00, 0x00, 0x00, 0x00, 0x00, 0x00, 0x00, 0x00, 0x00, 0x00, 0x00, 0x00, 0x00, 0x00, 0x00,
	0x00, 0x00, 0x00, 0x00, 0x00, 0x00, 0x00, 0x00, 0x00, 0x00, 0x00, 0x00, 0x00, 0x00, 0x00, 0x00,
	0x00, 0x00, 0x00, 0x00, 0x00, 0x00, 0x00, 0x00, 0x00, 0x00, 0x00, 0x00, 0x00, 0x00, 0x00, 0x00,
	0x00, 0x00, 0x00, 0x00, 0x00, 0x00, 0x00, 0x00, 0x00, 0x00, 0x00, 0x00, 0x00, 0x00, 0x00, 0x00,
	0x00, 0x00, 0x00, 0x00, 0x00, 0x00, 0x00, 0x00, 0x00, 0x00, 0x00, 0x00, 0x00, 0x00, 0x00, 0x00,
	0x00, 0x00, 0x00, 0x00, 0x00, 0x00, 0x00, 0x00, 0x00, 0x00, 0x00, 0x00, 0x00, 0x00, 0x00, 0x00,
	0x00, 0x00, 0x00, 0x00, 0x00, 0x00, 0x00, 0x00, 0x00, 0x00, 0x00, 0x00, 0x00, 0x00, 0x00, 0x00,
	0x00, 0x00, 0x00, 0x00, 0x00, 0x00, 0x00, 0x00, 0x00, 0x00, 0x00, 0x00, 0x00, 0x00, 0x00, 0x00,
	0x00, 0x00, 0x00, 0x00, 0x00, 0x00, 0x00, 0x00, 0x00, 0x00, 0x00, 0x00, 0x00, 0x00, 0x00, 0x00,
	0x00, 0x00, 0x00, 0x00, 0x00, 0x00, 0x00, 0x00, 0x00, 0x00, 0x00, 0x00, 0x00, 0x00, 0x00, 0x00,
	0x00, 0x00, 0x00, 0x00, 0x00, 0x00, 0x00, 0x00, 0x00, 0x00, 0x00, 0x00, 0x00, 0x00, 0x00, 0x00,
	0x00, 0x00, 0x00, 0x00, 0x00, 0x00, 0x00, 0x00, 0x00, 0x00, 0x00, 0x00, 0x00, 0x00, 0x00, 0x00,
	0x00, 0x00, 0x00, 0x00, 0x00, 0x00, 0x00, 0x00, 0x00, 0x00, 0x00, 0x00, 0x00, 0x00, 0x00, 0x00,
	0x00, 0x00, 0x00, 0x00, 0x00, 0x00, 0x00, 0x00, 0x00, 0x00, 0x00, 0x00, 0x00, 0x00, 0x00, 0x00,
	0x00, 0x00, 0x00, 0x00, 0xec, 0x81, 0x00, 0x00, 0x24, 0x00, 0x00, 0x00, 0x00, 0x00, 0x00, 0x00,
	0x00, 0x00, 0x00, 0x00, 0x00, 0x00, 0x00, 0x00, 0x00, 0x00, 0x00, 0x00, 0x00, 0x00, 0x00, 0x00,
	0x00, 0x00, 0x00, 0x00, 0x00, 0x00, 0x00, 0x00, 0x00, 0x00, 0x00, 0x00, 0x00, 0x00, 0x00, 0x00,
	0x00, 0x00, 0x00, 0x00, 0x00, 0x00, 0x00, 0x00, 0x00, 0x00, 0x00, 0x00, 0x00, 0x00, 0x00, 0x00,
	0x00, 0x00, 0x00, 0x00, 0x00, 0x00, 0x00, 0x00, 0x00, 0x00, 0x00, 0x00, 0x00, 0x00, 0x00, 0x00,
	0x00, 0x00, 0x00, 0x00, 0x00, 0x00, 0x00, 0x00, 0x00, 0x00, 0x00, 0x00, 0x00, 0x00, 0x00, 0x00,
	0x00, 0x00, 0x00, 0x00, 0x00, 0x00, 0x00, 0x00, 0x00, 0x00, 0x00, 0x00, 0x00, 0x00, 0x00, 0x00,
	0x00, 0x00, 0x00, 0x00, 0x00, 0x00, 0x00, 0x00, 0x00, 0x00, 0x00, 0x00, 0x00, 0x00, 0x00, 0x00,
	0x00, 0x00, 0x00, 0x00, 0x00, 0x00, 0x00, 0x00, 0x00, 0x00, 0x00, 0x00, 0x00, 0x00, 0x00, 0x00,
	0x00, 0x00, 0x00, 0x00, 0x00, 0x00, 0x00, 0x00, 0x00, 0x00, 0x00, 0x00, 0x00, 0x00, 0x00, 0x00,
	0x00, 0x00, 0x00, 0x00, 0x00, 0x00, 0x00, 0x00, 0x00, 0x00, 0x00, 0x00, 0x00, 0x00, 0x00, 0x00,
	0x00, 0x00, 0x00, 0x00, 0x00, 0x00, 0x00, 0x00, 0x00, 0x00, 0x00, 0x00, 0x00, 0x00, 0x00, 0x00,
	0x00, 0x00, 0x00, 0x00, 0x00, 0x00, 0x00, 0x00, 0x00, 0x00, 0x00, 0x00, 0x00, 0x00, 0x00, 0x00,
	0x00, 0x00, 0x00, 0x00, 0x00, 0x00, 0x00, 0x00, 0x00, 0x00, 0x00, 0x00, 0x00, 0x00, 0x00, 0x00,
	0x00, 0x00, 0x00, 0x00, 0x00, 0x00, 0x00, 0x00, 0x00, 0x00, 0x00, 0x00, 0x00, 0x00, 0x00, 0x00,
	0x00, 0x00, 0x00, 0x00, 0x00, 0x00, 0x00, 0x00, 0x00, 0x00, 0x00, 0x00, 0x00, 0x00, 0x00, 0x00,
	0x00, 0x00, 0x00, 0x00, 0x00, 0x00, 0x00, 0x00, 0x00, 0x00, 0x00, 0x00, 0x00, 0x00, 0x00, 0x00,
	0x00, 0x00, 0x00, 0x00, 0x00, 0x00, 0x00, 0x00, 0x00, 0x00, 0x00, 0x00, 0x00, 0x00, 0x00, 0x00,
	0x00, 0x00, 0x00, 0x00, 0x00, 0x00, 0x00, 0x00, 0x00, 0x00, 0x00, 0x00, 0x00, 0x00, 0x00, 0x00,
	0x00, 0x00, 0x00, 0x00, 0x00, 0x00, 0x00, 0x00, 0x00, 0x00, 0x00, 0x00, 0x00, 0x00, 0x00, 0x00,
	0x00, 0x00, 0x00, 0x00, 0x00, 0x00, 0x00, 0x00, 0x00, 0x00, 0x00, 0x00, 0x00, 0x00, 0x00, 0x00,
	0x00, 0x00, 0x00, 0x00, 0x00, 0x00, 0x00, 0x00, 0x00, 0x00, 0x00, 0x00, 0x00, 0x00, 0x00, 0x00,
	0x00, 0x00, 0x00, 0x00, 0x00, 0x00, 0x00, 0x00, 0x00, 0x00, 0x00, 0x00, 0x00, 0x00, 0x00, 0x00,
	0x00, 0x00, 0x00, 0x00, 0x00, 0x00, 0x00, 0x00, 0x00, 0x00, 0x00, 0x00, 0x00, 0x00, 0x00, 0x00,
	0x00, 0x00, 0x00, 0x00, 0x00, 0x00, 0x00, 0x00, 0x00, 0x00, 0x00, 0x00, 0x00, 0x00, 0x00, 0x00,
	0x00, 0x00, 0x00, 0x00, 0x00, 0x00, 0x00, 0x00, 0x00, 0x00, 0x00, 0x00, 0x00, 0x00, 0x00, 0x00,
	0x42, 0x41, 0x4c, 0x4c, 0x41, 0x52, 0x44, 0x5f, 0x53, 0x59, 0x4e, 0x45, 0x52, 0x47, 0x59, 0x5f,
	0x52, 0x4f, 0x4d, 0x5f, 0x53, 0x00, 0x00, 0x00, 0x00, 0x00, 0x00, 0x00, 0x00, 0x00, 0x00, 0x00,
	0x00, 0x00, 0x00, 0x00, 0x00, 0x00, 0x00, 0x00, 0x00, 0x00, 0x00, 0x00, 0x00, 0x00, 0x00, 0x00,
	0x00, 0x00, 0x00, 0x00, 0x00, 0x00, 0x00, 0x00, 0x00, 0x00, 0x00, 0x00, 0x00, 0x00, 0x00, 0x00,
	0x00, 0x00, 0x00, 0x00, 0x00, 0x00, 0x00, 0x00, 0x00, 0x00, 0x00, 0x00, 0x00, 0x00, 0x00, 0x00,
	0x00, 0x00, 0x00, 0x00, 0x00, 0x00, 0x00, 0x00, 0x00, 0x00, 0x00, 0x00, 0x00, 0x00, 0x00, 0x00,
	0x00, 0x00, 0x00, 0x00, 0x00, 0x00, 0x00, 0x00, 0x00, 0x00, 0x00, 0x00, 0x00, 0x00, 0x00, 0x00,
	0x00, 0x00, 0x00, 0x00, 0x00, 0x00, 0x00, 0x00, 0x00, 0x00, 0x00, 0x00, 0x00, 0x00, 0x00, 0x00,
	0x00, 0x00, 0x00, 0x00, 0x00, 0x00, 0x00, 0x00, 0x00, 0x00, 0x00, 0x00, 0x00, 0x00, 0x00, 0x00,
	0x00, 0x00, 0x00, 0x00, 0x00, 0x00, 0x00, 0x00, 0x00, 0x00, 0x00, 0x00, 0x00, 0x00, 0x00, 0x00,
	0x00, 0x00, 0x00, 0x00, 0x00, 0x00, 0x00, 0x00, 0x00, 0x00, 0x00, 0x00, 0x00, 0x00, 0x00, 0x00,
	0x00, 0x00, 0x00, 0x00, 0x00, 0x00, 0x00, 0x00, 0x00, 0x00, 0x00, 0x00, 0x00, 0x00, 0x00, 0x00,
	0x00, 0x00, 0x00, 0x00, 0x00, 0x00, 0x00, 0x00, 0x00, 0x00, 0x00, 0x00, 0x00, 0x00, 0x00, 0x00,
	0x00, 0x00, 0x00, 0x00, 0x00, 0x00, 0x00, 0x00, 0x00, 0x00, 0x00, 0x00, 0x00, 0x00, 0x00, 0x00,
	0x00, 0x00, 0x00, 0x00, 0x00, 0x00, 0x00, 0x00, 0x00, 0x00, 0x00, 0x00, 0x00, 0x00, 0x00, 0x00,
	0x00, 0x00, 0x00, 0x00, 0x00, 0x00, 0x00, 0x00, 0x00, 0x00, 0x00, 0x00, 0x00, 0x00, 0x00, 0x00,
	0x00, 0x00, 0x00, 0x00, 0x00, 0x00, 0x00, 0x00, 0x00, 0x00, 0x00, 0x00, 0x00, 0x00, 0x00, 0x00,
	0x00, 0x00, 0x00, 0x00, 0x00, 0x00, 0x00, 0x00, 0x00, 0x00, 0x00, 0x00, 0x00, 0x00, 0x00, 0x00,
	0x00, 0x00, 0x00, 0x00, 0x00, 0x00, 0x00, 0x00, 0x00, 0x00, 0x00, 0x00, 0x00, 0x00, 0x00, 0x00,
	0x00, 0x00, 0x00, 0x00, 0x00, 0x00, 0x00, 0x00, 0x00, 0x00, 0x00, 0x00, 0x00, 0x00, 0x00, 0x00,
	0x00, 0x00, 0x00, 0x00, 0x00, 0x00, 0x00, 0x00, 0x00, 0x00, 0x00, 0x00, 0x00, 0x00, 0x00, 0x00,
	0x00, 0x00, 0x00, 0x00, 0x00, 0x00, 0x00, 0x00, 0x00, 0x00, 0x00, 0x00, 0x00, 0x00, 0x00, 0x00,
	0x00, 0x00, 0x00, 0x00, 0x00, 0x00, 0x00, 0x00, 0x00, 0x00, 0x00, 0x00, 0x00, 0x00, 0x00, 0x00,
	0x00, 0x00, 0x00, 0x00, 0x00, 0x00, 0x00, 0x00, 0x00, 0x00, 0x00, 0x00, 0x00, 0x00, 0x00, 0x00,
	0x00, 0x00, 0x00, 0x00, 0x00, 0x00, 0x00, 0x00, 0x00, 0x00, 0x00, 0x00, 0x00, 0x00, 0x00, 0x00,
	0x00, 0x00, 0x00, 0x00, 0x00, 0x00, 0x00, 0x00, 0x00, 0x00, 0x00, 0x00, 0x00, 0x00, 0x00, 0x00,
	0x00, 0x00, 0x00, 0x00, 0x00, 0x00, 0x00, 0x00, 0x00, 0x00, 0x00, 0x00, 0x00, 0x00, 0x00, 0x00,
	0x00, 0x00, 0x00, 0x00, 0x00, 0x00, 0x00, 0x00, 0x00, 0x00, 0x00, 0x00, 0x00, 0x00, 0x00, 0x00,
	0x00, 0x00, 0x00, 0x00, 0x00, 0x00, 0x00, 0x00, 0x00, 0x00, 0x00, 0x00, 0x00, 0x00, 0x00, 0x00,
	0x00, 0x00, 0x00, 0x00, 0x00, 0x00, 0x00, 0x00, 0x00, 0x00, 0x00, 0x00, 0x00, 0x00, 0x00, 0x00,
	0x00, 0x00, 0x00, 0x00, 0x00, 0x00, 0x00, 0x00, 0x00, 0x00, 0x00, 0x00, 0x00, 0x00, 0x00, 0x00,
	0x00, 0x00, 0x00, 0x00, 0x00, 0x00, 0x00, 0x00, 0x00, 0x00, 0x00, 0x00, 0x00, 0x00, 0x00, 0x00,
	0x00, 0x00, 0x00, 0x00, 0x00, 0x00, 0x00, 0x00, 0x00, 0x00, 0x00, 0x00, 0x00, 0x00, 0x00, 0x00,
	0x00, 0x00, 0x00, 0x00, 0x00, 0x00, 0x00, 0x00, 0x00, 0x00, 0x00, 0x00, 0x00, 0x00, 0x00, 0x00,
	0x00, 0x00, 0x00, 0x00, 0x00, 0x00, 0x00, 0x00, 0x00, 0x00, 0x00, 0x00, 0x00, 0x00, 0x00, 0x00,
	0x00, 0x00, 0x00, 0x00, 0x00, 0x00, 0x00, 0x00, 0x00, 0x00, 0x00, 0x00, 0x00, 0x00, 0x00, 0x00,
	0x00, 0x00, 0x00, 0x00, 0x00, 0x00, 0x00, 0x00, 0x00, 0x00, 0x00, 0x00, 0x00, 0x00, 0x00, 0x00,
	0x00, 0x00, 0x00, 0x00, 0x00, 0x00, 0x00, 0x00, 0x00, 0x00, 0x00, 0x00, 0x00, 0x00, 0x00, 0x00,
	0x00, 0x00, 0x00, 0x00, 0x00, 0x00, 0x00, 0x00, 0x00, 0x00, 0x00, 0x00, 0x00, 0x00, 0x00, 0x00,
	0x00, 0x00, 0x00, 0x00, 0x00, 0x00, 0x00, 0x00, 0x00, 0x00, 0x00, 0x00, 0x00, 0x00, 0x00, 0x00,
	0x00, 0x00, 0x00, 0x00, 0x00, 0x00, 0x00, 0x00, 0x00, 0x00, 0x00, 0x00, 0x00, 0x00, 0x00, 0x00,
	0x00, 0x00, 0x00, 0x00, 0x00, 0x00, 0x00, 0x00, 0x00, 0x00, 0x00, 0x00, 0x00, 0x00, 0x00, 0x00,
	0x00, 0x00, 0x00, 0x00, 0x00, 0x00, 0x00, 0x00, 0x00, 0x00, 0x00, 0x00, 0x00, 0x00, 0x00, 0x00,
	0x00, 0x00, 0x00, 0x00, 0x00, 0x00, 0x00, 0x00, 0x00, 0x00, 0x00, 0x00, 0x00, 0x00, 0x00, 0x00,
	0x00, 0x00, 0x00, 0x00, 0x00, 0x00, 0x00, 0x00, 0x00, 0x00, 0x00, 0x00, 0x00, 0x00, 0x00, 0x00,
	0x00, 0x00, 0x00, 0x00, 0x00, 0x00, 0x00, 0x00, 0x00, 0x00, 0x00, 0x00, 0x00, 0x00, 0x00, 0x00,
	0x00, 0x00, 0x00, 0x00, 0x00, 0x00, 0x00, 0x00, 0x00, 0x00, 0x00, 0x00, 0x00, 0x00, 0x00, 0x00,
	0x00, 0x00, 0x00, 0x00, 0x00, 0x00, 0x00, 0x00, 0x00, 0x00, 0x00, 0x00, 0x00, 0x00, 0x00, 0x00,
	0x00, 0x00, 0x00, 0x00, 0x00, 0x00, 0x00, 0x00, 0x00, 0x00, 0x00, 0x00, 0x00, 0x00, 0x00, 0x00,
	0x00, 0x00, 0x00, 0x00, 0x00, 0x00, 0x00, 0x00, 0x00, 0x00, 0x00, 0x00, 0x00, 0x00, 0x00, 0x00,
	0x00, 0x00, 0x00, 0x00, 0x00, 0x00, 0x00, 0x00, 0x00, 0x00, 0x00, 0x00, 0x00, 0x00, 0x00, 0x00,
	0x00, 0x00, 0x00, 0x00, 0x00, 0x00, 0x00, 0x00, 0x00, 0x00, 0x00, 0x00, 0x00, 0x00, 0x00, 0x00,
	0x00, 0x00, 0x00, 0x00, 0x00, 0x00, 0x00, 0x00, 0x00, 0x00, 0x00, 0x00, 0x00, 0x00, 0x00, 0x00,
	0x00, 0x00, 0x00, 0x00, 0x00, 0x00, 0x00, 0x00, 0x00, 0x00, 0x00, 0x00, 0x00, 0x00, 0x00, 0x00,
	0x00, 0x00, 0x00, 0x00, 0x00, 0x00, 0x00, 0x00, 0x00, 0x00, 0x00, 0x00, 0x00, 0x00, 0x00, 0x00,
	0x00, 0x00, 0x00, 0x00, 0x00, 0x00, 0x00, 0x00, 0x00, 0x00, 0x00, 0x00, 0x00, 0x00, 0x00, 0x00,
	0x00, 0x00, 0x00, 0x00, 0x00, 0x00, 0x00, 0x00, 0x00, 0x00, 0x00, 0x00, 0x00, 0x00, 0x00, 0x00,
	0x00, 0x00, 0x00, 0x00, 0x00, 0x00, 0x00, 0x00, 0x00, 0x00, 0x00, 0x00, 0x00, 0x00, 0x00, 0x00,
	0x00, 0x00, 0x00, 0x00, 0x00, 0x00, 0x00, 0x00, 0x00, 0x00, 0x00, 0x00, 0x00, 0x00, 0x00, 0x00,
	0x00, 0x00, 0x00, 0x00, 0x00, 0x00, 0x00, 0x00, 0x00, 0x00, 0x00, 0x00, 0x00, 0x00, 0x00, 0x00,
	0x00, 0x00, 0x00, 0x00, 0x00, 0x00, 0x00, 0x00, 0x00, 0x00, 0x00, 0x00, 0x00, 0x00, 0x00, 0x00,
	0x00, 0x00, 0x00, 0x00, 0x00, 0x00, 0x00, 0x00, 0x00, 0x00, 0x00, 0x00, 0x00, 0x00, 0x00, 0x00,
	0x00, 0x00, 0x00, 0x00, 0x00, 0x00, 0x00, 0x00, 0x00, 0x00, 0x00, 0x00, 0x00, 0x00, 0x00, 0x00,
	0x00, 0x00, 0x00, 0x00, 0x00, 0x00, 0x00, 0x00, 0x00, 0x00, 0x00, 0x00, 0x00, 0x00, 0x00, 0x00,
	0x00, 0x00, 0x00, 0x00, 0x00, 0x00, 0x00, 0x00, 0x00, 0x00, 0x00, 0x00, 0x00, 0x00, 0x00, 0x00,
	0x00, 0x00, 0x00, 0x00, 0x00, 0x00, 0x00, 0x00, 0x00, 0x00, 0x00, 0x00, 0x00, 0x00, 0x00, 0x00,
	0x00, 0x00, 0x00, 0x00, 0x00, 0x00, 0x00, 0x00, 0x00, 0x00, 0x00, 0x00, 0x00, 0x00, 0x00, 0x00,
	0x00, 0x00, 0x00, 0x00, 0x00, 0x00, 0x00, 0x00, 0x00, 0x00, 0x00, 0x00, 0x00, 0x00, 0x00, 0x00,
	0x00, 0x00, 0x00, 0x00, 0x00, 0x00, 0x00, 0x00, 0x00, 0x00, 0x00, 0x00, 0x00, 0x00, 0x00, 0x00,
	0x00, 0x00, 0x00, 0x00, 0x00, 0x00, 0x00, 0x00, 0x00, 0x00, 0x00, 0x00, 0x00, 0x00, 0x00, 0x00,
	0x00, 0x00, 0x00, 0x00, 0x00, 0x00, 0x00, 0x00, 0x00, 0x00, 0x00, 0x00, 0x00, 0x00, 0x00, 0x00,
	0x00, 0x00, 0x00, 0x00, 0x00, 0x00, 0x00, 0x00, 0x00, 0x00, 0x00, 0x00, 0x00, 0x00, 0x00, 0x00,
	0x00, 0x00, 0x00, 0x00, 0x00, 0x00, 0x00, 0x00, 0x00, 0x00, 0x00, 0x00, 0x00, 0x00, 0x00, 0x00,
	0x00, 0x00, 0x00, 0x00, 0x00, 0x00, 0x00, 0x00, 0x00, 0x00, 0x00, 0x00, 0x00, 0x00, 0x00, 0x00,
	0x00, 0x00, 0x00, 0x00, 0x00, 0x00, 0x00, 0x00, 0x00, 0x00, 0x00, 0x00, 0x00, 0x00, 0x00, 0x00,
	0x00, 0x00, 0x00, 0x00, 0x00, 0x00, 0x00, 0x00, 0x00, 0x00, 0x00, 0x00, 0x00, 0x00, 0x00, 0x00,
	0x00, 0x00, 0x00, 0x00, 0x00, 0x00, 0x00, 0x00, 0x00, 0x00, 0x00, 0x00, 0x00, 0x00, 0x00, 0x00,
	0x00, 0x00, 0x00, 0x00, 0x00, 0x00, 0x00, 0x00, 0x00, 0x00, 0x00, 0x00, 0x00, 0x00, 0x00, 0x00,
	0x00, 0x00, 0x00, 0x00, 0x00, 0x00, 0x00, 0x00, 0x00, 0x00, 0x00, 0x00, 0x00, 0x00, 0x00, 0x00,
	0x00, 0x00, 0x00, 0x00, 0x00, 0x00, 0x00, 0x00, 0x00, 0x00, 0x00, 0x00, 0x00, 0x00, 0x00, 0x00,
	0x00, 0x00, 0x00, 0x00, 0x00, 0x00, 0x00, 0x00, 0x00, 0x00, 0x00, 0x00, 0x00, 0x00, 0x00, 0x00,
	0x00, 0x00, 0x00, 0x00, 0x00, 0x00, 0x00, 0x00, 0x00, 0x00, 0x00, 0x00, 0x00, 0x00, 0x00, 0x00,
	0x00, 0x00, 0x00, 0x00, 0x00, 0x00, 0x00, 0x00, 0x00, 0x00, 0x00, 0x00, 0x00, 0x00, 0x00, 0x00,
	0x00, 0x00, 0x00, 0x00, 0x00, 0x00, 0x00, 0x00, 0x00, 0x00, 0x00, 0x00, 0x00, 0x00, 0x00, 0x00,
	0x00, 0x00, 0x00, 0x00, 0x00, 0x00, 0x00, 0x00, 0x00, 0x00, 0x00, 0x00, 0x00, 0x00, 0x00, 0x00,
	0x00, 0x00, 0x00, 0x00, 0x00, 0x00, 0x00, 0x00, 0x00, 0x00, 0x00, 0x00, 0x00, 0x00, 0x00, 0x00,
	0x00, 0x00, 0x00, 0x00, 0x00, 0x00, 0x00, 0x00, 0x00, 0x00, 0x00, 0x00, 0x00, 0x00, 0x00, 0x00,
	0x00, 0x00, 0x00, 0x00, 0x00, 0x00, 0x00, 0x00, 0x00, 0x00, 0x00, 0x00, 0x00, 0x00, 0x00, 0x00,
	0x00, 0x00, 0x00, 0x00, 0x00, 0x00, 0x00, 0x00, 0x00, 0x00, 0x00, 0x00, 0x00, 0x00, 0x00, 0x00,
	0x00, 0x00, 0x00, 0x00, 0x00, 0x00, 0x00, 0x00, 0x00, 0x00, 0x00, 0x00, 0x00, 0x00, 0x00, 0x00,
	0x00, 0x00, 0x00, 0x00, 0x00, 0x00, 0x00, 0x00, 0x00, 0x00, 0x00, 0x00, 0x00, 0x00, 0x00, 0x00,
	0x00, 0x00, 0x00, 0x00, 0x00, 0x00, 0x00, 0x00, 0x00, 0x00, 0x00, 0x00, 0x00, 0x00, 0x00, 0x00,
	0x00, 0x00, 0x00, 0x00, 0x00, 0x00, 0x00, 0x00, 0x00, 0x00, 0x00, 0x00, 0x00, 0x00, 0x00, 0x00,
	0x00, 0x00, 0x00, 0x00, 0x00, 0x00, 0x00, 0x00, 0x00, 0x00, 0x00, 0x00, 0x00, 0x00, 0x00, 0x00,
	0x00, 0x00, 0x00, 0x00, 0x00, 0x00, 0x00, 0x00, 0x00, 0x00, 0x00, 0x00, 0x00, 0x00, 0x00, 0x00,
	0x00, 0x00, 0x00, 0x00, 0x00, 0x00, 0x00, 0x00, 0x00, 0x00, 0x00, 0x00, 0x00, 0x00, 0x00, 0x00,
	0x00, 0x00, 0x00, 0x00, 0x00, 0x00, 0x00, 0x00, 0x00, 0x00, 0x00, 0x00, 0x00, 0x00, 0x00, 0x00
};

